,location,Cases,deaths,new_vaccinations,hosp_patients,median_age,extreme_poverty,male_smokers,female_smokers,total_smokers,diabetes_prevalence,population,population_density,life_expectancy
0,Mali,34.58985200845666,0.7876857749469215,0.0,0.0,16.39999999999975,0.0,23.0,1.5999999999999814,12.29999999999999,2.420000000000032,21904983.0,15.19599999999992,59.30999999999936
1,Liberia,8.52310924369748,0.3144385026737968,5044.5,0.0,19.200000000000344,38.599999999999305,18.10000000000017,1.5,9.800000000000084,2.4200000000000323,5193416.0,49.127000000000365,64.099999999999
2,Somalia,28.52041884816754,1.4629430719656284,5327.428571428572,0.0,16.79999999999971,0.0,0.0,0.0,0.0,6.0500000000001055,17065581.0,23.5,57.400000000000944
3,Nicaragua,15.930672268907562,0.2611464968152866,0.0,0.0,27.299999999999542,3.199999999999962,0.0,0.0,0.0,11.4699999999999,6850540.0,51.66700000000079,74.480000000001
4,Madagascar,70.22421052631579,1.58006718924972,13544.0,0.0,19.600000000000048,77.59999999999975,0.0,0.0,0.0,3.940000000000047,28915653.0,43.9510000000004,67.04000000000075
5,Syria,60.43624868282402,3.357749469214437,51211.5,0.0,21.700000000000387,0.0,0.0,0.0,0.0,0.0,21324367.0,0.0,72.69999999999871
6,Central African Republic,15.96234309623431,0.1273957158962796,12887.0,0.0,18.299999999999677,0.0,0.0,0.0,0.0,6.100000000000064,5457154.0,7.47900000000007,53.279999999999305
7,Guinea,39.71503131524008,0.492972972972973,21731.602739726026,0.0,19.0,35.29999999999959,0.0,0.0,0.0,2.4200000000000323,13531906.0,51.754999999999335,61.59999999999902
8,Eritrea,10.723157894736842,0.15281899109792285,0.0,0.0,19.299999999999656,0.0,11.3999999999998,0.19999999999999762,5.799999999999899,6.0500000000001055,3620312.0,44.30399999999928,66.31999999999974
9,Haiti,35.62736842105263,0.9206008583690987,2438.4117647058824,0.0,24.299999999999578,23.5,23.099999999999824,2.9000000000000514,12.999999999999938,6.649999999999913,11447569.0,398.447999999994,64.0
10,Angola,108.44479495268139,2.0403825717322,0.0,0.0,16.79999999999971,0.0,0.0,0.0,0.0,3.940000000000047,34503774.0,23.889999999999677,61.15000000000097
11,Cote d'Ivoire,91.50573514077163,0.8779193205944799,13325.78947368421,0.0,18.700000000000337,28.200000000000465,0.0,0.0,0.0,2.4200000000000323,27478249.0,76.39899999999969,57.77999999999927
12,Low income,2303.2047082906856,48.83725690890481,373734.8727569331,0.0,0.0,0.0,0.0,0.0,0.0,0.0,701926970.0,0.0,0.0
13,Uganda,178.79852320675104,4.412621359223301,11556.983606557376,0.0,16.39999999999975,41.599999999999255,16.700000000000287,3.4000000000000568,10.050000000000171,2.5,45853778.0,213.7589999999981,63.37000000000101
14,Ethiopia,515.5584551148226,8.098395721925133,94846.15226337449,0.0,19.799999999999642,26.700000000000454,8.5,0.39999999999999514,4.4499999999999975,7.470000000000058,120283026.0,104.95699999999871,66.59999999999899
15,Congo,25.980125523012553,0.4450373532550694,1486.0,0.0,19.0,37.0,52.300000000000665,1.7000000000000286,27.000000000000348,7.199999999999882,5835806.0,15.405000000000244,64.56999999999974
16,Guinea-Bissau,9.35306553911205,0.1925601750547046,1658.0,0.0,19.399999999999928,67.09999999999899,0.0,0.0,0.0,2.420000000000032,2060721.0,66.19099999999926,58.31999999999974
17,Malawi,93.89445628997868,2.8756698821007505,6316.547738693467,0.0,18.10000000000019,71.40000000000086,24.700000000000426,4.400000000000059,14.550000000000242,3.940000000000047,19889742.0,197.5190000000002,64.26000000000056
18,Cameroon,128.3790238836968,2.0762711864406778,5145.0,0.0,18.79999999999966,23.799999999999578,0.0,0.0,0.0,7.199999999999881,27198628.0,50.885000000000204,59.29000000000074
19,Togo,40.718134715025904,0.3072033898305085,0.0,0.0,19.399999999999963,49.199999999999456,14.200000000000218,0.8999999999999851,7.550000000000101,6.149999999999932,8644829.0,143.36599999999854,61.040000000000745
20,Papua New Guinea,47.798947368421054,0.8146341463414634,0.0,0.0,22.59999999999985,0.0,48.800000000000495,23.5,36.15000000000025,17.649999999999782,9949437.0,18.21999999999979,64.5
21,Egypt,522.9665314401623,25.75077881619938,215749.9,0.0,25.299999999999553,1.299999999999976,50.09999999999911,0.19999999999999732,25.149999999999554,17.309999999999892,109262178.0,97.99899999999987,71.9899999999998
22,Gambia,13.229800629590766,0.3924050632911392,429.0,0.0,17.5,10.10000000000018,31.20000000000049,0.7000000000000045,15.950000000000246,1.91000000000003,2639916.0,207.56599999999898,62.05000000000101
23,Afghanistan,207.9229979466119,8.248945147679326,4714.4,0.0,18.600000000000087,0.0,0.0,0.0,0.0,9.590000000000105,40099462.0,54.421999999999116,64.83000000000128
24,Ghana,178.79769392033543,1.5368421052631578,45237.5,0.0,21.099999999999934,12.0,7.699999999999878,0.3000000000000054,3.9999999999999414,4.969999999999959,32833031.0,126.71899999999813,64.06999999999974
25,Senegal,91.51599587203302,2.127001067235859,5412.081967213115,0.0,18.70000000000034,38.0,16.600000000000254,0.39999999999999486,8.500000000000124,2.420000000000033,16876720.0,82.32799999999972,67.9400000000009
26,Algeria,277.75384615384615,7.175182481751825,56928.666666666664,0.0,29.099999999999532,0.5,30.40000000000051,0.7000000000000054,15.550000000000258,6.729999999999846,44177969.0,17.348000000000013,76.87999999999958
27,Kenya,353.7661795407098,6.008465608465609,53176.004784688994,0.0,20.0,36.79999999999975,20.40000000000003,1.2000000000000217,10.800000000000026,2.92000000000004,53005614.0,87.32399999999885,66.69999999999884
28,Pakistan,1613.105641025641,32.12906610703043,615943.0845070423,0.0,23.5,4.0,36.70000000000022,2.8000000000000216,19.75000000000012,8.350000000000149,231402116.0,255.5730000000025,67.2699999999986
29,Uzbekistan,255.77719665271965,1.7341101694915255,243985.03225806452,0.0,28.200000000000465,0.0,24.70000000000043,1.2999999999999767,13.000000000000203,7.569999999999914,34081449.0,76.13399999999933,71.72000000000081
30,Mozambique,243.08755274261603,2.5583238958097394,295812.0,0.0,17.70000000000031,62.900000000000986,29.09999999999956,5.100000000000001,17.09999999999978,3.300000000000042,32077072.0,37.727999999999675,60.849999999999035
31,Cambodia,137.4292828685259,5.136134453781513,90081.33580246914,0.0,25.599999999999635,0.0,33.7000000000004,2.0,17.8500000000002,4.0,16589023.0,90.67200000000096,69.8200000000002
32,Africa,12528.197568389058,260.1043566362715,1028100.2953846154,0.0,0.0,0.0,0.0,0.0,0.0,0.0,1392394303.0,0.0,0.0
33,Rwanda,138.68410041841005,1.6670454545454545,32880.142857142855,0.0,20.299999999999635,56.0,21.0,4.699999999999916,12.849999999999959,4.280000000000088,13461888.0,494.8690000000051,69.01999999999863
34,Comoros,9.550660792951541,0.18070953436807094,0.0,0.0,20.399999999999945,18.100000000000247,23.599999999999852,4.400000000000063,13.999999999999957,11.879999999999876,821626.0,437.3520000000088,64.31999999999974
35,Equatorial Guinea,18.073298429319372,0.19934640522875818,639.0,0.0,22.400000000000148,0.0,0.0,0.0,0.0,7.779999999999934,1634466.0,45.194000000000514,58.73999999999956
36,Myanmar,668.4947033898305,20.74653887113951,3800.0,0.0,29.099999999999564,6.399999999999927,35.200000000000465,6.300000000000107,20.750000000000284,4.61000000000002,53798084.0,81.72100000000002,67.1299999999989
37,Bangladesh,2112.9065420560746,30.86673662119622,697091.3389830509,0.0,27.5,14.799999999999763,44.6999999999997,1.0,22.84999999999985,8.380000000000093,169356251.0,1265.0359999999991,72.58999999999821
38,Mauritania,66.26778242677824,1.0595111583421892,4931.8,0.0,20.299999999999635,6.0,0.0,0.0,0.0,2.4200000000000323,4614974.0,4.289000000000101,64.91999999999874
39,Djibouti,16.46379853095488,0.2032258064516129,12179.0,0.0,25.400000000000293,22.5,24.5,1.7000000000000286,13.100000000000014,6.0500000000001055,1105557.0,41.28500000000048,67.11000000000048
40,Lesotho,38.450390189520625,0.8404761904761905,0.0,0.0,22.200000000000376,59.59999999999907,53.90000000000087,0.39999999999999636,27.150000000000436,3.9400000000000466,2281454.0,73.56199999999949,54.330000000001135
41,Zimbabwe,271.47263157894736,5.913502109704641,23030.68656716418,0.0,19.600000000000048,21.400000000000077,30.700000000000486,1.599999999999981,16.150000000000233,1.819999999999987,15993524.0,42.728999999999516,61.4899999999995
42,Zambia,350.09863588667366,4.282515991471215,18375.87591240876,0.0,17.700000000000312,57.5,24.70000000000043,3.0999999999999464,13.900000000000187,3.940000000000047,19473125.0,22.995000000000008,63.88999999999952
43,Timor,24.583333333333332,0.24253075571177504,7881.0,0.0,18.0,30.299999999999518,78.09999999999977,6.300000000000108,42.19999999999994,6.859999999999904,1320942.0,87.17600000000107,69.5
44,Venezuela,570.1828631138976,6.178154825026511,0.0,0.0,29.0,0.0,0.0,0.0,0.0,6.470000000000027,28199866.0,36.253000000000235,72.05999999999905
45,Gabon,51.218848167539264,0.3217665615141956,1486.0,0.0,23.099999999999813,3.400000000000057,0.0,0.0,0.0,7.199999999999882,2341179.0,7.859000000000143,66.4700000000008
46,Saudi Arabia,847.5190918472653,9.926082365364309,166363.5386819484,0.0,31.900000000000546,0.0,25.400000000000315,1.7999999999999703,13.600000000000142,17.719999999999782,35950396.0,15.322000000000092,75.12999999999943
47,Indonesia,6685.985552115583,165.103125,808177.9217603912,0.0,29.29999999999952,5.699999999999898,76.09999999999974,2.8000000000000203,39.44999999999988,6.319999999999951,273753191.0,145.72500000000264,71.72000000000082
48,Kiribati,6.52851711026616,0.05,0.0,0.0,23.200000000000156,0.0,58.90000000000055,35.89999999999997,47.40000000000026,22.659999999999886,128874.0,143.70100000000062,68.36999999999993
49,Sao Tome and Principe,6.719185423365488,0.08920704845814978,0.0,0.0,18.700000000000326,32.29999999999951,0.0,0.0,0.0,2.4200000000000315,223107.0,212.84099999999538,70.38999999999952
50,Lower middle income,95023.2903865213,1318.6144697720515,7192405.952086553,0.0,0.0,0.0,0.0,0.0,0.0,0.0,3363196660.0,0.0,0.0
51,Laos,228.55602536997887,1.4186915887850466,35620.754385964916,0.0,24.40000000000024,22.7000000000004,51.1999999999994,7.300000000000119,29.24999999999976,4.0,7425058.0,29.71500000000013,67.91999999999871
52,Solomon Islands,28.961021505376344,0.5620437956204379,0.0,0.0,20.799999999999724,25.100000000000044,0.0,0.0,0.0,18.680000000000184,707851.0,21.841000000000243,73.0
53,Sri Lanka,668.3565737051792,17.79003181336161,100266.42686567164,0.0,34.09999999999936,0.7000000000000065,27.0,0.30000000000000565,13.650000000000002,10.68000000000015,21773441.0,341.95499999999953,76.98000000000057
54,Kyrgyzstan,216.5781741867786,3.6688034188034186,6216.055555555556,0.0,26.299999999999557,1.4000000000000088,50.5,3.599999999999941,27.04999999999997,7.1099999999998955,6527743.0,32.3329999999995,71.44999999999874
55,India,44647.039,544.4822546972861,3438957.914893617,0.0,28.200000000000475,21.200000000000397,20.599999999999905,1.9000000000000334,11.24999999999997,10.389999999999988,1407563842.0,450.4189999999954,69.66000000000179
56,El Salvador,212.27865404837013,4.5,53378.88172043011,0.0,27.59999999999961,2.2000000000000273,18.799999999999667,2.5,10.649999999999833,8.869999999999933,6314167.0,307.8109999999934,73.32000000000018
57,Nepal,995.5462686567164,13.44407158836689,81009.31443298969,0.0,25.0,15.0,37.79999999999996,9.5,23.64999999999998,7.260000000000154,30034989.0,204.42999999999532,70.77999999999916
58,Morocco,1305.9618163054695,16.9417273673257,187712.68493150684,0.0,29.599999999999497,1.0,47.09999999999915,0.7999999999999889,23.94999999999957,7.140000000000114,37076584.0,80.08000000000136,76.67999999999925
59,Philippines,4006.599198396794,64.14759036144578,426459.6153846154,0.0,25.200000000000447,0.0,40.80000000000016,7.800000000000126,24.300000000000143,7.069999999999919,113880328.0,351.87300000000386,71.23000000000097
60,Vanuatu,16.798319327731093,0.02527075812274368,0.0,0.0,23.100000000000243,13.199999999999985,34.5,2.7999999999999683,18.649999999999984,12.02000000000022,319136.0,22.662000000000173,70.47000000000068
61,Asia,185729.34985133796,1469.8097125867196,12975910.133333333,0.0,0.0,0.0,0.0,0.0,0.0,0.0,4693235454.0,0.0,0.0
62,Honduras,478.0418410041841,11.841489361702127,32718.0,0.0,24.900000000000283,16.0,0.0,2.0,2.0,7.210000000000033,10278346.0,82.80499999999898,75.2699999999991
63,Jamaica,158.26145833333334,3.4873949579831933,3076.233695652174,0.0,31.400000000000528,0.0,28.599999999999564,5.300000000000096,16.94999999999983,11.280000000000095,2827694.0,266.8789999999937,74.47000000000084
64,Upper middle income,136654.1853320119,2454.331020812686,7875651.891851852,0.0,0.0,0.0,0.0,0.0,0.0,0.0,2501427940.0,0.0,0.0
65,Mexico,7329.1,341.0432489451477,444550.7168141593,0.0,29.299999999999507,2.5,21.400000000000183,6.899999999999882,14.150000000000032,13.05999999999991,126705138.0,66.44400000000148,75.05000000000146
66,Iraq,2526.9476386036963,26.223371251292658,13414.0,0.0,20.0,2.5,0.0,0.0,0.0,8.829999999999938,43533592.0,88.125,70.59999999999931
67,Ecuador,1061.4854166666667,24.36649214659686,66170.92700729927,0.0,28.099999999999575,3.5999999999999406,12.29999999999986,2.0,7.14999999999993,5.5500000000001,17797737.0,66.93899999999893,77.00999999999993
68,Dominican Republic,667.2216494845361,4.59538784067086,28428.254582484726,0.0,27.599999999999593,1.5999999999999797,19.100000000000055,8.5,13.800000000000027,8.199999999999873,11117874.0,222.87299999999894,74.08000000000132
69,Eswatini,76.82967607105539,1.5389610389610389,9230.416666666666,0.0,21.5,0.0,16.5,1.7000000000000286,9.100000000000014,3.940000000000047,1192271.0,79.49199999999877,60.19000000000068
70,Guatemala,1189.385579937304,20.839622641509433,41370.15030674847,0.0,22.900000000000208,8.699999999999909,0.0,0.0,0.0,10.180000000000144,17608483.0,157.83400000000194,74.30000000000138
71,Wallis and Futuna,1.0311653116531165,0.011965811965811967,0.0,0.0,0.0,0.0,0.0,0.0,0.0,0.0,11627.0,0.0,79.94000000000072
72,Thailand,4685.181455633101,34.1583850931677,244797.31923076924,0.0,40.09999999999923,0.09999999999999848,38.8000000000001,1.900000000000035,20.350000000000065,7.039999999999967,71601103.0,135.13199999999927,77.14999999999985
73,Namibia,179.40251572327045,4.869928400954654,2153.293577981651,0.0,22.0,13.399999999999773,34.200000000000514,9.699999999999973,21.950000000000244,3.940000000000047,2530151.0,3.077999999999977,63.70999999999925
74,South Africa,4153.575129533679,108.78762006403416,52539.380319148935,6145.780986762937,27.29999999999953,18.89999999999996,33.200000000000486,8.100000000000145,20.650000000000315,5.520000000000097,59392255.0,46.75400000000065,64.1299999999989
75,Samoa,22.5225988700565,0.13875598086124402,0.0,0.0,22.0,0.0,38.09999999999958,16.700000000000134,27.399999999999856,9.210000000000033,218764.0,69.41300000000034,73.31999999999974
76,Fiji,71.69852941176471,1.0771113831089352,28295.0,0.0,28.599999999999522,1.4000000000000128,34.79999999999969,10.20000000000004,22.499999999999865,14.489999999999814,924610.0,49.56199999999989,67.44000000000092
77,Libya,535.4107708553327,6.8729989327641405,8360.625,0.0,29.0,0.0,0.0,0.0,0.0,10.430000000000144,6735277.0,3.6230000000000393,72.9100000000018
78,World,621755.3349851338,6487.223984142715,18688241.309593022,0.0,30.900000000000553,10.0,34.634999999999465,6.434000000000128,20.534499999999795,8.510000000000165,7909295152.0,58.044999999998765,72.58000000000135
79,Kazakhstan,1616.0983263598325,20.501590668080595,68336.92307692308,0.0,30.5999999999995,0.09999999999999878,43.09999999999923,7.0,25.049999999999613,7.109999999999895,19196465.0,6.680999999999873,73.59999999999945
80,Azerbaijan,849.421052631579,10.376826722338205,28814.698924731183,0.0,32.40000000000056,0.0,42.5,0.30000000000000543,21.400000000000002,7.109999999999892,10312992.0,119.30899999999775,73.0
81,Bhutan,64.59170984455959,0.0319634703196347,12676.95588235294,0.0,28.599999999999557,1.5,0.0,0.0,0.0,9.75,777486.0,21.187999999999736,71.77999999999918
82,Iran,7703.388379204893,147.35881753312947,248053.2891566265,0.0,32.400000000000574,0.19999999999999735,21.0999999999999,0.7999999999999894,10.949999999999944,9.590000000000105,87923432.0,49.830999999998916,76.67999999999934
83,Oman,409.0,4.536741214057508,1668.7435897435898,0.0,30.700000000000493,0.0,15.600000000000248,0.5,8.050000000000125,12.610000000000099,4520471.0,14.97999999999969,77.8600000000005
84,Guyana,74.57828810020877,1.3357664233576643,4290.058823529412,0.0,26.299999999999553,0.0,0.0,0.0,0.0,11.620000000000141,804567.0,3.9520000000001025,69.91000000000172
85,Bahamas,39.21593291404612,0.8871139510117146,3086.0,0.0,34.299999999999486,0.0,20.400000000000016,3.0999999999999464,11.749999999999982,13.170000000000066,407906.0,39.49700000000003,73.91999999999868
86,Bolivia,1155.5302083333333,23.60828025477707,24729.348047538202,703.7576335877862,25.400000000000304,7.100000000000107,0.0,0.0,0.0,6.890000000000099,12079472.0,10.202000000000028,71.5100000000004
87,Tunisia,1188.3160621761658,30.768664563617246,31304.879120879123,0.0,32.70000000000051,2.0,65.80000000000115,1.100000000000012,33.45000000000058,8.520000000000211,12262946.0,74.22800000000123,76.69999999999861
88,Antigua and Barbuda,9.527196652719665,0.1564844587352626,841.2,0.0,32.099999999999454,0.0,0.0,0.0,0.0,13.170000000000066,93220.0,231.84500000000105,77.0199999999992
89,Cuba,1158.7872784150156,8.961134453781513,81578.63595505618,0.0,43.09999999999923,0.0,53.300000000000715,17.100000000000257,35.200000000000486,8.270000000000202,11256372.0,110.40799999999923,78.80000000000142
90,Saint Vincent and the Grenadines,11.507322175732218,0.17846153846153845,504.27272727272725,0.0,31.799999999999503,0.0,0.0,0.0,0.0,11.620000000000141,104332.0,281.7870000000045,72.52999999999919
91,Belarus,1022.6718106995885,7.572340425531915,0.0,0.0,40.30000000000005,0.0,46.09999999999917,10.5,28.299999999999585,5.179999999999996,9578168.0,46.85800000000016,74.79000000000005
92,Cape Verde,65.61198738170347,0.43446088794926,3731.0,0.0,25.70000000000044,0.0,16.5,2.0999999999999637,9.299999999999981,2.420000000000032,587925.0,135.58000000000152,72.9800000000011
93,Paraguay,749.089770354906,20.60778128286015,21670.450261780104,0.0,26.5,1.7000000000000288,21.59999999999989,5.0,13.299999999999946,8.270000000000204,6703799.0,17.144000000000148,74.25
94,United Arab Emirates,1033.9790419161677,2.4689800210304944,60840.0664652568,0.0,34.0,0.0,37.40000000000071,1.2000000000000226,19.300000000000367,17.260000000000094,9365144.0,112.4419999999987,77.97000000000087
95,Vietnam,10874.684890656064,52.831089351285186,426162.4285714286,0.0,32.5999999999994,2.0,45.90000000000085,1.0,23.450000000000426,6.0,97468028.0,308.1269999999985,75.40000000000008
96,Canada,4343.505964214712,48.76538060479666,135871.65680473374,2858.0397849462365,41.40000000000079,0.5,16.600000000000218,12.0,14.300000000000109,7.369999999999907,38155012.0,4.036999999999916,82.42999999999873
97,Albania,345.9948024948025,3.7427083333333333,8242.389534883721,0.0,38.0,1.1000000000000112,51.199999999999335,7.100000000000111,29.14999999999972,10.079999999999938,2854710.0,104.87099999999926,78.57000000000077
98,Trinidad and Tobago,193.21443514644352,4.49154334038055,3762.60447761194,0.0,36.20000000000033,0.0,0.0,0.0,0.0,10.96999999999992,1525663.0,266.8859999999987,73.51000000000026
99,Bosnia and Herzegovina,413.8830227743271,17.079113924050635,46931.0,0.0,42.5,0.19999999999999749,47.69999999999952,30.200000000000486,38.95,10.079999999999938,3270943.0,68.4959999999993,77.40000000000018
100,Colombia,6578.9030239833155,149.44889357218125,197216.89019607843,0.0,32.2000000000005,4.5,13.5,4.699999999999915,9.099999999999957,7.439999999999856,51516562.0,44.22300000000023,77.28999999999988
101,Peru,4315.750778816199,226.21621621621622,136978.77741935482,0.0,29.099999999999543,3.5,0.0,4.800000000000087,4.800000000000087,5.9499999999998945,33715472.0,25.129000000000513,76.74000000000001
102,Botswana,346.80552603613177,2.9680851063829787,10435.0,0.0,25.799999999999564,0.0,34.40000000000059,5.6999999999999,20.050000000000246,4.809999999999995,2588423.0,4.043999999999962,69.58999999999831
103,Ukraine,5785.889462809917,123.04592901878914,88628.86797752809,0.0,41.40000000000076,0.09999999999999873,47.400000000000844,13.5,30.450000000000422,7.109999999999893,43531422.0,77.3899999999995,72.05999999999904
104,Suriname,84.83281086729363,1.4834578441835646,2119.4074074074074,0.0,29.599999999999532,0.0,42.90000000000077,7.399999999999883,25.15000000000033,12.540000000000253,612984.0,3.6120000000000525,71.67999999999995
105,Palestine,729.2676348547718,6.04021164021164,13126.24,0.0,20.40000000000003,1.0,0.0,0.0,0.0,10.590000000000108,5133392.0,778.2020000000099,74.05000000000135
106,Saint Kitts and Nevis,6.921775898520084,0.0925553319919517,936.1428571428571,0.0,0.0,0.0,0.0,0.0,0.0,12.840000000000115,47606.0,212.86499999999822,76.23000000000091
107,Turks and Caicos Islands,6.825902335456475,0.038502673796791446,0.0,0.0,0.0,0.0,0.0,0.0,0.0,0.0,45114.0,37.31200000000062,80.22000000000084
108,Russia,21089.873,401.1764705882353,411442.5525606469,0.0,39.59999999999925,0.09999999999999859,58.300000000000985,23.400000000000258,40.85000000000062,6.180000000000051,145102755.0,8.82300000000015,72.58000000000133
109,Malaysia,4863.465671641791,38.279118572927594,118513.42200328407,3214.6927138331575,29.900000000000524,0.09999999999999856,42.400000000000794,1.0,21.700000000000397,16.739999999999863,33573874.0,96.25400000000073,76.16000000000194
110,South America,65592.73006134969,1337.2474437627811,1394715.1921921922,0.0,0.0,0.0,0.0,0.0,0.0,0.0,433956670.0,0.0,0.0
111,Tonga,44.578512396694215,0.05240174672489083,0.0,0.0,22.29999999999984,0.0,44.40000000000031,11.800000000000114,28.100000000000215,15.42000000000006,106017.0,150.02800000000033,70.91000000000048
112,Kosovo,284.380355276907,3.3776371308016877,3738.941011235955,0.0,0.0,0.6000000000000107,0.0,0.0,0.0,0.0,1782115.0,168.15499999999898,0.0
113,Kuwait,680.1510791366907,2.7414529914529915,11878.666666666666,0.0,33.70000000000049,0.0,37.0,2.6999999999999846,19.84999999999999,15.84000000000012,4250114.0,232.12799999999748,75.49
114,Jordan,1806.7290589451914,14.959745762711865,29293.253424657534,0.0,23.200000000000415,0.09999999999999873,0.0,0.0,0.0,11.75,11148278.0,109.28500000000237,74.52999999999916
115,Grenada,20.68354430379747,0.3580060422960725,231.8,0.0,29.40000000000045,0.0,0.0,0.0,0.0,10.709999999999857,124610.0,317.13200000000256,72.40000000000072
116,Armenia,459.81404958677683,9.224576271186441,0.0,0.0,35.700000000000244,1.7999999999999698,52.099999999999085,1.5,26.799999999999542,7.109999999999886,2790974.0,102.93099999999797,75.0899999999981
117,Brazil,35738.54685890834,722.6785714285714,798878.316254417,0.0,33.5,3.4000000000000576,17.899999999999846,10.100000000000184,14.000000000000014,8.109999999999864,214326223.0,25.040000000000568,75.87999999999951
118,North Macedonia,353.53340184994863,10.086497890295359,10892.258823529412,0.0,39.099999999999284,5.0,0.0,0.0,0.0,10.079999999999938,2103330.0,82.60000000000025,75.80000000000139
119,Saint Lucia,30.96760710553814,0.5670391061452514,286.5108695652174,0.0,34.90000000000061,0.0,0.0,0.0,0.0,11.620000000000141,179652.0,293.18700000000206,76.19999999999862
120,Poland,6553.833505687694,123.12095933263817,82019.8092369478,9756.670781893004,41.80000000000013,0.0,33.09999999999942,23.299999999999585,28.199999999999502,5.909999999999919,38307726.0,124.02700000000111,78.73000000000066
121,Romania,3372.6036960985625,70.77871443624868,31760.29867674858,5336.880398671096,43.0,5.699999999999897,37.09999999999932,22.900000000000198,29.99999999999976,9.739999999999831,19328560.0,85.12900000000073,76.0500000000014
122,Belize,72.7246835443038,0.7414163090128756,2272.074074074074,0.0,25.0,0.0,0.0,0.0,0.0,17.110000000000216,400031.0,16.425999999999842,74.62000000000072
123,Qatar,481.0422245108136,0.7253446447507953,15916.42441860465,0.0,31.90000000000055,0.0,26.90000000000038,0.7999999999999897,13.850000000000184,16.52000000000032,2688235.0,227.3219999999942,80.23000000000054
124,Japan,21959.448412698413,47.13272543059777,558605.8694915255,10566.553846153845,48.1999999999994,0.0,33.70000000000039,11.200000000000108,22.450000000000248,5.720000000000011,124612530.0,347.7779999999953,84.6300000000002
125,Bulgaria,1325.8203530633436,39.43020833333333,7454.911413969336,2960.965628356606,44.6999999999997,1.5,44.400000000000794,30.09999999999951,37.250000000000156,5.810000000000072,6885868.0,65.18000000000026,75.05000000000135
126,Turkey,16784.58081334724,106.08280922431865,244112.84690553747,0.0,31.59999999999947,0.19999999999999754,41.099999999999255,14.100000000000232,27.599999999999746,12.129999999999828,84775404.0,104.9140000000007,77.69000000000105
127,North America,114342.82656095143,1504.8969276511398,1609657.5598227475,0.0,0.0,0.0,0.0,0.0,0.0,0.0,596315269.0,0.0,0.0
128,Moldova,616.6798336798337,11.885383806519453,6394.712918660287,0.0,37.599999999999326,0.1999999999999975,44.599999999999206,5.899999999999945,25.249999999999574,5.72,3061506.0,123.65499999999905,71.90000000000066
129,Micronesia (country),35.401869158878505,0.5851063829787234,0.0,0.0,23.0,16.0,0.0,0.0,0.0,12.020000000000197,113131.0,150.77700000000092,67.8799999999996
130,Mauritius,279.7114164904863,1.0909090909090908,35153.0,0.0,37.40000000000067,0.5,40.69999999999998,3.1999999999999615,21.94999999999997,22.020000000000344,1298915.0,622.9620000000065,74.98999999999984
131,Greenland,12.549266247379455,0.07260726072607261,610.3661971830986,0.0,0.0,0.0,0.0,0.0,0.0,2.1600000000000343,56243.0,0.13700000000000043,71.69999999999874
132,Argentina,10069.99585492228,134.9730010384216,165164.13533834586,0.0,31.9000000000006,0.6000000000000116,27.70000000000048,16.20000000000031,21.950000000000394,5.5,45276780.0,16.176999999999772,76.66999999999864
133,Dominica,16.660337552742615,0.1716937354988399,802.125,0.0,0.0,0.0,0.0,0.0,0.0,11.620000000000136,72412.0,98.56699999999935,75.0
134,Lebanon,1244.400408580184,11.136316337148804,13268.684754521964,0.0,31.099999999999465,0.0,40.6999999999999,26.90000000000039,33.800000000000146,12.709999999999724,5592631.0,594.5609999999901,78.92999999999917
135,Malta,119.7435098650052,0.8700322234156821,2096.666131621188,34.03188405797101,42.40000000000077,0.19999999999999749,30.200000000000486,20.900000000000066,25.550000000000274,8.829999999999938,526748.0,1454.0370000000098,82.52999999999913
136,Costa Rica,1175.4107883817428,9.457413249211356,0.0,0.0,33.59999999999941,1.2999999999999765,17.399999999999785,6.3999999999999195,11.899999999999853,8.77999999999994,5153957.0,96.07899999999889,80.27999999999915
137,Hungary,2214.59462254395,50.14435146443515,65168.535433070865,2830.9075738125803,43.40000000000079,0.5,34.79999999999958,26.799999999999542,30.79999999999956,7.5500000000001215,9709786.0,108.04300000000144,76.87999999999954
138,Panama,1030.8416666666667,8.860416666666667,6976.027027027027,0.0,29.700000000000482,2.200000000000025,9.89999999999982,2.400000000000043,6.149999999999931,8.32999999999994,4351267.0,55.133000000001076,78.50999999999988
139,British Virgin Islands,7.746553552492046,0.06948968512486428,0.0,0.0,0.0,0.0,0.0,0.0,0.0,13.670000000000066,31122.0,207.9729999999986,79.07000000000062
140,Curacao,47.50992685475444,0.30462184873949577,568.1839762611276,0.0,41.6999999999999,0.0,0.0,0.0,0.0,11.620000000000141,190338.0,362.64399999999307,78.87999999999963
141,Finland,1340.6807228915663,6.502612330198537,28509.18181818182,351.55699481865287,42.800000000000296,0.0,22.59999999999978,18.299999999999656,20.44999999999972,5.7600000000001375,5535992.0,18.13600000000014,81.91000000000204
142,Chile,4840.264073694984,52.10676532769556,96113.25846153845,0.0,35.400000000000645,1.299999999999976,41.5,34.20000000000045,37.85000000000022,8.460000000000026,19493184.0,24.28199999999954,80.17999999999908
143,Anguilla,4.099681866383881,0.0325,1421.0,0.0,0.0,0.0,0.0,0.0,0.0,0.0,15753.0,0.0,81.87999999999974
144,Sweden,2626.6757301107755,21.959915611814345,0.0,1029.9260752688172,41.0,0.5,18.89999999999997,18.79999999999965,18.84999999999981,4.789999999999969,10467097.0,24.71800000000047,82.80000000000156
145,Hong Kong,1880.3727634194831,10.391566265060241,32843.88019966722,0.0,44.80000000000043,0.0,0.0,0.0,0.0,8.32999999999994,7494578.0,7039.713999999907,84.86000000000051
146,French Polynesia,80.21630094043887,0.836340206185567,427.5,0.0,32.7000000000005,0.0,0.0,0.0,0.0,22.62999999999998,304032.0,77.32399999999961,77.6600000000019
147,New Caledonia,78.6778947368421,0.7621359223300971,0.0,0.0,33.400000000000574,0.0,0.0,0.0,0.0,23.360000000000316,287800.0,15.342000000000164,77.55000000000138
148,Norway,1503.471252566735,4.057712486883526,17974.144560357676,141.59345794392524,39.69999999999998,0.1999999999999974,20.70000000000038,19.600000000000012,20.150000000000198,5.310000000000046,5403021.0,14.461999999999932,82.39999999999976
149,Oceania,12523.590457256461,20.053677932405567,120221.76198083068,0.0,0.0,0.0,0.0,0.0,0.0,0.0,44491772.0,0.0,0.0
150,Spain,13683.957661290322,121.1255230125523,287515.5707762557,7201.167686658507,45.5,1.0,31.400000000000563,27.400000000000432,29.400000000000496,7.170000000000059,47486935.0,93.10499999999979,83.55999999999881
151,Bermuda,19.264705882352942,0.15845824411134904,0.0,0.0,0.0,0.0,0.0,0.0,0.0,13.0,64185.0,1308.8199999999913,82.58999999999801
152,United States,96570.85813492064,1104.2074303405573,938970.9792284867,49678.76710684274,38.300000000000004,1.2000000000000226,24.599999999999678,19.099999999999998,21.849999999999838,10.790000000000191,336997624.0,35.60800000000016,78.8600000000005
153,Uruguay,1036.282722513089,7.969247083775185,15799.608378870675,0.0,35.599999999999376,0.09999999999999878,19.899999999999984,14.0,16.949999999999992,6.930000000000067,3426260.0,19.75100000000018,77.9100000000019
154,Mongolia,1027.003125,3.1430678466076696,19623.4,0.0,28.599999999999564,0.5,46.5,5.5,26.0,4.82000000000003,3347782.0,1.980000000000015,69.87000000000101
155,Palau,12.781902552204176,0.027131782945736434,0.0,0.0,0.0,0.0,22.70000000000001,7.6999999999999496,15.19999999999998,15.890000000000105,18024.0,47.23699999999988,73.70000000000051
156,Croatia,1277.4892307692307,17.971638655462186,7887.477083333333,933.091967403958,44.0,0.7000000000000054,39.90000000000073,34.29999999999955,37.100000000000136,5.590000000000077,4060135.0,73.72600000000043,78.4900000000002
157,Taiwan,7510.821073558648,12.68191056910569,127218.04392764858,0.0,42.199999999999704,0.0,0.0,0.0,0.0,0.0,23859912.0,0.0,80.46000000000065
158,Europe,233595.0724206349,1943.8392857142858,1942773.5174418604,0.0,0.0,0.0,0.0,0.0,0.0,0.0,748655221.0,0.0,0.0
159,High income,387816.1674925669,2666.90485629336,3864515.8343023257,0.0,0.0,0.0,0.0,0.0,0.0,0.0,1241374280.0,0.0,0.0
160,Montserrat,1.4721930745015739,0.009836065573770493,0.0,0.0,0.0,0.0,0.0,0.0,0.0,0.0,4417.0,0.0,74.16000000000182
161,Ireland,1738.1147880041365,8.459601259181532,17357.455974842767,429.7223382045929,38.700000000000074,0.19999999999999743,25.700000000000447,23.0,24.35000000000022,3.280000000000056,4986526.0,69.87400000000143,82.3000000000015
162,United Kingdom,23251.832323232324,208.45190380761522,246795.43023255814,10058.325159914712,40.80000000000016,0.19999999999999718,24.700000000000443,20.0,22.35000000000022,4.280000000000073,67281040.0,272.89799999999343,81.32000000000116
163,Serbia,2487.0849740932645,18.117894736842103,24182.844444444443,2515.294911734164,41.19999999999988,0.0,40.19999999999996,37.700000000000145,38.95000000000005,10.079999999999938,6871547.0,80.29099999999868,76.0
164,New Zealand,1895.77950310559,2.2492012779552715,19866.305227655987,0.0,37.900000000000695,0.0,17.20000000000031,14.79999999999976,16.000000000000036,8.07999999999994,5129728.0,18.205999999999975,82.28999999999947
165,Maldives,192.39875389408098,0.3380900109769484,2769.0752688172042,0.0,30.599999999999497,0.0,55.0,2.0999999999999632,28.549999999999983,9.189999999999875,521458.0,1454.4329999999784,78.91999999999865
166,Marshall Islands,21.14010989010989,0.21518987341772153,0.0,0.0,0.0,0.0,0.0,0.0,0.0,30.5299999999997,42050.0,295.14999999999634,73.69999999999878
167,Barbados,107.98113207547169,0.5989304812834224,609.7151767151768,0.0,39.79999999999996,0.0,14.5,1.9000000000000306,8.200000000000015,13.569999999999823,281200.0,664.4629999999918,79.19000000000106
168,Nauru,22.383495145631066,0.008547008547008548,168.0,0.0,0.0,0.0,36.90000000000011,43.0,39.95000000000006,24.06999999999982,12512.0,682.450000000007,59.95999999999935
169,Cook Islands,12.192748091603054,0.005405405405405406,0.0,0.0,0.0,0.0,0.0,0.0,0.0,0.0,17003.0,0.0,76.25
170,Singapore,2063.8303571428573,1.7557894736842106,22397.75799086758,0.0,42.4000000000008,0.0,28.299999999999518,5.199999999999902,16.74999999999971,10.989999999999824,5453600.0,7915.730999999877,83.61999999999985
171,European Union,172654.51785714287,1152.4265873015872,1326936.7332361515,0.0,0.0,0.0,0.0,0.0,0.0,0.0,447593544.0,0.0,0.0
172,Italy,23467.044044044043,182.90081799591002,212119.12874251496,11728.387295081968,47.900000000000865,2.0,27.799999999999528,19.799999999999624,23.799999999999578,4.780000000000039,59240330.0,205.8589999999973,83.5099999999994
173,Czechia,4305.431818181818,44.422008547008545,27458.892215568863,2182.9875,43.30000000000024,0.0,38.29999999999989,30.5,34.39999999999995,6.819999999999933,10510750.0,137.1760000000032,79.37999999999973
174,Belgium,4635.106639839034,34.48275862068966,43733.09502262443,1882.2023060796646,41.80000000000022,0.1999999999999972,31.40000000000056,25.099999999999667,28.250000000000114,4.289999999999969,11611420.0,375.56400000000804,81.62999999999998
175,Australia,10346.677966101695,15.793782383419689,108998.90037593985,1180.3361702127659,37.900000000000716,0.5,16.5,13.0,14.75,5.07,25921089.0,3.2020000000000812,83.4400000000012
176,Monaco,15.504643962848297,0.07226354941551541,0.0,0.0,0.0,0.0,0.0,0.0,0.0,5.460000000000032,36686.0,19347.5,86.75
177,Aruba,46.17345872518286,0.3163596966413868,339.9071856287425,0.0,41.19999999999993,0.0,0.0,0.0,0.0,11.620000000000141,106536.0,584.7999999999953,76.29000000000002
178,Germany,35391.19660678643,159.7643378519291,280770.4520958084,0.0,46.59999999999915,0.0,33.09999999999939,28.20000000000048,30.649999999999935,8.310000000000164,83408554.0,237.01600000000278,81.33000000000139
179,Bonaire Sint Eustatius and Saba,12.206823027718551,0.05201560468140442,0.0,0.0,0.0,0.0,0.0,0.0,0.0,0.0,26706.0,0.0,77.79000000000003
180,Seychelles,51.51260504201681,0.2590909090909091,2041.095238095238,0.0,36.20000000000033,1.1000000000000132,35.70000000000038,7.100000000000106,21.400000000000244,10.549999999999967,106470.0,208.3539999999993,73.40000000000057
181,Montenegro,296.09224318658283,2.941921858500528,1415.3069767441862,0.0,39.0999999999993,1.0,47.90000000000084,44.0,45.950000000000415,10.079999999999938,627859.0,46.279999999999376,76.87999999999947
182,Isle of Man,39.96635120925342,0.1235356762513312,512.7692307692307,0.0,0.0,0.0,0.0,0.0,0.0,0.0,84263.0,147.8720000000022,81.39999999999998
183,Cayman Islands,32.36534446764092,0.03668763102725367,511.3,0.0,0.0,0.0,0.0,0.0,0.0,13.219999999999821,68136.0,256.496000000006,83.91999999999864
184,Lithuania,1332.1955835962144,9.9723991507431,7226.338141025641,777.105476673428,43.5,0.7000000000000044,38.0,21.29999999999962,29.64999999999981,3.670000000000046,2786651.0,45.13499999999994,75.9299999999996
185,Estonia,624.9002057613169,2.9141039236479322,3118.034638554217,209.2974358974359,42.699999999999726,0.5,39.30000000000005,24.5,31.900000000000023,4.019999999999984,1328701.0,31.03299999999963,78.74000000000031
186,Bahrain,705.5799180327868,1.5958115183246073,6024.95306122449,0.0,32.40000000000057,0.0,37.59999999999931,5.800000000000105,21.699999999999708,16.52000000000032,1463265.0,1935.9069999999545,77.28999999999982
187,Luxembourg,312.06288659793813,1.2010471204188482,2352.219739292365,58.45903361344538,39.69999999999998,0.19999999999999737,26.0,20.90000000000008,23.45000000000004,4.420000000000051,639321.0,231.446999999994,82.25
188,Georgia,1828.2248459958932,18.055555555555557,7427.658163265306,0.0,38.70000000000006,4.199999999999925,55.5,5.300000000000097,30.40000000000005,7.109999999999891,3757980.0,65.03199999999936,73.76999999999907
189,Switzerland,4344.991786447638,14.9768177028451,25001.62153846154,963.8498402555911,43.09999999999922,0.0,28.90000000000046,22.599999999999817,25.75000000000014,5.590000000000077,8691406.0,214.24299999999636,83.77999999999913
190,Slovakia,2747.6718587746627,21.915867944621937,0.0,1098.5706860706862,41.19999999999991,0.700000000000005,37.70000000000017,23.099999999999802,30.399999999999988,7.289999999999967,5447622.0,113.12799999999801,77.53999999999986
191,Netherlands,8761.4341563786,23.875912408759124,0.0,1016.1054945054946,43.19999999999976,0.0,27.29999999999954,24.400000000000272,25.849999999999905,5.289999999999968,17501696.0,508.5439999999953,82.27999999999913
192,Greece,5277.697841726619,35.00938477580814,32957.45151033386,0.0,45.300000000000374,1.5,52.0,35.29999999999965,43.64999999999982,4.550000000000083,10445365.0,83.47900000000084,82.2400000000004
193,South Korea,25229.26984126984,29.662244897959184,213209.37726523887,2336.67816091954,43.400000000000816,0.1999999999999971,40.90000000000078,6.199999999999888,23.550000000000335,6.800000000000118,51830139.0,527.9670000000026,83.02999999999912
194,Israel,4796.736680327869,12.481442205726404,27642.519696969695,886.0227038183695,30.59999999999948,0.5,35.400000000000645,15.399999999999753,25.400000000000198,6.739999999999852,9291000.0,402.60600000000954,82.97000000000087
195,Latvia,980.3777089783282,6.467948717948718,5107.061728395061,438.02108036890644,43.900000000000794,0.7000000000000053,51.0,25.599999999999667,38.299999999999834,4.909999999999932,1873919.0,31.211999999999723,75.28999999999999
196,Liechtenstein,21.33264248704663,0.09304812834224599,206.30208333333334,0.0,0.0,0.0,0.0,0.0,0.0,7.770000000000189,39039.0,237.01199999999582,82.49000000000039
197,Brunei,247.57708333333332,0.23860021208907742,2597.35,0.0,32.40000000000055,0.0,30.90000000000051,2.0,16.450000000000255,12.79000000000027,445373.0,81.34700000000002,75.8600000000005
198,Portugal,5700.739669421488,26.42452830188679,0.0,1235.0907911802854,46.1999999999996,0.5,30.0,16.299999999999716,23.149999999999856,9.85000000000018,10290103.0,112.37099999999926,82.0500000000015
199,France,37410.449246231154,160.69120654396727,225253.18890554723,17434.715634837357,42.0,0.0,35.59999999999933,30.09999999999947,32.8499999999994,4.77000000000005,67422000.0,122.57799999999773,82.66000000000206
200,Saint Pierre and Miquelon,3.461456102783726,0.0037313432835820895,0.0,0.0,0.0,0.0,0.0,0.0,0.0,0.0,5883.0,0.0,81.07000000000072
201,Iceland,213.2404540763674,0.1909282700421941,5507.468085106383,21.036585365853657,37.29999999999982,0.19999999999999743,15.200000000000253,14.299999999999775,14.750000000000014,5.310000000000045,370335.0,3.403999999999997,82.99000000000045
202,Denmark,3428.9362139917694,7.592670157068063,19489.038404726736,364.0715048025614,42.30000000000026,0.1999999999999972,18.79999999999965,19.29999999999964,19.049999999999642,6.409999999999913,5854240.0,136.5200000000009,80.89999999999974
203,Slovenia,1272.9927536231885,7.185997910135841,5677.973333333333,369.1200417536534,44.5,0.0,25.0,20.099999999999945,22.549999999999972,7.25,2119410.0,102.61900000000163,81.32000000000114
204,Andorra,48.02373581011352,0.16561181434599156,2401.0,0.0,0.0,0.0,37.79999999999985,29.0,33.39999999999992,7.970000000000073,79034.0,163.75500000000224,83.73000000000036
205,Austria,5580.473792394656,22.08604407135362,29611.278860569717,1300.2023429179978,44.40000000000081,0.7000000000000054,30.90000000000052,28.400000000000443,29.65000000000048,6.3500000000000805,8922082.0,106.74899999999961,81.5399999999995
206,Gibraltar,20.917964693665628,0.15104895104895105,501.2717391304348,0.0,0.0,0.0,0.0,0.0,0.0,0.0,32670.0,3457.1000000000586,79.92999999999915
207,San Marino,22.187435633367663,0.12255406797116375,380.0188679245283,0.0,0.0,0.0,0.0,0.0,0.0,5.640000000000051,33746.0,556.6670000000051,84.97000000000087
208,Faeroe Islands,35.84074457083764,0.042488619119878605,470.44594594594594,0.0,0.0,0.0,0.0,0.0,0.0,0.0,52888.0,35.30800000000054,80.66999999999865
209,Cyprus,623.7416317991632,1.258985200845666,6031.042253521126,104.7124842370744,37.299999999999784,0.0,52.6999999999993,19.60000000000003,36.149999999999665,9.239999999999835,896007.0,127.6570000000027,80.98000000000054
