Date, Open, High, Low,Adj_ Close
2011-11-22,7375.34,7408.61,7316.84,7318.04
2011-10-22,7296.25,7405.09,7253.36,7375.34
2011-09-22,7306.14,7307.8,7263.46,7296.25
2011-08-22,7299.99,7313.46,7244.83,7306.14
2011-07-22,7334.84,7346.66,7288,7299.99
2011-04-22,7188.63,7376.23,7188.63,7334.84
2011-03-22,7144.14,7188.63,7076.47,7188.63
2011-02-22,7186.16,7205.07,7130.5,7144.14
2011-01-22,7094.53,7221.32,7094.53,7186.16
10/31/22,7047.67,7132.85,7030.12,7094.53
10/28/22,7073.69,7073.69,6997.54,7047.67
10/27/22,7056.07,7093.05,7034.24,7073.69
10/26/22,7013.48,7057.42,6960.11,7056.07
10/25/22,7013.99,7025.22,6949.24,7013.48
10/24/22,6969.73,7047.37,6914.66,7013.99
10/21/22,6943.91,6976.19,6864.13,6969.73
10/20/22,6924.99,6954.21,6894.85,6943.91
10/19/22,6936.74,6968.33,6890.66,6924.99
10/18/22,6920.24,7017.4,6920.24,6936.74
10/17/22,6858.79,6959.71,6850.43,6920.24
10/14/22,6850.27,6976.3,6850.27,6858.79
10/13/22,6826.15,6872.9,6707.62,6850.27
2010-12-22,6885.23,6916.94,6793.77,6826.15
2010-11-22,6959.31,6959.43,6860.31,6885.23
2010-10-22,6991.09,6999.2,6922.94,6959.31
2010-07-22,6997.27,7022.41,6960.36,6991.09
2010-06-22,7052.62,7079.74,6961.1,6997.27
2010-05-22,7086.46,7086.46,6977.95,7052.62
2010-04-22,6908.76,7088.17,6908.67,7086.46
2010-03-22,6893.81,6923.75,6797.37,6908.76
09/30/22,6881.59,6954.92,6840.07,6893.81
09/29/22,7005.39,7005.39,6829.29,6881.59
09/28/22,6984.59,7011.5,6836.28,7005.39
09/27/22,7020.95,7073.96,6984.59,6984.59
09/26/22,7018.6,7071.11,6937.4,7020.95
09/23/22,7159.52,7169.12,6981.5,7018.6
09/22/22,7237.64,7243.9,7149.59,7159.52
09/21/22,7192.66,7258.87,7170.69,7237.64
09/20/22,7236.68,7326.54,7171.24,7192.66
09/16/22,7282.07,7297.1,7236.17,7236.68
09/15/22,7277.3,7329,7258.67,7282.07
09/14/22,7385.86,7385.86,7259.24,7277.3
09/13/22,7473.03,7514.04,7385.86,7385.86
2009-12-22,7351.07,7483,7351.07,7473.03
2009-09-22,7262.06,7386.59,7262.06,7351.07
2009-08-22,7237.83,7273.01,7175.75,7262.06
2009-07-22,7300.44,7300.44,7186.56,7237.83
2009-06-22,7287.43,7324.19,7256.51,7300.44
2009-05-22,7281.19,7288.46,7191.17,7287.43
2009-02-22,7148.5,7288.72,7148.5,7281.19
2009-01-22,7284.15,7284.15,7131.69,7148.5
08/31/22,7361.63,7378.44,7263.62,7284.15
08/30/22,7427.31,7486.4,7351.12,7361.63
08/26/22,7479.74,7530.65,7422.02,7427.31
08/25/22,7471.51,7535.7,7469.17,7479.74
08/24/22,7488.11,7488.12,7410.4,7471.51
08/23/22,7533.79,7533.79,7467.56,7488.11
08/22/22,7550.37,7550.41,7491.26,7533.79
08/19/22,7541.85,7578.85,7513.26,7550.37
08/18/22,7515.75,7541.89,7493.66,7541.85
08/17/22,7536.06,7554.04,7501.54,7515.75
08/16/22,7509.15,7563.67,7509.15,7536.06
08/15/22,7500.89,7539.21,7463.51,7509.15
2008-12-22,7465.91,7516.83,7464.12,7500.89
2008-11-22,7507.11,7515,7460.11,7465.91
2008-10-22,7488.15,7520.72,7468.64,7507.11
2008-09-22,7482.37,7504.64,7475.04,7488.15
2008-08-22,7439.74,7513.76,7439.74,7482.37
2008-05-22,7448.06,7470.63,7420.16,7439.74
2008-04-22,7445.68,7491.74,7417.49,7448.06
2008-03-22,7409.11,7445.9,7372.71,7445.68
2008-02-22,7413.42,7433.34,7386.76,7409.11
2008-01-22,7450.24,7471.87,7408.94,7413.42
07/29/22,7345.25,7441.2,7345.25,7423.43
07/28/22,7348.23,7396.2,7308.99,7345.25
07/27/22,7306.28,7365.22,7306.28,7348.23
07/26/22,7306.3,7365.37,7301.19,7306.28
07/25/22,7276.37,7309.65,7242.9,7306.3
07/22/22,7270.51,7315.34,7254.02,7276.37
07/21/22,7264.31,7274.73,7200.14,7270.51
07/20/22,7296.28,7347.6,7253.56,7264.31
07/19/22,7223.24,7308.99,7174.4,7296.28
07/18/22,7159.01,7268.88,7159.01,7223.24
07/15/22,7039.81,7167.85,7038.15,7159.01
07/14/22,7156.37,7157.62,7007.09,7039.81
07/13/22,7209.86,7209.86,7104.06,7156.37
2007-12-22,7196.59,7216.9,7143.31,7209.86
2007-11-22,7196.24,7204.06,7097.42,7196.59
2007-08-22,7189.08,7210.58,7129.15,7196.24
2007-07-22,7107.77,7213.05,7107.77,7189.08
2007-06-22,7025.47,7198.72,7025.35,7107.77
2007-05-22,7232.65,7260.3,7016.78,7025.47
2007-04-22,7168.65,7258.46,7168.65,7232.65
2007-01-22,7169.28,7214.82,7101.38,7168.65
06/30/22,7312.32,7312.32,7110.7,7169.28
06/29/22,7323.41,7345.45,7263.54,7312.32
06/28/22,7258.32,7362.37,7258.32,7323.41
06/27/22,7208.81,7284.48,7208.52,7258.32
06/24/22,7020.45,7211.07,7016.02,7208.81
06/23/22,7089.22,7115.8,7014.19,7020.45
06/22/22,7152.05,7152.05,7030.03,7089.22
06/21/22,7121.81,7193.9,7119.25,7152.05
06/20/22,7016.25,7129.64,7016.15,7121.81
06/17/22,7044.98,7130.62,6998.17,7016.25
06/16/22,7273.41,7273.41,7039.47,7044.98
06/15/22,7187.46,7313.7,7186.5,7273.41
06/14/22,7205.81,7271.85,7135.15,7187.46
06/13/22,7317.52,7317.52,7174.02,7205.81
2006-10-22,7476.21,7476.21,7294.2,7317.52
2006-09-22,7593,7593,7472.29,7476.21
2006-08-22,7598.93,7616.22,7550.65,7593
2006-07-22,7608.22,7617.53,7570.67,7598.93
2006-06-22,7532.95,7646.66,7532.84,7608.22
2006-01-22,7607.66,7639.21,7529.23,7532.95
05/31/22,7600.06,7648.26,7591.84,7607.66
05/30/22,7585.46,7625.63,7576.37,7600.06
05/27/22,7564.92,7597.64,7542.78,7585.46
05/26/22,7522.75,7575.53,7512.45,7564.92
05/25/22,7484.35,7546.41,7484.35,7522.75
05/24/22,7513.44,7529.65,7434.46,7484.35
05/23/22,7389.98,7513.44,7389.98,7513.44
05/20/22,7302.74,7453.49,7302.74,7389.98
05/19/22,7438.09,7438.09,7228.67,7302.74
05/18/22,7518.35,7526.14,7438.09,7438.09
05/17/22,7464.8,7538.68,7464.8,7518.35
05/16/22,7418.15,7464.8,7361.72,7464.8
05/13/22,7233.34,7421.95,7233.34,7418.15
2005-12-22,7347.66,7347.66,7158.53,7233.34
2005-11-22,7243.22,7349.7,7238.97,7347.66
2005-10-22,7216.58,7311.65,7216.58,7243.22
2005-09-22,7387.94,7391.59,7216.58,7216.58
2005-06-22,7503.27,7503.27,7354.06,7387.94
2005-05-22,7493.45,7619.39,7493.45,7503.27
2005-04-22,7561.33,7572.65,7493.45,7493.45
2005-03-22,7544.55,7561.33,7475.69,7561.33
04/29/22,7509.19,7569.8,7509.19,7544.55
04/28/22,7425.61,7519.7,7425.61,7509.19
04/27/22,7386.19,7458.24,7344.89,7425.61
04/26/22,7380.54,7463.15,7380.54,7386.19
04/25/22,7521.68,7521.68,7339.53,7380.54
04/22/22,7627.95,7628.03,7521.68,7521.68
04/21/22,7629.22,7656.47,7596.29,7627.95
04/20/22,7601.28,7637.87,7590.62,7629.22
04/19/22,7616.38,7624.9,7565.81,7601.28
04/14/22,7580.8,7622.41,7551.39,7616.38
04/13/22,7576.66,7597.85,7550.94,7580.8
2004-12-22,7618.31,7618.31,7543.03,7576.66
2004-11-22,7669.56,7669.56,7611.68,7618.31
2004-08-22,7551.81,7669.56,7551.81,7669.56
2004-07-22,7587.7,7601.52,7537.25,7551.81
2004-06-22,7613.72,7614.13,7536.2,7587.7
2004-05-22,7558.92,7613.72,7536.21,7613.72
2004-04-22,7537.9,7574.33,7532.23,7558.92
2004-01-22,7515.68,7552.46,7508.92,7537.9
03/31/22,7578.75,7595.42,7515.68,7515.68
03/30/22,7537.25,7578.75,7523.82,7578.75
03/29/22,7473.14,7584.11,7473.14,7537.25
03/28/22,7483.35,7539.3,7471.47,7473.14
03/25/22,7467.38,7502.67,7441.28,7483.35
03/24/22,7460.63,7492,7453.25,7467.38
03/23/22,7476.72,7521.14,7459.36,7460.63
03/22/22,7442.39,7490.46,7442.39,7476.72
03/21/22,7404.73,7464.95,7402.6,7442.39
03/18/22,7385.34,7406.13,7318.9,7404.73
03/17/22,7291.68,7385.34,7260.51,7385.34
03/16/22,7175.7,7312.23,7175.7,7291.68
03/15/22,7193.47,7193.47,7075.82,7175.7
03/14/22,7155.64,7222.87,7143.95,7193.47
2003-11-22,7099.09,7260.4,7099.03,7155.64
2003-10-22,7190.72,7192.75,7065.96,7099.09
2003-09-22,6964.11,7190.72,6964.11,7190.72
2003-08-22,6959.48,7013.51,6893.55,6964.11
2003-07-22,6987.14,7030.74,6787.98,6959.48
2003-04-22,7238.85,7238.85,6980.86,6987.14
2003-03-22,7429.56,7468.83,7231.51,7238.85
2003-02-22,7330.2,7462.22,7320.77,7429.56
2003-01-22,7458.25,7499.33,7327.79,7330.2
02/28/22,7489.46,7489.46,7361.59,7458.25
02/25/22,7207.38,7497.94,7207.38,7489.46
02/24/22,7498.18,7498.18,7204.74,7207.38
02/23/22,7494.21,7549.98,7490.54,7498.18
02/22/22,7484.33,7531.32,7365.04,7494.21
02/21/22,7513.62,7571.07,7446.43,7484.33
02/18/22,7537.37,7570.56,7508.73,7513.62
02/17/22,7603.78,7607.24,7499.86,7537.37
02/16/22,7608.92,7630.72,7560.94,7603.78
02/15/22,7531.59,7608.92,7513.16,7608.92
02/14/22,7661.02,7661.02,7483.36,7531.59
2002-11-22,7672.4,7672.4,7596.11,7661.02
2002-10-22,7643.42,7687.27,7622.74,7672.4
2002-09-22,7567.07,7657.93,7567.07,7643.42
2002-08-22,7573.47,7631.31,7548.19,7567.07
2002-07-22,7516.4,7591.65,7508.48,7573.47
2002-04-22,7528.84,7599.73,7497.21,7516.4
2002-03-22,7583,7605.75,7528.69,7528.84
2002-02-22,7535.78,7605.64,7535.78,7583
2002-01-22,7464.37,7549.29,7463.01,7535.78
01/31/22,7466.07,7523.95,7450.89,7464.37
01/28/22,7554.31,7554.31,7420.2,7466.07
01/27/22,7469.78,7596.7,7388.8,7554.31
01/26/22,7371.46,7525.58,7371.46,7469.78
01/25/22,7297.15,7382.6,7297.15,7371.46
01/24/22,7494.13,7494.13,7283.38,7297.15
01/21/22,7585.01,7585.01,7450.49,7494.13
01/20/22,7589.66,7619.01,7549.87,7585.01
01/19/22,7563.55,7614.93,7525.15,7589.66
01/18/22,7611.23,7613.05,7531.96,7563.55
01/17/22,7542.95,7616.06,7542.95,7611.23
01/14/22,7563.85,7568.16,7523.02,7542.95
01/13/22,7551.72,7566.46,7530.12,7563.85
2001-12-22,7491.37,7564.2,7491.37,7551.72
2001-11-22,7445.25,7497.12,7445.25,7491.37
2001-10-22,7485.28,7496.12,7422.94,7445.25
2001-07-22,7450.37,7485.28,7431.86,7485.28
2001-06-22,7516.87,7516.87,7419.95,7450.37
2001-05-22,7505.15,7529.97,7484.28,7516.87
2001-04-22,7384.54,7520.79,7384.54,7505.15
12/31/21,7403.01,7403.01,7357.1,7384.54
12/30/21,7420.69,7433.39,7403.01,7403.01
12/29/21,7372.1,7457.14,7372.1,7420.69
12/28/21,7372.1,7372.1,7372.1,7372.1
12/27/21,7372.1,7372.1,7372.1,7372.1
12/24/21,7373.34,7403.65,7368.83,7372.1
12/23/21,7341.66,7385.42,7331.05,7373.34
12/22/21,7297.41,7341.66,7273.45,7341.66
12/21/21,7198.03,7297.41,7198.03,7297.41
12/20/21,7269.92,7269.92,7101.04,7198.03
12/17/21,7260.61,7286.5,7236.17,7269.92
12/16/21,7170.75,7273.34,7170.75,7260.61
12/15/21,7218.64,7224.85,7166.83,7170.75
12/14/21,7231.44,7284.47,7218.64,7218.64
12/13/21,7291.78,7309.23,7226.63,7231.44
2012-10-21,7321.26,7331.58,7284.82,7291.78
2012-09-21,7337.05,7366.1,7302.96,7321.26
2012-08-21,7339.9,7378.92,7333.56,7337.05
2012-07-21,7232.28,7344.69,7232.28,7339.9
2012-06-21,7122.32,7246.25,7122.32,7232.28
2012-03-21,7129.21,7196.05,7105.29,7122.32
2012-02-21,7168.68,7168.68,7083.21,7129.21
2012-01-21,7059.45,7182.01,7059.35,7168.68
11/30/21,7109.95,7109.95,6989.66,7059.45
11/29/21,7044.03,7161.91,7044.03,7109.95
11/26/21,7310.37,7310.37,7042.12,7044.03
11/25/21,7286.32,7311.94,7286.32,7310.37
11/24/21,7266.69,7307.89,7245.98,7286.32
11/23/21,7255.46,7293.07,7204.37,7266.69
11/22/21,7223.57,7272.63,7207.81,7255.46
11/19/21,7255.96,7289.51,7198.76,7223.57
11/18/21,7291.2,7291.26,7241.99,7255.96
11/17/21,7326.97,7326.97,7289.98,7291.2
11/16/21,7351.86,7368.25,7324.13,7326.97
11/15/21,7347.91,7363.48,7324.11,7351.86
2011-12-21,7384.18,7402.68,7340.49,7347.91
2011-11-21,7340.15,7394.41,7329.68,7384.18
2011-10-21,7274.04,7340.15,7270.11,7340.15
2011-09-21,7300.4,7314.13,7268.79,7274.04
2011-08-21,7303.96,7316.54,7293.5,7300.4
2011-05-21,7279.91,7331.25,7270.03,7303.96
2011-04-21,7248.89,7292.96,7247.59,7279.91
2011-03-21,7274.81,7277.64,7235.32,7248.89
2011-02-21,7288.62,7288.62,7240.02,7274.81
2011-01-21,7237.57,7303.39,7237.57,7288.62
10/29/21,7249.47,7249.47,7192.05,7237.57
10/28/21,7253.27,7257.85,7219.71,7249.47
10/27/21,7277.62,7280.45,7247.25,7253.27
10/26/21,7222.82,7281.17,7222.82,7277.62
10/25/21,7204.55,7247.53,7204.55,7222.82
10/22/21,7190.3,7235.19,7190.3,7204.55
10/21/21,7223.1,7227.06,7181.7,7190.3
10/20/21,7217.53,7229.26,7199.29,7223.1
10/19/21,7203.83,7223.29,7189.5,7217.53
10/18/21,7234.03,7234.03,7180.2,7203.83
10/15/21,7207.71,7243.85,7206.26,7234.03
10/14/21,7141.82,7216.15,7141.82,7207.71
10/13/21,7130.23,7152.87,7087.93,7141.82
2010-12-21,7146.85,7146.85,7063.43,7130.23
2010-11-21,7095.55,7146.85,7085.85,7146.85
2010-08-21,7078.04,7109.34,7070.53,7095.55
2010-07-21,6995.87,7094.93,6995.87,7078.04
2010-06-21,7077.1,7077.1,6945.5,6995.87
2010-05-21,7011.01,7084.52,7011.01,7077.1
2010-04-21,7027.07,7072.48,7002.72,7011.01
2010-01-21,7086.42,7086.42,6989.64,7027.07
09/30/21,7108.16,7159.61,7072.57,7086.42
09/29/21,7028.1,7117.52,7026.85,7108.16
09/28/21,7063.4,7071.36,7015.58,7028.1
09/27/21,7051.48,7122.09,7043.21,7063.4
09/24/21,7078.35,7080.23,7041.34,7051.48
09/23/21,7083.37,7131.43,7070.68,7078.35
09/22/21,6980.98,7090.48,6980.98,7083.37
09/21/21,6903.91,7004.88,6903.91,6980.98
09/20/21,6963.64,6963.64,6828.28,6903.91
09/17/21,7027.48,7092.69,6941.69,6963.64
09/16/21,7016.49,7058.99,7016.32,7027.48
09/15/21,7034.06,7047.27,7016.49,7016.49
09/14/21,7068.43,7068.45,7020.1,7034.06
09/13/21,7029.2,7090.81,7029.2,7068.43
2009-10-21,7024.21,7055.22,7014.42,7029.2
2009-09-21,7095.53,7095.53,6998.62,7024.21
2009-08-21,7149.37,7149.37,7061.13,7095.53
2009-07-21,7187.18,7187.18,7147.94,7149.37
2009-06-21,7138.35,7195.62,7138.35,7187.18
2009-03-21,7163.9,7182.23,7123.87,7138.35
2009-02-21,7149.84,7168.78,7129.71,7163.9
2009-01-21,7119.7,7187.34,7119.7,7149.84
08/31/21,7148.01,7160.49,7092.03,7119.7
08/27/21,7124.98,7157.6,7108.53,7148.01
08/26/21,7150.12,7150.12,7095.43,7124.98
08/25/21,7125.78,7151.75,7121.29,7150.12
08/24/21,7109.02,7129.66,7076.06,7125.78
08/23/21,7087.9,7147.8,7087.9,7109.02
08/20/21,7058.86,7095.61,7032.45,7087.9
08/19/21,7169.32,7169.32,6993.06,7058.86
08/18/21,7181.11,7198.79,7143.55,7169.32
08/17/21,7153.98,7188.55,7118.67,7181.11
08/16/21,7218.71,7218.71,7117.78,7153.98
08/13/21,7193.23,7224.46,7193.13,7218.71
2008-12-21,7220.14,7220.7,7182.92,7193.23
2008-11-21,7161.04,7220.14,7157.74,7220.14
2008-10-21,7132.3,7166.67,7115.87,7161.04
2008-09-21,7122.95,7138.8,7089.74,7132.3
2008-06-21,7120.43,7135.39,7103.71,7122.95
2008-05-21,7123.86,7130.35,7099.03,7120.43
2008-04-21,7105.72,7142.54,7105.72,7123.86
2008-03-21,7081.72,7119.19,7074.32,7105.72
2008-02-21,7032.3,7111.66,7032.3,7081.72
07/30/21,7078.42,7078.42,6996.93,7032.3
07/29/21,7016.63,7093.93,7008.65,7078.42
07/28/21,6996.08,7023.35,6974.8,7016.63
07/27/21,7025.43,7028.37,6929.64,6996.08
07/26/21,7027.58,7038.65,6980.67,7025.43
07/23/21,6968.3,7033.27,6968.3,7027.58
07/22/21,6998.28,7018.95,6956.24,6968.3
07/21/21,6881.13,7007.75,6881.13,6998.28
07/20/21,6844.39,6929.89,6827.26,6881.13
07/19/21,7008.09,7008.09,6813.03,6844.39
07/16/21,7012.02,7056.73,6978.06,7008.09
07/15/21,7091.19,7111.77,7005.02,7012.02
07/14/21,7124.72,7124.72,7073.59,7091.19
07/13/21,7125.42,7152.44,7116.26,7124.72
2007-12-21,7121.88,7134.87,7066.2,7125.42
2007-09-21,7030.66,7121.88,7030.22,7121.88
2007-08-21,7151.02,7151.02,6981.57,7030.66
2007-07-21,7100.88,7153.68,7100.88,7151.02
2007-06-21,7164.91,7170.6,7075.73,7100.88
2007-05-21,7123.27,7168.03,7111.51,7164.91
2007-02-21,7125.16,7162.16,7110.3,7123.27
2007-01-21,7037.47,7134.21,7037.47,7125.16
06/30/21,7087.55,7100.71,7010.57,7037.47
06/29/21,7072.97,7120.77,7071.86,7087.55
06/28/21,7136.07,7136.22,7071.95,7072.97
06/25/21,7109.97,7139.08,7109.79,7136.07
06/24/21,7074.06,7119.41,7070.9,7109.97
06/23/21,7090.01,7129.4,7074.06,7074.06
06/22/21,7062.29,7098.67,7061.13,7090.01
06/21/21,7017.47,7065.05,6948.63,7062.29
06/18/21,7153.43,7154.63,7008.74,7017.47
06/17/21,7184.95,7184.95,7132.96,7153.43
06/16/21,7172.48,7217.54,7169.21,7184.95
06/15/21,7146.68,7189.63,7142.71,7172.48
06/14/21,7134.06,7188.26,7131.79,7146.68
2006-11-21,7088.18,7140.7,7088.18,7134.06
2006-10-21,7081.01,7117.74,7080.02,7088.18
2006-09-21,7095.09,7095.72,7046.02,7081.01
2006-08-21,7077.22,7120.73,7074.94,7095.09
2006-07-21,7069.04,7098.31,7042.19,7077.22
2006-04-21,7064.35,7071.81,7039.74,7069.04
2006-03-21,7108,7108.04,7013.85,7064.35
2006-02-21,7080.46,7122.54,7074.06,7108
2006-01-21,7022.61,7118.03,7022.61,7080.46
05/28/21,7019.67,7054.91,7019.58,7022.61
05/27/21,7026.93,7044.01,7008.53,7019.67
05/26/21,7029.79,7050.88,6998.19,7026.93
05/25/21,7051.59,7067.6,7029.79,7029.79
05/24/21,7018.05,7054.63,7013.51,7051.59
05/21/21,7019.79,7028.17,6973.31,7018.05
05/20/21,6950.2,7019.79,6926.85,7019.79
05/19/21,7034.24,7034.24,6897.06,6950.2
05/18/21,7032.85,7102.57,7030.37,7034.24
05/17/21,7043.61,7066.76,6989.11,7032.85
05/14/21,6963.33,7048.67,6963.33,7043.61
05/13/21,7004.63,7004.63,6823.6,6963.33
2005-12-21,6947.99,7028.1,6945.33,7004.63
2005-11-21,7123.68,7123.68,6912.36,6947.99
2005-10-21,7129.71,7164.18,7104.4,7123.68
2005-07-21,7076.17,7143.46,7076.17,7129.71
2005-06-21,7039.3,7076.17,7026.75,7076.17
2005-05-21,6923.17,7047.75,6923.17,7039.3
2005-04-21,6969.81,7034.26,6912.28,6923.17
04/30/21,6961.48,7009.47,6946.04,6969.81
04/29/21,6963.67,7019.76,6953.87,6961.48
04/28/21,6944.97,6986.7,6944.06,6963.67
04/27/21,6963.12,6975.07,6929.77,6944.97
04/26/21,6938.56,6971.52,6913.39,6963.12
04/23/21,6938.24,6938.56,6891.75,6938.56
04/22/21,6895.29,6941.11,6889.32,6938.24
04/21/21,6859.87,6914.88,6859.61,6895.29
04/20/21,7000.08,7001.27,6857.07,6859.87
04/19/21,7019.53,7040.26,6979.23,7000.08
04/16/21,6983.5,7037.65,6983.5,7019.53
04/15/21,6939.58,6994.9,6939.26,6983.5
04/14/21,6890.49,6942.33,6880.67,6939.58
04/13/21,6889.12,6895.13,6859.72,6890.49
2004-12-21,6915.75,6916.08,6853.75,6889.12
2004-09-21,6942.22,6949.56,6906.37,6915.75
2004-08-21,6885.32,6942.22,6884.79,6942.22
2004-07-21,6823.55,6898.38,6823.55,6885.32
2004-06-21,6737.3,6843.73,6737.3,6823.55
2004-05-21,6713.63,6766.52,6713.63,6737.3
2004-02-21,6713.63,6766.52,6713.63,6737.3
2004-01-21,6713.63,6766.52,6713.63,6737.3
03/31/21,6772.12,6775.67,6713.63,6713.63
03/30/21,6736.17,6792.23,6729.46,6772.12
03/29/21,6740.59,6758.78,6705.42,6736.17
03/26/21,6674.83,6742.14,6674.83,6740.59
03/25/21,6712.89,6729.92,6618.61,6674.83
03/24/21,6699.19,6722.61,6649.37,6712.89
03/23/21,6726.1,6726.1,6664.76,6699.19
03/22/21,6708.71,6732.67,6650.96,6726.1
03/19/21,6779.68,6779.68,6664.56,6708.71
03/18/21,6762.67,6791.76,6740.53,6779.68
03/17/21,6803.61,6805.73,6753.82,6762.67
03/16/21,6749.7,6812.78,6749.64,6803.61
03/15/21,6761.47,6804.91,6723.67,6749.7
2003-12-21,6736.96,6766.44,6709,6761.47
2003-11-21,6725.6,6755.32,6699.34,6736.96
2003-10-21,6730.34,6740.77,6677.02,6725.6
2003-09-21,6719.13,6786.8,6689.9,6730.34
2003-08-21,6630.52,6726.4,6612.74,6719.13
2003-05-21,6650.88,6710.8,6560.79,6630.52
2003-04-21,6675.47,6675.47,6581.19,6650.88
2003-03-21,6613.75,6705.3,6613.75,6675.47
2003-02-21,6588.53,6660.82,6560.91,6613.75
2003-01-21,6483.43,6612.74,6483.43,6588.53
02/26/21,6651.96,6651.96,6465.57,6483.43
02/25/21,6658.97,6702.88,6644.68,6651.96
02/24/21,6625.94,6669.86,6572.28,6658.97
02/23/21,6612.24,6675.42,6555.88,6625.94
02/22/21,6624.02,6624.71,6545.93,6612.24
02/19/21,6617.15,6646.16,6600.59,6624.02
02/18/21,6710.9,6721.76,6591.43,6617.15
02/17/21,6748.86,6760.29,6701.59,6710.9
02/16/21,6756.11,6799.92,6736.85,6748.86
02/15/21,6589.79,6775.37,6589.79,6756.11
2002-12-21,6528.72,6589.79,6485.13,6589.79
2002-11-21,6524.36,6554.15,6514.92,6528.72
2002-10-21,6531.56,6577,6481.02,6524.36
2002-09-21,6523.53,6540.97,6501.02,6531.56
2002-08-21,6489.33,6567.7,6489.33,6523.53
2002-05-21,6503.72,6518.65,6457.6,6489.33
2002-04-21,6507.82,6553.37,6478.15,6503.72
2002-03-21,6516.65,6573.1,6489.51,6507.82
2002-02-21,6466.42,6523.51,6466.42,6516.65
2002-01-21,6407.46,6495.56,6407.46,6466.42
01/29/21,6526.15,6526.15,6397.24,6407.46
01/28/21,6567.37,6567.37,6439.55,6526.15
01/27/21,6654.01,6661.31,6505.84,6567.37
01/26/21,6638.85,6702.35,6636.34,6654.01
01/25/21,6695.07,6714.61,6610.26,6638.85
01/22/21,6715.42,6715.66,6651.71,6695.07
01/21/21,6740.39,6776.92,6715.42,6715.42
01/20/21,6712.95,6751.81,6697.46,6740.39
01/19/21,6720.65,6770.66,6697.67,6712.95
01/18/21,6735.71,6741.47,6709.33,6720.65
01/15/21,6801.96,6802.05,6676.55,6735.71
01/14/21,6745.52,6801.96,6736.78,6801.96
01/13/21,6754.11,6772.57,6736.01,6745.52
2001-12-21,6798.48,6816.65,6738.21,6754.11
2001-11-21,6873.26,6873.26,6768.72,6798.48
2001-08-21,6856.96,6886.34,6836.08,6873.26
2001-07-21,6841.86,6903.61,6795.11,6856.96
2001-06-21,6612.25,6859.14,6611.87,6841.86
2001-05-21,6571.88,6622.77,6544.25,6612.25
2001-04-21,6460.52,6662.66,6460.52,6571.88
12/31/20,6555.82,6555.82,6439.41,6460.52
12/30/20,6602.65,6622.98,6552.46,6555.82
12/29/20,6502.11,6676.6,6502.11,6602.65
12/24/20,6495.75,6530.28,6479.59,6502.11
12/23/20,6453.16,6497.28,6431.21,6495.75
12/22/20,6416.32,6457.47,6382.61,6453.16
12/21/20,6529.18,6529.18,6315.34,6416.32
12/18/20,6551.06,6604.54,6518.25,6529.18
12/17/20,6570.91,6601.63,6551.06,6551.06
12/16/20,6513.32,6598.42,6513.32,6570.91
12/15/20,6531.83,6558.24,6484.04,6513.32
12/14/20,6546.75,6583.7,6524.7,6531.83
2012-11-20,6599.76,6607.44,6520.54,6546.75
2012-10-20,6564.29,6640.74,6561.11,6599.76
2012-09-20,6558.82,6623.03,6558.82,6564.29
2012-08-20,6555.39,6567.59,6518.37,6558.82
2012-07-20,6550.23,6601.11,6519.82,6555.39
2012-04-20,6490.27,6559.18,6489.75,6550.23
2012-03-20,6463.39,6491.49,6430.27,6490.27
2012-02-20,6384.73,6468.64,6367.51,6463.39
2012-01-20,6266.19,6400.24,6263.6,6384.73
11/30/20,6367.58,6404.02,6266.19,6266.19
11/27/20,6362.93,6375.91,6302.22,6367.58
11/26/20,6391.09,6412.65,6349.53,6362.93
11/25/20,6432.17,6468.73,6375.25,6391.09
11/24/20,6333.84,6432.42,6333.72,6432.17
11/23/20,6351.45,6392.08,6325.24,6333.84
11/20/20,6334.35,6386.7,6324.6,6351.45
11/19/20,6385.24,6385.24,6314.26,6334.35
11/18/20,6365.33,6395.91,6326.74,6385.24
11/17/20,6421.29,6424.53,6308.99,6365.33
11/16/20,6316.39,6463.51,6316.39,6421.29
11/13/20,6338.94,6338.97,6280.4,6316.39
2011-12-20,6382.1,6382.1,6295.79,6338.94
2011-11-20,6296.85,6397.28,6293.21,6382.1
2011-10-20,6186.29,6307,6180.47,6296.85
2011-09-20,5910.02,6258.31,5910.02,6186.29
2011-06-20,5906.18,5950.22,5858.48,5910.02
2011-05-20,5883.26,5933.05,5881.87,5906.18
2011-04-20,5786.77,5885.67,5711.21,5883.26
2011-03-20,5654.97,5787.61,5654.97,5786.77
2011-02-20,5577.27,5665.3,5554.73,5654.97
10/30/20,5581.75,5593.4,5534.08,5577.27
10/29/20,5582.8,5616.58,5534.66,5581.75
10/28/20,5728.99,5728.99,5525.52,5582.8
10/27/20,5792.01,5806.23,5728.18,5728.99
10/26/20,5860.28,5868.36,5782.37,5792.01
10/23/20,5785.65,5885.38,5781.78,5860.28
10/22/20,5776.5,5796.44,5716.4,5785.65
10/21/20,5889.22,5903.38,5769.62,5776.5
10/20/20,5884.65,5915.47,5861.81,5889.22
10/19/20,5919.58,5959.67,5871.95,5884.65
10/16/20,5832.52,5933.81,5832.52,5919.58
10/15/20,5935.06,5935.06,5786.2,5832.52
10/14/20,5969.71,6009.81,5926.49,5935.06
10/13/20,6001.38,6008.04,5949.97,5969.71
2010-12-20,6016.65,6037.08,5995.11,6001.38
2010-09-20,5978.03,6040.47,5978.03,6016.65
2010-08-20,5946.25,6004.15,5929.41,5978.03
2010-07-20,5949.94,5977.15,5929.16,5946.25
2010-06-20,5942.94,5971.48,5903.4,5949.94
2010-05-20,5902.12,5974.22,5902.12,5942.94
2010-02-20,5879.45,5902.12,5809.61,5902.12
2010-01-20,5866.1,5925.77,5849.82,5879.45
09/30/20,5897.5,5931.37,5854.46,5866.1
09/29/20,5927.93,5927.93,5862.93,5897.5
09/28/20,5842.67,5954.42,5842.67,5927.93
09/25/20,5822.78,5843.72,5771.49,5842.67
09/24/20,5899.26,5899.26,5805.28,5822.78
09/23/20,5829.46,5974.88,5829.46,5899.26
09/22/20,5804.29,5871.28,5794.54,5829.46
09/21/20,6007.05,6007.05,5779.24,5804.29
09/18/20,6049.92,6055.24,6006.28,6007.05
09/17/20,6078.48,6078.48,5998.69,6049.92
09/16/20,6105.54,6119.24,6057.63,6078.48
09/15/20,6026.25,6123.69,6026.17,6105.54
09/14/20,6032.09,6080.02,6011.83,6026.25
2009-11-20,6003.32,6057.69,5992.93,6032.09
2009-10-20,6012.84,6028.76,5950.62,6003.32
2009-09-20,5930.3,6031.25,5923.43,6012.84
2009-08-20,5937.4,5985.26,5868.87,5930.3
2009-07-20,5799.08,5946.93,5798.47,5937.4
2009-04-20,5850.86,5904.16,5778.4,5799.08
2009-03-20,5940.95,5996.24,5838.02,5850.86
2009-02-20,5862.05,5974.7,5862.05,5940.95
2009-01-20,5963.57,5972.52,5824.04,5862.05
08/28/20,5999.99,6033.04,5962.46,5963.57
08/27/20,6045.6,6062.52,5999.99,5999.99
08/26/20,6037.01,6050.81,5992.22,6045.6
08/25/20,6104.73,6173.48,6032.1,6037.01
08/24/20,6001.89,6119.8,6001.89,6104.73
08/21/20,6013.34,6036.51,5948.8,6001.89
08/20/20,6111.98,6111.98,6009.61,6013.34
08/19/20,6076.62,6114.83,6045,6111.98
08/18/20,6127.44,6162.66,6062.58,6076.62
08/17/20,6090.04,6140.19,6061.46,6127.44
08/14/20,6185.62,6185.62,6036.13,6090.04
08/13/20,6280.12,6280.12,6185.62,6185.62
2008-12-20,6154.34,6297.2,6151.64,6280.12
2008-11-20,6050.59,6206,6050.59,6154.34
2008-10-20,6032.18,6099.48,6028.49,6050.59
2008-07-20,6026.94,6046.02,5996.73,6032.18
2008-06-20,6104.72,6104.72,5980.44,6026.94
2008-05-20,6036,6111.5,6036,6104.72
2008-04-20,6032.85,6056.47,5986.77,6036
2008-03-20,5897.76,6038.76,5857.06,6032.85
07/31/20,5989.99,6046.33,5897.76,5897.76
07/30/20,6131.46,6145.83,5924.7,5989.99
07/29/20,6129.26,6155.06,6116.72,6131.46
07/28/20,6104.88,6149.86,6083.65,6129.26
07/27/20,6123.82,6127.62,6086.64,6104.88
07/24/20,6211.44,6211.44,6099.06,6123.82
07/23/20,6207.1,6273.63,6202.9,6211.44
07/22/20,6269.73,6270.96,6197.45,6207.1
07/21/20,6261.52,6315.68,6253.9,6269.73
07/20/20,6290.3,6297.64,6222.15,6261.52
07/17/20,6250.69,6293.68,6230.01,6290.3
07/16/20,6292.65,6296.78,6227.33,6250.69
07/15/20,6179.75,6323.55,6179.75,6292.65
07/14/20,6176.19,6179.75,6093.23,6179.75
07/13/20,6095.41,6187.33,6095.41,6176.19
2007-10-20,6049.62,6108.2,6003.19,6095.41
2007-09-20,6156.16,6176.84,6040.26,6049.62
2007-08-20,6189.9,6208.43,6144.52,6156.16
2007-07-20,6285.94,6285.94,6179.97,6189.9
2007-06-20,6157.3,6304.19,6157.3,6285.94
2007-03-20,6240.36,6262.71,6137.09,6157.3
2007-02-20,6157.96,6258.6,6157.96,6240.36
2007-01-20,6169.74,6201.95,6084.48,6157.96
06/30/20,6225.77,6237.51,6146.98,6169.74
06/29/20,6159.3,6251.96,6122.95,6225.77
06/26/20,6147.14,6262.13,6147.14,6159.3
06/25/20,6123.69,6162.44,6029.25,6147.14
06/24/20,6320.12,6320.12,6123.69,6123.69
06/23/20,6244.62,6342.19,6244.62,6320.12
06/22/20,6292.6,6309.04,6225.53,6244.62
06/19/20,6224.07,6319.81,6224.07,6292.6
06/18/20,6253.25,6284.96,6184.88,6224.07
06/17/20,6242.79,6309.74,6233.24,6253.25
06/16/20,6064.7,6299.02,6064.7,6242.79
06/15/20,6105.18,6105.18,5952.44,6064.7
2006-12-20,6076.7,6184.29,5993.2,6105.18
2006-11-20,6329.13,6329.13,6076.7,6076.7
2006-10-20,6335.72,6387.35,6293.83,6329.13
2006-09-20,6472.59,6475.01,6325.07,6335.72
2006-08-20,6484.3,6511.84,6423.06,6472.59
2006-05-20,6341.44,6489.99,6341.44,6484.3
2006-04-20,6382.41,6402.57,6314.59,6341.44
2006-03-20,6220.14,6394.7,6220.14,6382.41
2006-02-20,6166.42,6238.25,6165.05,6220.14
2006-01-20,6076.6,6179.34,6076.6,6166.42
05/29/20,6218.79,6218.79,6060.16,6076.6
05/28/20,6144.25,6234.04,6144.25,6218.79
05/27/20,6067.76,6167.96,6067.76,6144.25
05/26/20,5993.28,6130.12,5993.28,6067.76
05/22/20,6015.25,6015.25,5888.58,5993.28
05/21/20,6067.16,6093.74,6004.1,6015.25
05/20/20,6002.23,6074.46,5961.56,6067.16
05/19/20,6048.59,6111.96,5965.1,6002.23
05/18/20,5799.77,6058.17,5799.61,6048.59
05/15/20,5741.54,5837.88,5741.54,5799.77
05/14/20,5904.05,5904.05,5661.14,5741.54
05/13/20,5994.77,5994.77,5893.35,5904.05
2005-12-20,5939.73,6012.98,5911.37,5994.77
2005-11-20,5935.98,5999.13,5898.32,5939.73
2005-07-20,5853.76,5941.86,5853.6,5935.98
2005-06-20,5849.42,5897.44,5839.57,5853.76
2005-05-20,5753.78,5869.45,5753.78,5849.42
2005-04-20,5763.06,5792.85,5702.03,5753.78
2005-01-20,5901.21,5901.21,5746.06,5763.06
04/30/20,6115.25,6151.58,5897.91,5901.21
04/29/20,5958.5,6129.6,5950.83,6115.25
04/28/20,5846.79,5977.76,5835.92,5958.5
04/27/20,5752.23,5855.61,5752.23,5846.79
04/24/20,5826.61,5827.24,5728.8,5752.23
04/23/20,5770.63,5843.61,5735.93,5826.61
04/22/20,5641.03,5777.06,5641.03,5770.63
04/21/20,5812.83,5812.83,5641.03,5641.03
04/20/20,5786.96,5823.93,5707.73,5812.83
04/17/20,5628.43,5839.33,5628.43,5786.96
04/16/20,5597.65,5657.63,5577.78,5628.43
04/15/20,5791.31,5791.71,5576.35,5597.65
04/14/20,5842.66,5894.71,5778.98,5791.31
04/13/20,5842.66,5842.66,5842.66,5842.66
2004-10-20,5842.66,5842.66,5842.66,5842.66
2004-09-20,5677.73,5842.66,5677.68,5842.66
2004-08-20,5704.45,5704.45,5589.73,5677.73
2004-07-20,5582.39,5780.21,5582.39,5704.45
2004-06-20,5415.5,5590.58,5415.5,5582.39
2004-03-20,5480.22,5486.29,5396.66,5415.5
2004-02-20,5454.57,5552.36,5395.07,5480.22
2004-01-20,5671.96,5671.96,5414.72,5454.57
03/31/20,5563.74,5702.66,5545.85,5671.96
03/30/20,5510.33,5567.2,5351.84,5563.74
03/27/20,5815.73,5815.73,5407.06,5510.33
03/26/20,5688.2,5815.73,5503.35,5815.73
03/25/20,5446.01,5741.42,5400.47,5688.2
03/24/20,4993.89,5446.01,4993.89,5446.01
03/23/20,5190.78,5194.83,4922.76,4993.89
03/20/20,5151.61,5419.3,5151.61,5190.78
03/19/20,5080.58,5181.04,4942.37,5151.61
03/18/20,5294.9,5294.9,5006.2,5080.58
03/17/20,5151.08,5308.95,4978.84,5294.9
03/16/20,5366.11,5366.11,4898.79,5151.08
03/13/20,5237.48,5696.48,5237.48,5366.11
2003-12-20,5876.52,5876.52,5237.48,5237.48
2003-11-20,5960.23,6088.5,5860.75,5876.52
2003-10-20,5965.77,6231.06,5927.85,5960.23
2003-09-20,6462.55,6462.55,5891.56,5965.77
2003-06-20,6705.43,6705.43,6431.44,6462.55
2003-05-20,6815.59,6834.12,6662.61,6705.43
2003-04-20,6718.2,6856.27,6700.23,6815.59
2003-03-20,6654.89,6846.28,6654.89,6718.2
2003-02-20,6580.61,6775.18,6496.01,6654.89
02/28/20,6796.4,6796.4,6460.08,6580.61
02/27/20,7042.47,7042.47,6729.99,6796.4
02/26/20,7017.88,7044.66,6871.85,7042.47
02/25/20,7156.83,7198.23,7004.94,7017.88
02/24/20,7403.92,7403.92,7114.45,7156.83
02/21/20,7436.64,7436.7,7370.63,7403.92
02/20/20,7457.02,7480.49,7436.64,7436.64
02/19/20,7382.01,7462.01,7382.01,7457.02
02/18/20,7433.25,7433.25,7353.41,7382.01
02/17/20,7409.13,7449.95,7409.13,7433.25
02/14/20,7452.03,7472.85,7403.69,7409.13
02/13/20,7534.37,7534.37,7406.94,7452.03
2002-12-20,7499.44,7547.65,7499.01,7534.37
2002-11-20,7446.88,7499.44,7499.44,7499.44
2002-10-20,7466.7,7466.7,7427.85,7446.88
2002-07-20,7504.79,7506.26,7441.14,7466.7
2002-06-20,7482.48,7533.57,7482.48,7504.79
2002-05-20,7439.82,7512.41,7408.45,7482.48
2002-04-20,7326.31,7442.08,7326.31,7439.82
2002-03-20,7286.01,7359.98,7285.16,7326.31
01/31/20,7381.96,7398.34,7275.03,7286.01
01/30/20,7483.57,7483.57,7357.62,7381.96
01/29/20,7480.69,7514.73,7462.21,7483.57
01/28/20,7412.05,7491.44,7410.37,7480.69
01/27/20,7585.98,7585.98,7392.83,7412.05
01/24/20,7507.67,7642.21,7507.59,7585.98
01/23/20,7571.92,7572.13,7503.17,7507.67
01/22/20,7610.7,7637.35,7563.52,7571.92
01/21/20,7651.44,7651.44,7550.47,7610.7
01/20/20,7674.56,7682.77,7639.62,7651.44
01/17/20,7609.81,7689.67,7609.81,7674.56
01/16/20,7642.8,7653.58,7595.31,7609.81
01/15/20,7622.35,7642.8,7609.44,7642.8
01/14/20,7617.6,7650.69,7588.81,7622.35
01/13/20,7587.85,7635.77,7582.51,7617.6
2001-10-20,7598.12,7631.96,7585.07,7587.85
2001-09-20,7574.93,7627.76,7574.93,7598.12
2001-08-20,7573.85,7579.48,7524.96,7574.93
2001-07-20,7575.34,7604.59,7562.14,7573.85
2001-06-20,7622.4,7622.4,7528.08,7575.34
2001-03-20,7604.3,7626.41,7551,7622.4
2001-02-20,7542.44,7624.78,7542.44,7604.3
2001-01-20,7542.44,7587.41,7532.38,7542.44
12/31/19,7587.05,7587.41,7532.38,7542.44
12/30/19,7644.9,7644.9,7587.05,7587.05
12/27/19,7632.24,7665.4,7622.46,7644.9
12/26/19,7632.24,7632.24,7632.24,7632.24
12/25/19,7632.24,7636.16,7608.22,7632.24
12/24/19,7623.59,7636.16,7608.22,7632.24
12/23/19,7582.48,7628.2,7559.63,7623.59
12/20/19,7573.82,7599.52,7564.59,7582.48
12/19/19,7540.75,7575.9,7526.1,7573.82
12/18/19,7525.28,7557.05,7515.17,7540.75
12/17/19,7519.05,7537.66,7497.15,7525.28
12/16/19,7353.44,7552.65,7353.18,7519.05
12/13/19,7273.47,7429.04,7223.42,7353.44
2012-12-19,7216.25,7307.36,7216.08,7273.47
2012-11-19,7213.76,7250.67,7195.49,7216.25
2012-10-19,7233.9,7234.4,7137.84,7213.76
2012-09-19,7239.66,7255.73,7217.8,7233.9
2012-06-19,7137.85,7241.5,7137.85,7239.66
2012-05-19,7188.5,7194.78,7131.16,7137.85
2012-04-19,7158.76,7190.04,7139.91,7188.5
2012-03-19,7285.94,7285.94,7134.93,7158.76
2012-02-19,7346.53,7400.27,7277.02,7285.94
11/29/19,7416.43,7421.4,7346.53,7346.53
11/28/19,7429.78,7429.78,7385.32,7416.43
11/27/19,7403.14,7446,7400.38,7429.78
11/26/19,7396.29,7421.3,7384.96,7403.14
11/25/19,7326.81,7401.78,7326.81,7396.29
11/22/19,7238.55,7343.26,7238.47,7326.81
11/21/19,7262.49,7262.49,7197.33,7238.55
11/20/19,7323.8,7323.8,7219.11,7262.49
11/19/19,7307.7,7404.47,7307.7,7323.8
11/18/19,7302.94,7335.36,7293.4,7307.7
11/15/19,7292.76,7335.55,7243.15,7302.94
11/14/19,7351.21,7351.28,7292.76,7292.76
11/13/19,7365.44,7365.44,7301.71,7351.21
2011-12-19,7328.54,7390,7328.18,7365.44
2011-11-19,7359.38,7359.38,7258.46,7328.54
2011-08-19,7406.41,7406.83,7349.12,7359.38
2011-07-19,7396.65,7431.94,7396,7406.41
2011-06-19,7388.08,7398.78,7363.55,7396.65
2011-05-19,7369.69,7402.79,7369.61,7388.08
2011-04-19,7302.42,7392.73,7302.42,7369.69
2011-01-19,7248.38,7307.18,7248.38,7302.42
10/31/19,7330.78,7335.16,7245.23,7248.38
10/30/19,7306.26,7334.04,7278.18,7330.78
10/29/19,7331.28,7335.73,7264.74,7306.26
10/28/19,7324.47,7346.92,7291.59,7331.28
10/25/19,7328.25,7331.17,7279.78,7324.47
10/24/19,7260.74,7338.87,7255.46,7328.25
10/23/19,7212.49,7265.86,7194.13,7260.74
10/22/19,7163.64,7230.17,7146.69,7212.49
10/21/19,7150.57,7197.53,7139.38,7163.64
10/18/19,7182.32,7197.14,7146.11,7150.57
10/17/19,7167.95,7237.78,7162.04,7182.32
10/16/19,7211.64,7217.63,7149.84,7167.95
10/15/19,7213.45,7242.37,7176.67,7211.64
10/14/19,7247.08,7251.8,7194.21,7213.45
2010-11-19,7186.36,7250.09,7144.66,7247.08
2010-10-19,7166.5,7212.9,7130.52,7186.36
2010-09-19,7143.15,7196.41,7139.9,7166.5
2010-08-19,7197.88,7223.86,7143.15,7143.15
2010-07-19,7155.38,7206.89,7132.98,7197.88
2010-04-19,7077.64,7157.75,7077.4,7155.38
2010-03-19,7122.54,7129.02,7004.43,7077.64
2010-02-19,7360.32,7360.32,7119.72,7122.54
2010-01-19,7408.21,7433.24,7352.83,7360.32
09/30/19,7426.21,7439.62,7402.2,7408.21
09/27/19,7351.08,7440.77,7351,7426.21
09/26/19,7289.99,7387.09,7277.15,7351.08
09/25/19,7291.43,7292,7212.96,7289.99
09/24/19,7326.08,7348.97,7281.91,7291.43
09/23/19,7344.92,7362.3,7284.75,7326.08
09/20/19,7356.42,7376.31,7322.01,7344.92
09/19/19,7314.05,7373.08,7290.69,7356.42
09/18/19,7320.4,7350.52,7300.37,7314.05
09/17/19,7321.41,7350.24,7292.23,7320.4
09/16/19,7367.46,7378.32,7321.41,7321.41
09/13/19,7344.67,7380.29,7318.23,7367.46
2009-12-19,7338.03,7369.34,7303.17,7344.67
2009-11-19,7267.95,7346.71,7267.95,7338.03
2009-10-19,7235.81,7270.5,7199.4,7267.95
2009-09-19,7282.34,7325.21,7205.98,7235.81
2009-06-19,7271.17,7284.11,7244.13,7282.34
2009-05-19,7311.26,7330.71,7250.63,7271.17
2009-04-19,7268.19,7334.55,7268.19,7311.26
2009-03-19,7281.94,7301.47,7239.1,7268.19
2009-02-19,7207.18,7315.26,7206.9,7281.94
08/30/19,7184.32,7240.37,7179.7,7207.18
08/29/19,7114.71,7199.2,7103.12,7184.32
08/28/19,7089.58,7131.21,7050,7114.71
08/27/19,7094.98,7110.76,7044.73,7089.58
08/23/19,7128.18,7188.59,7094.98,7094.98
08/22/19,7203.97,7203.97,7103.67,7128.18
08/21/19,7125,7215.53,7122.12,7203.97
08/20/19,7189.65,7231.65,7121.24,7125
08/19/19,7117.15,7214.23,7117.15,7189.65
08/16/19,7067.01,7125.9,7067.01,7117.15
08/15/19,7147.88,7148.75,7020.22,7067.01
08/14/19,7250.9,7268.73,7112.05,7147.88
08/13/19,7226.72,7281.14,7166.86,7250.9
2008-12-19,7253.85,7305.56,7207.46,7226.72
2008-09-19,7285.9,7297.28,7237.13,7253.85
2008-08-19,7198.7,7285.9,7191.25,7285.9
2008-07-19,7171.69,7237.88,7153.89,7198.7
2008-06-19,7223.85,7241.57,7166.98,7171.69
2008-05-19,7407.06,7407.06,7200.54,7223.85
2008-02-19,7584.87,7585.24,7397.91,7407.06
2008-01-19,7586.78,7609.98,7535.9,7584.87
07/31/19,7646.77,7648.2,7576.12,7586.78
07/30/19,7686.61,7727.49,7643.65,7646.77
07/29/19,7549.06,7711.34,7548.86,7686.61
07/26/19,7489.05,7553.55,7486.74,7549.06
07/25/19,7501.46,7542.64,7462.73,7489.05
07/24/19,7556.86,7558.01,7479.07,7501.46
07/23/19,7514.93,7598.6,7514.93,7556.86
07/22/19,7508.7,7549.71,7491.79,7514.93
07/19/19,7493.09,7546.65,7475.49,7508.7
07/18/19,7535.46,7535.46,7482.6,7493.09
07/17/19,7577.2,7577.2,7519.22,7535.46
07/16/19,7531.72,7590.07,7524.52,7577.2
07/15/19,7505.97,7548.33,7487.44,7531.72
2007-12-19,7509.82,7537.1,7493.8,7505.97
2007-11-19,7530.69,7558.34,7501.66,7509.82
2007-10-19,7536.47,7559.12,7515.61,7530.69
2007-09-19,7549.27,7553.3,7517.94,7536.47
2007-08-19,7553.14,7571.34,7538.67,7549.27
2007-05-19,7603.58,7603.61,7541.86,7553.14
2007-04-19,7609.32,7622.58,7601.33,7603.58
2007-03-19,7559.19,7621.02,7558.47,7609.32
2007-02-19,7497.5,7565.27,7497.5,7559.19
2007-01-19,7425.63,7530.24,7425.63,7497.5
06/28/19,7402.33,7436.18,7398.92,7425.63
06/27/19,7416.39,7439.43,7375.51,7402.33
06/26/19,7422.43,7435.9,7405.54,7416.39
06/25/19,7416.69,7429.72,7373.22,7422.43
06/24/19,7407.5,7435.54,7399.56,7416.69
06/21/19,7424.44,7456.79,7382.94,7407.5
06/20/19,7403.54,7460.83,7403.54,7424.44
06/19/19,7443.04,7454.93,7399.17,7403.54
06/18/19,7357.31,7469.19,7345.55,7443.04
06/17/19,7345.78,7370.7,7324.54,7357.31
06/14/19,7368.57,7368.8,7316.44,7345.78
06/13/19,7367.62,7398.61,7350.98,7368.57
2006-12-19,7398.45,7398.45,7329.26,7367.62
2006-11-19,7375.54,7420.73,7375.54,7398.45
2006-10-19,7331.94,7380.14,7331.94,7375.54
2006-07-19,7259.85,7347.41,7258.16,7331.94
2006-06-19,7220.22,7275.66,7218.67,7259.85
2006-05-19,7216.74,7259.24,7201.36,7220.22
2006-04-19,7184.8,7223.96,7138.14,7214.29
2006-03-19,7161.71,7186.71,7079.71,7184.8
05/31/19,7218.16,7218.16,7130.85,7161.71
05/30/19,7185.3,7236.68,7180.57,7218.16
05/29/19,7268.95,7268.95,7151.37,7185.3
05/28/19,7277.73,7314.85,7262.8,7268.95
05/24/19,7231.04,7303.04,7231.01,7277.73
05/23/19,7334.19,7334.19,7211.33,7231.04
05/22/19,7328.92,7373.27,7313.55,7334.19
05/21/19,7310.88,7370.02,7310.88,7328.92
05/20/19,7348.62,7360.34,7268.63,7310.88
05/17/19,7353.51,7354.22,7307.33,7348.62
05/16/19,7296.95,7353.51,7265.77,7353.51
05/15/19,7241.6,7308.1,7223.08,7296.95
05/14/19,7163.68,7241.6,7163.68,7241.6
05/13/19,7203.29,7217.12,7150.89,7163.68
2005-10-19,7207.41,7268.17,7189.86,7203.29
2005-09-19,7271,7271,7192.18,7207.41
2005-08-19,7260.47,7278.32,7222.88,7271
2005-07-19,7380.64,7380.64,7251.03,7260.47
2005-03-19,7351.31,7418.17,7350.01,7380.64
2005-02-19,7385.26,7393.94,7339.45,7351.31
2005-01-19,7385.26,7446.46,7379.65,7385.26
04/30/19,7440.66,7451.32,7394.07,7418.22
04/29/19,7428.19,7456.49,7406.53,7440.66
04/26/19,7434.13,7442.39,7398.57,7428.19
04/25/19,7471.75,7473.32,7405.99,7434.13
04/24/19,7523.07,7523.79,7456.74,7471.75
04/23/19,7459.88,7528.93,7459.88,7523.07
04/22/19,7459.88,7475.91,7437.87,7459.88
04/19/19,7459.88,7475.91,7437.87,7459.88
04/18/19,7471.32,7475.91,7437.87,7459.88
04/17/19,7469.92,7478.95,7445.12,7471.32
04/16/19,7436.87,7485.93,7436.87,7469.92
04/15/19,7437.06,7447.08,7420.27,7436.87
2004-12-19,7417.95,7454.78,7415,7437.06
2004-11-19,7421.91,7441.89,7383.47,7417.95
2004-10-19,7425.57,7441.36,7409.39,7421.91
2004-09-19,7451.89,7477.62,7413.27,7425.57
2004-08-19,7446.87,7459.93,7420.41,7451.89
2004-05-19,7401.94,7461.39,7400.79,7446.87
2004-04-19,7418.28,7418.43,7367.44,7401.94
2004-03-19,7391.12,7418.31,7380.93,7418.28
2004-02-19,7317.38,7403.56,7316.81,7391.12
2004-01-19,7279.19,7352.15,7279.19,7317.38
03/29/19,7234.33,7287.72,7223.3,7279.19
03/28/19,7194.19,7265.47,7190.87,7234.33
03/27/19,7196.29,7222.64,7160.14,7194.19
03/26/19,7177.58,7221.02,7169.37,7196.29
03/25/19,7207.59,7208.09,7146.83,7177.58
03/22/19,7355.31,7356.37,7192.76,7207.59
03/21/19,7291.01,7370.61,7290.62,7355.31
03/20/19,7324,7341.57,7291.01,7291.01
03/19/19,7299.19,7350.1,7294.5,7324
03/18/19,7228.28,7299.19,7228.19,7299.19
03/15/19,7185.43,7243.8,7185.43,7228.28
03/14/19,7159.19,7215.45,7148.08,7185.43
03/13/19,7151.15,7181.85,7128.71,7159.19
2003-12-19,7130.62,7166.55,7083.22,7151.15
2003-11-19,7104.31,7181.61,7104.31,7130.62
2003-08-19,7157.55,7157.55,7077.93,7104.31
2003-07-19,7196,7196,7126.57,7157.55
2003-06-19,7183.43,7211.83,7170.25,7196
2003-05-19,7134.39,7191.65,7127.18,7183.43
2003-04-19,7106.73,7166.19,7106.73,7134.39
2003-01-19,7074.73,7129.72,7074.73,7106.73
02/28/19,7107.2,7107.2,7041.03,7074.73
02/27/19,7151.12,7151.12,7082.62,7107.2
02/26/19,7183.74,7183.79,7091.59,7151.12
02/25/19,7178.6,7210.7,7158.19,7183.74
02/22/19,7167.39,7220.52,7162.37,7178.6
02/21/19,7228.62,7228.78,7141.85,7167.39
02/20/19,7179.17,7234.16,7177.95,7228.62
02/19/19,7219.47,7219.53,7162.8,7179.17
02/18/19,7236.68,7242.09,7209.7,7219.47
02/15/19,7197.01,7261.63,7185.23,7236.68
02/14/19,7190.84,7232.83,7183.01,7197.01
02/13/19,7133.14,7205.07,7133.14,7190.84
2002-12-19,7129.11,7168.61,7121.72,7133.14
2002-11-19,7071.18,7149.23,7071.18,7129.11
2002-08-19,7093.58,7115.83,7064.9,7071.18
2002-07-19,7173.09,7187.51,7093.58,7093.58
2002-06-19,7177.37,7184.22,7146.65,7173.09
2002-05-19,7034.13,7180.71,7033.57,7177.37
2002-04-19,7020.22,7046.58,7002.42,7034.13
2002-01-19,6968.85,7024.45,6968.85,7020.22
01/31/19,6941.63,6994.88,6941.09,6968.85
01/30/19,6833.93,6967.7,6833.93,6941.63
01/29/19,6747.1,6860.34,6747.1,6833.93
01/28/19,6809.22,6812.53,6734,6747.1
01/25/19,6818.95,6858.19,6806.77,6809.22
01/24/19,6842.88,6854.59,6802.03,6818.95
01/23/19,6901.39,6901.63,6834.3,6842.88
01/22/19,6970.59,6970.59,6880.69,6901.39
01/21/19,6968.33,6987.93,6954.52,6970.59
01/18/19,6834.92,6984.36,6834.92,6968.33
01/17/19,6862.68,6862.68,6799.03,6834.92
01/16/19,6895.02,6912.44,6848.57,6862.68
01/15/19,6855.02,6910.45,6849.63,6895.02
01/14/19,6918.18,6918.21,6841.74,6855.02
2001-11-19,6942.87,7001.94,6902.65,6918.18
2001-10-19,6906.63,6948.18,6860.82,6942.87
2001-09-19,6861.6,6938.31,6861.6,6906.63
2001-08-19,6810.88,6901.48,6804.89,6861.6
2001-07-19,6837.42,6874.11,6778.01,6810.88
2001-04-19,6692.66,6850.37,6692.5,6837.42
2001-03-19,6734.23,6753.14,6685.09,6692.66
2001-02-19,6728.13,6753.29,6599.48,6734.23
2001-01-19,6728.13,6752.54,6718.32,6728.13
12/31/18,6733.97,6752.54,6718.32,6728.13
12/28/18,6584.68,6742.48,6584.68,6733.97
12/27/18,6685.99,6728.49,6536.53,6584.68
12/26/18,6685.99,6721.17,6661.04,6685.99
12/25/18,6685.99,6721.17,6661.04,6685.99
12/24/18,6721.17,6721.17,6661.04,6685.99
12/21/18,6711.93,6733,6653.65,6721.17
12/20/18,6765.94,6765.94,6646.45,6711.93
12/19/18,6701.59,6785.16,6698.15,6765.94
12/18/18,6773.24,6773.24,6701.59,6701.59
12/17/18,6845.17,6845.17,6761.38,6773.24
12/14/18,6877.5,6877.5,6788.65,6845.17
12/13/18,6880.19,6908.48,6848.98,6877.5
2012-12-18,6806.94,6902.19,6806.94,6880.19
2012-11-18,6721.54,6857.58,6721.54,6806.94
2012-10-18,6778.11,6815.84,6719.17,6721.54
2012-07-18,6704.05,6868.27,6704.05,6778.11
2012-06-18,6921.84,6921.84,6673.57,6704.05
2012-05-18,7022.76,7028.65,6921.84,6921.84
2012-04-18,7062.41,7095.01,7002.71,7022.76
2012-03-18,6980.24,7145.49,6980.24,7062.41
11/30/18,7038.95,7042.07,6965.6,6980.24
11/29/18,7004.52,7078.37,7004.52,7038.95
11/28/18,7016.85,7057.03,6987.25,7004.52
11/27/18,7036,7043.7,6983.98,7016.85
11/26/18,6952.86,7050.96,6952.86,7036
11/23/18,6960.32,6987.53,6912.3,6952.86
11/22/18,7050.23,7050.43,6944.95,6960.32
11/21/18,6947.92,7058.56,6947.92,7050.23
11/20/18,7000.89,7010.1,6904.21,6947.92
11/19/18,7013.88,7070.46,6997.83,7000.89
11/16/18,7038.01,7092.44,6968.99,7013.88
11/15/18,7033.79,7081.88,6979.57,7038.01
11/14/18,7053.76,7113.59,6979.68,7033.79
11/13/18,7053.08,7103.97,7016.64,7053.76
2011-12-18,7105.34,7186.31,7053.08,7053.08
2011-09-18,7140.68,7140.68,7070.8,7105.34
2011-08-18,7117.28,7171.69,7115.01,7140.68
2011-07-18,7040.68,7136.75,7040.68,7117.28
2011-06-18,7103.84,7117.5,7027.45,7040.68
2011-05-18,7094.12,7140.37,7077.4,7103.84
2011-02-18,7114.66,7196.39,7094.12,7094.12
2011-01-18,7128.1,7165.61,7085.74,7114.66
10/31/18,7035.85,7161.54,7035.85,7128.1
10/30/18,7026.32,7060.06,6983.68,7035.85
10/29/18,6939.56,7085.88,6939.56,7026.32
10/26/18,7004.1,7004.16,6851.59,6939.56
10/25/18,6962.98,7004.1,6885.99,7004.1
10/24/18,6955.21,7049.83,6955.21,6962.98
10/23/18,7042.8,7042.8,6928.65,6955.21
10/22/18,7049.8,7114.12,7042.05,7042.8
10/19/18,7026.99,7070.38,7012.56,7049.8
10/18/18,7054.6,7078.76,7026.74,7026.99
10/17/18,7059.4,7089.03,7019.41,7054.6
10/16/18,7029.22,7062.08,6998.93,7059.4
10/15/18,6995.91,7038.23,6961.28,7029.22
2010-12-18,7006.93,7073.99,6994.78,6995.91
2010-11-18,7145.74,7145.74,6998.02,7006.93
2010-10-18,7237.59,7242.31,7145.74,7145.74
2010-09-18,7233.33,7247.64,7184.28,7237.59
2010-08-18,7318.54,7319.84,7233.33,7233.33
2010-05-18,7418.34,7421.12,7318.54,7318.54
2010-04-18,7510.28,7510.28,7411.31,7418.34
2010-03-18,7474.55,7524.06,7474.55,7510.28
2010-02-18,7495.67,7495.67,7444.8,7474.55
2010-01-18,7510.2,7526.2,7466.67,7495.67
09/28/18,7545.44,7548.36,7474.67,7510.2
09/27/18,7511.49,7552.02,7490.94,7545.44
09/26/18,7507.56,7522.06,7490.2,7511.49
09/25/18,7458.41,7515.94,7455.22,7507.56
09/24/18,7490.23,7491.25,7450.53,7458.41
09/21/18,7367.32,7495.26,7367.32,7490.23
09/20/18,7331.12,7368.43,7324.01,7367.32
09/19/18,7300.23,7346.11,7279.92,7331.12
09/18/18,7302.1,7320.07,7281.98,7300.23
09/17/18,7304.04,7318.77,7267.83,7302.1
09/14/18,7281.57,7323.83,7281.57,7304.04
09/13/18,7313.36,7319.57,7275.14,7281.57
2009-12-18,7273.54,7325.25,7250.84,7313.36
2009-11-18,7279.3,7280.48,7220.5,7273.54
2009-10-18,7277.7,7307.85,7256.51,7279.3
2009-07-18,7318.96,7328.3,7227.07,7277.7
2009-06-18,7383.28,7397.74,7313.12,7318.96
2009-05-18,7457.86,7457.86,7357.98,7383.28
2009-04-18,7504.6,7535.12,7437.65,7457.86
2009-03-18,7432.42,7516.06,7432.18,7504.6
08/31/18,7516.03,7516.46,7428.67,7432.42
08/30/18,7563.21,7563.21,7497.54,7516.03
08/29/18,7617.22,7635.74,7545.08,7563.21
08/28/18,7577.49,7636.72,7577.49,7617.22
08/27/18,7577.49,7587.19,7557.67,7577.49
08/24/18,7563.22,7587.19,7557.67,7577.49
08/23/18,7574.24,7602.1,7560.85,7563.22
08/22/18,7565.7,7607.23,7531.24,7574.24
08/21/18,7591.26,7601.65,7557.34,7565.7
08/20/18,7558.59,7616.15,7558.59,7591.26
08/17/18,7556.38,7577.68,7514.26,7558.59
08/16/18,7497.87,7565.18,7497.87,7556.38
08/15/18,7611.64,7632.07,7477.05,7497.87
08/14/18,7642.45,7665.24,7599.66,7611.64
08/13/18,7667.01,7667.33,7614.48,7642.45
2008-10-18,7741.77,7741.77,7657.72,7667.01
2008-09-18,7776.65,7776.77,7714.52,7741.77
2008-08-18,7718.48,7790.17,7707.3,7776.65
2008-07-18,7663.78,7752.08,7663.2,7718.48
2008-06-18,7659.1,7681.86,7636.6,7663.78
2008-03-18,7575.93,7665.16,7575.93,7659.1
2008-02-18,7652.91,7652.91,7549.34,7575.93
2008-01-18,7748.76,7751.1,7634.66,7652.91
07/31/18,7700.85,7782.9,7695.76,7748.76
07/30/18,7701.31,7718.06,7659.91,7700.85
07/27/18,7663.17,7717.22,7663.16,7701.31
07/26/18,7658.26,7684.72,7640.94,7663.17
07/25/18,7709.05,7710.25,7640.59,7658.26
07/24/18,7655.79,7740.64,7648.59,7709.05
07/23/18,7678.79,7678.79,7621.75,7655.79
07/20/18,7683.97,7705.8,7631.66,7678.79
07/19/18,7676.28,7702.85,7660.02,7683.97
07/18/18,7626.33,7685.68,7625.75,7676.28
07/17/18,7600.45,7641.1,7581.83,7626.33
07/16/18,7661.87,7667.71,7564.96,7600.45
07/13/18,7651.33,7716.24,7651.33,7661.87
2007-12-18,7591.96,7662.96,7591.96,7651.33
2007-11-18,7692.04,7692.04,7578.18,7591.96
2007-10-18,7687.99,7715.07,7677.06,7692.04
2007-09-18,7617.7,7697.46,7617.7,7687.99
2007-06-18,7603.22,7631.19,7569.7,7617.7
2007-05-18,7573.09,7624.82,7572.69,7603.22
2007-04-18,7593.29,7593.29,7560.81,7573.09
2007-03-18,7547.85,7632.12,7544.98,7593.29
2007-02-18,7636.93,7636.93,7540.71,7547.85
06/29/18,7615.63,7706.64,7615.63,7636.93
06/28/18,7621.69,7632.17,7576.01,7615.63
06/27/18,7537.92,7633.92,7512.03,7621.69
06/26/18,7509.84,7564.05,7509.84,7537.92
06/25/18,7682.27,7682.27,7508.32,7509.84
06/22/18,7556.44,7689.44,7556.2,7682.27
06/21/18,7627.4,7670.78,7548.12,7556.44
06/20/18,7603.85,7705.2,7603.85,7627.4
06/19/18,7631.33,7631.33,7548.84,7603.85
06/18/18,7633.91,7645.47,7601.6,7631.33
06/15/18,7765.79,7781,7633.91,7633.91
06/14/18,7703.71,7793.45,7650.16,7765.79
06/13/18,7703.81,7746.7,7677.17,7703.71
2006-12-18,7737.43,7762.77,7701.33,7703.81
2006-11-18,7681.07,7756.02,7681.07,7737.43
2006-08-18,7704.4,7714.32,7637.52,7681.07
2006-07-18,7712.37,7756.66,7698.15,7704.4
2006-06-18,7686.8,7730.48,7671.62,7712.37
2006-05-18,7741.29,7744.46,7686.61,7686.8
2006-04-18,7701.77,7772.12,7701.7,7741.29
2006-01-18,7678.2,7746.73,7678.2,7701.77
05/31/18,7689.57,7727.45,7651.12,7678.2
05/30/18,7632.64,7689.57,7618.12,7689.57
05/29/18,7730.28,7730.28,7610.66,7632.64
05/28/18,7730.28,7753.32,7703.26,7730.28
05/25/18,7716.74,7753.32,7703.26,7730.28
05/24/18,7788.44,7803.45,7716.74,7716.74
05/23/18,7877.45,7877.45,7765.32,7788.44
05/22/18,7859.17,7903.5,7854.58,7877.45
05/21/18,7778.79,7868.12,7778.12,7859.17
05/18/18,7787.97,7791.41,7753.27,7778.79
05/17/18,7734.2,7788.23,7713.85,7787.97
05/16/18,7722.98,7745.53,7717.76,7734.2
05/15/18,7710.98,7752.02,7687.49,7722.98
05/14/18,7724.55,7727.96,7688.57,7710.98
2005-11-18,7700.97,7728.89,7691.69,7724.55
2005-10-18,7662.52,7706.87,7631.58,7700.97
2005-09-18,7565.75,7662.52,7565.75,7662.52
2005-08-18,7567.14,7598.51,7550.44,7565.75
2005-07-18,7567.14,7570.22,7502.69,7567.14
2005-04-18,7502.69,7570.22,7502.69,7567.14
2005-03-18,7543.2,7555.18,7492.39,7502.69
2005-02-18,7520.36,7572.98,7519.62,7543.2
2005-01-18,7509.3,7549.07,7506.57,7520.36
04/30/18,7502.21,7546.16,7497.11,7509.3
04/27/18,7421.43,7507.12,7421.28,7502.21
04/26/18,7379.32,7421.43,7355,7421.43
04/25/18,7425.4,7427.13,7334.64,7379.32
04/24/18,7398.87,7439.58,7397.29,7425.4
04/23/18,7368.17,7404.11,7359.73,7398.87
04/20/18,7328.92,7368.17,7323.31,7368.17
04/19/18,7317.34,7340.73,7309.42,7328.92
04/18/18,7226.05,7325.59,7226.05,7317.34
04/17/18,7198.2,7240.41,7189.85,7226.05
04/16/18,7264.56,7265.83,7195.46,7198.2
04/13/18,7258.34,7274.99,7249.07,7264.56
2004-12-18,7257.14,7266.64,7240.76,7258.34
2004-11-18,7266.75,7270.28,7243.32,7257.14
2004-10-18,7194.75,7266.75,7194.75,7266.75
2004-09-18,7183.64,7209.68,7145.57,7194.75
2004-06-18,7199.5,7214.02,7163.11,7183.64
2004-05-18,7034.01,7199.5,7034.01,7199.5
2004-04-18,7030.46,7046.26,6971.75,7034.01
2004-03-18,7056.61,7064.98,6996.76,7030.46
2004-02-18,7056.61,7109.93,7042.73,7056.61
03/30/18,7056.61,7109.93,7042.73,7056.61
03/29/18,7044.74,7109.93,7042.73,7056.61
03/28/18,7000.14,7044.74,6923.33,7044.74
03/27/18,6888.69,7042.37,6888.69,7000.14
03/26/18,6921.94,6958.47,6866.94,6888.69
03/23/18,6952.59,6952.82,6876.96,6921.94
03/22/18,7038.97,7038.97,6914.45,6952.59
03/21/18,7061.27,7065.66,7016.79,7038.97
03/20/18,7042.93,7081.5,7042.6,7061.27
03/19/18,7164.14,7164.19,7034.91,7042.93
03/16/18,7139.76,7187.27,7131.31,7164.14
03/15/18,7132.69,7162.58,7127.08,7139.76
03/14/18,7138.78,7176.51,7122.76,7132.69
03/13/18,7214.76,7224.13,7125.6,7138.78
2003-12-18,7224.51,7254.87,7198.18,7214.76
2003-09-18,7203.24,7225.28,7189.74,7224.51
2003-08-18,7157.84,7212.14,7145.7,7203.24
2003-07-18,7146.75,7180.71,7109.56,7157.84
2003-06-18,7115.98,7197.8,7115.6,7146.75
2003-05-18,7069.9,7119.21,7062.13,7115.98
2003-02-18,7175.64,7175.64,7063.42,7069.9
2003-01-18,7231.91,7231.91,7153.39,7175.64
02/28/18,7282.45,7293.36,7231.91,7231.91
02/27/18,7289.58,7326.02,7272.87,7282.45
02/26/18,7244.41,7312.98,7244.31,7289.58
02/23/18,7252.39,7262.05,7220.81,7244.41
02/22/18,7281.57,7281.57,7187.76,7252.39
02/21/18,7246.77,7291.8,7220.55,7281.57
02/20/18,7247.66,7264.78,7202.14,7246.77
02/19/18,7294.7,7306.21,7239.98,7247.66
02/16/18,7234.81,7307.97,7234.81,7294.7
02/15/18,7213.97,7267.96,7206.69,7234.81
02/14/18,7168.01,7243.15,7145.73,7213.97
02/13/18,7177.06,7202.99,7165.83,7168.01
2002-12-18,7092.43,7199.93,7092.43,7177.06
2002-09-18,7170.69,7170.69,7073.03,7092.43
2002-08-18,7279.42,7279.42,7161.31,7170.69
2002-07-18,7141.4,7311.5,7141.4,7279.42
2002-06-18,7334.98,7334.98,7079.41,7141.4
2002-05-18,7443.43,7443.43,7334.79,7334.98
2002-02-18,7490.39,7494.76,7432.25,7443.43
2002-01-18,7533.55,7554.73,7476.51,7490.39
01/31/18,7587.98,7599.01,7521.77,7533.55
01/30/18,7671.53,7671.67,7587.12,7587.98
01/29/18,7665.54,7689.15,7663.93,7671.53
01/26/18,7615.84,7667.4,7615.84,7665.54
01/25/18,7643.43,7662.35,7608.53,7615.84
01/24/18,7731.83,7731.98,7643.43,7643.43
01/23/18,7715.44,7745.22,7710.03,7731.83
01/22/18,7730.79,7739.35,7703.67,7715.44
01/19/18,7700.96,7731.82,7694.66,7730.79
01/18/18,7725.43,7739.54,7683.71,7700.96
01/17/18,7755.93,7755.93,7711.11,7725.43
01/16/18,7769.14,7791.83,7740.55,7755.93
01/15/18,7778.64,7783.61,7763.43,7769.14
2001-12-18,7762.94,7792.56,7752.63,7778.64
2001-11-18,7748.51,7768.96,7734.64,7762.94
2001-10-18,7731.02,7756.11,7716.21,7748.51
2001-09-18,7696.51,7733.12,7696.5,7731.02
2001-08-18,7724.22,7733.39,7691.77,7696.51
2001-05-18,7695.88,7727.73,7689.81,7724.22
2001-04-18,7671.11,7702.51,7671.11,7695.88
2001-03-18,7648.1,7689.86,7640.53,7671.11
2001-02-18,7687.77,7691.34,7624.14,7648.1
2001-01-18,7687.77,7697.62,7620.01,7687.77
12/29/17,7622.88,7697.62,7620.01,7687.77
12/28/17,7620.68,7633.55,7609.77,7622.88
12/27/17,7592.66,7632.71,7586.42,7620.68
12/26/17,7592.66,7614.4,7585.47,7592.66
12/25/17,7592.66,7614.4,7585.47,7592.66
12/22/17,7603.98,7614.4,7585.47,7592.66
12/21/17,7525.22,7609.69,7517.88,7603.98
12/20/17,7544.09,7550.6,7511.45,7525.22
12/19/17,7537.01,7563.49,7534.08,7544.09
12/18/17,7490.57,7544.26,7490.57,7537.01
12/15/17,7448.12,7490.57,7433.78,7490.57
12/14/17,7496.51,7496.7,7448.12,7448.12
12/13/17,7500.41,7510.77,7492.58,7496.51
2012-12-17,7453.48,7501.52,7448.31,7500.41
2012-11-17,7393.96,7458.4,7393.58,7453.48
2012-08-17,7320.75,7412.21,7314.23,7393.96
2012-07-17,7348.03,7371.73,7314.6,7320.75
2012-06-17,7327.5,7369.71,7289.36,7348.03
2012-05-17,7338.97,7373.9,7326.57,7327.5
2012-04-17,7300.49,7369.65,7300.49,7338.97
2012-01-17,7326.67,7355.43,7288.73,7300.49
11/30/17,7393.56,7416.26,7326.67,7326.67
11/29/17,7460.65,7460.65,7386.67,7393.56
11/28/17,7383.9,7469.61,7373.95,7460.65
11/27/17,7409.64,7438.39,7383.9,7383.9
11/24/17,7417.24,7425.19,7389.54,7409.64
11/23/17,7419.02,7422.73,7373.31,7417.24
11/22/17,7411.34,7460.91,7410.38,7419.02
11/21/17,7389.46,7422.18,7367.86,7411.34
11/20/17,7380.68,7397.39,7350.37,7389.46
11/17/17,7386.94,7406.53,7356.16,7380.68
11/16/17,7372.61,7393.28,7368.14,7386.94
11/15/17,7414.42,7415.09,7357.06,7372.61
11/14/17,7415.18,7436.57,7396.92,7414.42
11/13/17,7432.99,7469.3,7402.95,7415.18
2011-10-17,7484.1,7500.29,7421.73,7432.99
2011-09-17,7529.72,7532.2,7476.89,7484.1
2011-08-17,7513.11,7534.49,7504.77,7529.72
2011-07-17,7562.28,7582.85,7507.83,7513.11
2011-06-17,7560.35,7572.9,7544.2,7562.28
2011-03-17,7555.32,7580.95,7541.91,7560.35
2011-02-17,7487.96,7562.26,7478.88,7555.32
2011-01-17,7493.08,7532.36,7487.96,7487.96
10/31/17,7487.81,7516.85,7483.97,7493.08
10/30/17,7505.03,7507.02,7478.41,7487.81
10/27/17,7486.5,7520.76,7485.24,7505.03
10/26/17,7447.21,7488.26,7440.11,7486.5
10/25/17,7526.54,7528.46,7437.42,7447.21
10/24/17,7524.45,7535.22,7508.5,7526.54
10/23/17,7523.23,7542,7511.77,7524.45
10/20/17,7523.04,7560.04,7517.07,7523.23
10/19/17,7542.87,7542.87,7485.42,7523.04
10/18/17,7516.17,7555.24,7516.17,7542.87
10/17/17,7526.97,7550.44,7506.31,7516.17
10/16/17,7535.44,7557,7526.73,7526.97
10/13/17,7556.24,7556.24,7521.09,7535.44
2010-12-17,7533.81,7565.11,7526.33,7556.24
2010-11-17,7538.27,7550.17,7519.6,7533.81
2010-10-17,7507.89,7543.88,7504.56,7538.27
2010-09-17,7522.87,7523.65,7493.68,7507.89
2010-06-17,7507.99,7527.72,7507.99,7522.87
2010-05-17,7467.58,7507.99,7464.4,7507.99
2010-04-17,7468.11,7476.33,7456.61,7467.58
2010-03-17,7438.84,7469.82,7426.67,7468.11
2010-02-17,7372.76,7438.84,7372.73,7438.84
09/29/17,7322.82,7382.67,7321.64,7372.76
09/28/17,7313.51,7323.33,7289.75,7322.82
09/27/17,7285.74,7327.5,7285.74,7313.51
09/26/17,7301.29,7311.82,7273.32,7285.74
09/25/17,7310.64,7312.45,7272.49,7301.29
09/22/17,7263.9,7320.28,7242.23,7310.64
09/21/17,7271.95,7289.16,7260.05,7263.9
09/20/17,7275.25,7289.93,7249.58,7271.95
09/19/17,7253.28,7285.67,7243.59,7275.25
09/18/17,7215.47,7257.45,7215.47,7253.28
09/15/17,7295.39,7295.39,7196.58,7215.47
09/14/17,7379.7,7390.7,7287.73,7295.39
09/13/17,7400.69,7401.3,7336.23,7379.7
2009-12-17,7413.59,7435.84,7386.98,7400.69
2009-11-17,7377.6,7434.07,7377.6,7413.59
2009-08-17,7396.98,7396.98,7358.42,7377.6
2009-07-17,7354.13,7412.68,7348.38,7396.98
2009-06-17,7372.92,7372.92,7322.42,7354.13
2009-05-17,7411.47,7437.51,7369.58,7372.92
2009-04-17,7438.5,7438.5,7404.05,7411.47
2009-01-17,7430.62,7460.52,7430.06,7438.5
08/31/17,7365.26,7443.68,7365.01,7430.62
08/30/17,7337.43,7381.33,7337.43,7365.26
08/29/17,7401.46,7401.62,7289.2,7337.43
08/28/17,7401.46,7439.53,7401.46,7401.46
08/25/17,7407.06,7439.53,7401.46,7401.46
08/24/17,7382.65,7437.87,7382.16,7407.06
08/23/17,7381.74,7394.52,7360.33,7382.65
08/22/17,7318.88,7387.55,7318.88,7381.74
08/21/17,7323.98,7331.95,7296.8,7318.88
08/18/17,7387.87,7387.87,7302.47,7323.98
08/17/17,7433.03,7433.74,7382.16,7387.87
08/16/17,7383.85,7444.98,7383.85,7433.03
08/15/17,7353.89,7399.35,7353.89,7383.85
08/14/17,7309.96,7377.66,7309.96,7353.89
