Date,Adj_Close,Open,High,Low,Vol.,Change %
2022-11-11,"150,413.34","144,879.06","150,608.41","144,879.06",,3.82%
2022-11-10,"144,879.06","143,091.48","147,722.77","143,091.48",,1.25%
2022-11-09,"143,091.48","148,059.80","148,182.28","142,796.56",,-3.27%
2022-11-08,"147,924.03","147,829.64","150,161.19","145,978.56",,0.06%
2022-11-07,"147,829.64","151,491.70","153,569.63","147,648.00",,-2.27%
2022-11-04,"151,263.25","150,451.02","152,899.69","150,405.23",,0.54%
2022-11-03,"150,451.02","149,315.06","151,577.70","147,989.89",,0.76%
2022-11-02,"149,309.36","153,002.14","153,102.03","149,259.42",,-2.41%
2022-11-01,"153,002.14","149,938.31","154,031.50","149,938.31",,2.04%
2022-10-31,"149,938.31","147,867.52","150,238.84","147,645.02",,1.42%
2022-10-28,"147,845.41","148,147.13","148,426.44","145,936.13",,-0.18%
2022-10-27,"148,109.61","145,028.47","148,808.67","144,916.97",,2.12%
2022-10-26,"145,028.47","143,962.91","145,802.77","143,962.91",,0.74%
2022-10-25,"143,959.36","139,733.39","144,060.78","139,710.55",,3.02%
2022-10-24,"139,733.39","138,944.80","140,421.42","136,188.58",,0.57%
2022-10-21,"138,944.80","136,138.78","139,218.97","136,138.78",,2.06%
2022-10-20,"136,138.78","136,484.20","139,712.72","135,631.72",,-0.25%
2022-10-19,"136,484.20","137,542.20","138,156.34","136,155.95",,-0.77%
2022-10-18,"137,542.20","138,953.48","139,750.53","136,685.13",,-1.02%
2022-10-17,"138,953.48","137,290.73","140,431.64","137,290.73",,1.21%
2022-10-14,"137,290.73","140,763.77","140,763.77","136,909.70",,-2.47%
2022-10-13,"140,763.77","136,396.44","140,970.06","135,791.30",,3.20%
2022-10-12,"136,396.44","136,982.38","137,331.94","135,657.66",,-0.43%
2022-10-11,"136,982.38","144,645.33","144,645.33","136,712.88",,-5.30%
2022-10-06,"144,645.33","146,722.88","147,256.70","144,518.89",,-1.42%
2022-10-05,"146,722.88","144,926.66","148,056.33","143,549.97",,1.24%
2022-10-04,"144,926.66","145,068.69","147,619.30","144,399.06",,-0.09%
2022-10-03,"145,062.98","139,137.20","145,271.28","139,137.20",,4.28%
2022-09-30,"139,115.09","138,041.98","140,154.36","137,832.23",,0.80%
2022-09-29,"138,004.48","138,023.36","138,628.89","134,864.61",,-0.01%
2022-09-28,"138,023.36","135,472.73","138,402.02","135,472.73",,1.88%
2022-09-27,"135,472.73","138,148.27","140,167.27","134,814.89",,-1.94%
2022-09-26,"138,148.27","142,931.73","143,803.55","136,991.16",,-3.35%
2022-09-23,"142,931.73","149,480.84","149,480.84","142,610.00",,-4.38%
2022-09-22,"149,480.84","146,980.13","149,766.02","146,578.31",,1.70%
2022-09-21,"146,980.13","147,929.75","148,433.03","145,631.73",,-0.64%
2022-09-20,"147,929.75","150,262.08","150,953.86","147,227.70",,-1.55%
2022-09-19,"150,262.08","145,741.81","150,971.41","145,296.84",,3.10%
2022-09-16,"145,741.81","144,765.55","146,790.77","143,422.95",,0.67%
2022-09-15,"144,765.55","146,750.05","148,452.17","143,894.27",,-1.35%
2022-09-14,"146,750.05","142,941.59","146,990.06","142,941.59",,2.66%
2022-09-13,"142,941.59","144,714.11","145,873.56","142,768.23",,-1.22%
2022-09-12,"144,714.11","144,642.19","147,135.34","144,269.28",,0.05%
2022-09-09,"144,642.19","141,509.31","144,848.36","141,509.31",,2.21%
2022-09-08,"141,509.31","141,189.48","144,110.63","140,530.31",,0.36%
2022-09-07,"141,001.53","137,309.27","141,870.75","136,326.30",,2.69%
2022-09-06,"137,309.27","138,268.03","138,701.11","136,595.48",,-0.69%
2022-09-05,"138,268.03","136,369.09","139,989.19","136,369.09",,1.44%
2022-09-01,"136,302.13","136,240.97","137,706.94","134,328.98",,0.04%
2022-08-31,"136,240.97","141,133.59","142,206.16","136,050.73",,-3.47%
2022-08-30,"141,133.59","143,805.16","143,805.16","140,446.80",,-1.86%
2022-08-29,"143,805.16","141,459.95","145,859.42","140,996.20",,1.66%
2022-08-26,"141,459.95","142,777.63","143,246.84","138,832.80",,-0.92%
2022-08-25,"142,777.63","140,246.05","143,037.52","139,342.69",,1.81%
2022-08-24,"140,246.05","136,997.69","140,800.06","136,290.95",,2.37%
2022-08-23,"136,997.69","132,252.56","137,322.61","132,252.56",,3.59%
2022-08-22,"132,252.56","131,009.08","132,419.77","129,648.85",,0.95%
2022-08-19,"131,009.08","131,490.91","131,490.91","128,619.82",,-0.37%
2022-08-18,"131,490.91","125,962.94","131,584.88","125,962.94",,4.39%
2022-08-17,"125,962.94","124,787.34","126,151.06","124,106.22",,0.94%
2022-08-16,"124,787.34","125,979.57","127,589.79","123,681.83",,-0.95%
2022-08-12,"125,979.57","123,333.93","126,263.46","123,333.93",,2.15%
2022-08-11,"123,333.93","122,129.90","124,616.97","122,129.90",,0.99%
2022-08-10,"122,129.90","121,920.79","123,108.25","121,243.26",,0.17%
2022-08-09,"121,920.79","123,953.36","123,953.36","121,707.72",,-1.64%
2022-08-08,"123,953.36","121,003.89","124,194.48","121,003.89",,2.44%
2022-08-05,"121,003.89","120,437.18","122,564.53","120,437.18",,0.47%
2022-08-04,"120,437.18","120,389.93","121,699.30","119,097.40",,0.04%
2022-08-03,"120,389.93","118,691.20","120,658.11","118,114.42",,1.43%
2022-08-02,"118,691.20","117,592.51","120,092.17","117,144.50",,0.94%
2022-08-01,"117,586.78","122,551.36","122,870.90","117,255.14",,-4.03%
2022-07-29,"122,528.27","127,592.57","130,078.83","122,223.13",,-3.82%
2022-07-28,"127,400.00","126,361.98","130,650.78","124,416.80",,0.82%
2022-07-27,"126,361.98","120,038.38","126,670.33","118,813.91",,5.27%
2022-07-26,"120,038.38","119,508.31","121,436.69","118,521.36",,0.44%
2022-07-25,"119,508.31","113,851.41","119,805.83","113,851.41",,4.97%
2022-07-22,"113,851.41","112,017.03","114,070.16","111,070.23",,1.64%
2022-07-21,"112,017.03","106,949.06","113,408.54","106,333.99",,4.74%
2022-07-20,"106,949.06","107,185.43","107,648.06","106,016.87",,-0.22%
2022-07-19,"107,185.43","105,441.24","107,547.08","105,441.24",,1.65%
2022-07-18,"105,441.24","104,222.92","106,523.39","104,222.92",,1.17%
2022-07-15,"104,222.92","100,518.41","104,351.34","100,430.45",,3.69%
2022-07-14,"100,518.41","102,270.96","102,270.96","100,026.97",,-1.71%
2022-07-13,"102,270.96","103,209.83","103,369.45","101,955.15",,-0.91%
2022-07-12,"103,209.83","104,431.92","104,445.42","101,790.59",,-1.17%
2022-07-11,"104,431.92","105,851.67","105,851.67","101,922.03",,-1.34%
2022-07-08,"105,850.01","102,591.51","106,469.99","101,143.99",,3.51%
2022-07-07,"102,265.41","95,075.87","102,585.79","95,075.87",,7.56%
2022-07-06,"95,075.87","92,689.47","95,199.72","90,918.51",,2.57%
2022-07-05,"92,689.47","89,134.49","92,950.40","89,066.26",,3.99%
2022-07-04,"89,128.79","90,249.12","90,249.12","87,005.58",,-1.02%
2022-07-01,"90,050.78","88,449.89","90,276.51","87,760.97",,1.81%
2022-06-30,"88,449.89","88,130.75","89,244.56","85,765.30",,0.36%
2022-06-29,"88,130.75","88,194.70","88,544.18","86,567.35",,-0.07%
2022-06-28,"88,194.70","85,712.27","88,349.61","85,712.27",,2.90%
2022-06-27,"85,712.27","82,605.64","85,785.12","82,374.26",,3.76%
2022-06-24,"82,605.64","83,170.06","84,061.25","82,295.51",,-0.68%
2022-06-23,"83,170.06","85,662.48","85,662.48","81,977.46",,-2.91%
2022-06-22,"85,662.48","86,545.90","86,624.76","85,412.04",,-1.02%
2022-06-21,"86,545.90","87,060.90","87,503.88","86,392.26",,-0.59%
2022-06-16,"87,060.90","88,465.55","88,465.55","86,564.63",,-1.59%
2022-06-15,"88,465.55","87,400.00","88,789.13","87,400.00",,1.22%
2022-06-14,"87,400.00","87,937.89","88,976.39","86,632.60",,-0.61%
2022-06-13,"87,937.89","89,143.04","89,143.04","86,617.30",,-1.35%
2022-06-10,"89,141.39","88,869.78","89,171.71","87,329.87",,0.31%
2022-06-09,"88,869.78","89,982.30","89,982.30","88,282.21",,-1.20%
2022-06-08,"89,946.88","90,938.11","91,218.84","89,843.60",,-1.09%
2022-06-07,"90,938.11","90,385.84","91,063.79","90,141.45",,0.65%
2022-06-06,"90,351.73","91,775.17","92,579.51","90,035.26",,-1.55%
2022-06-03,"91,775.17","91,678.62","92,025.59","91,343.54",,0.35%
2022-06-02,"91,452.04","91,369.58","92,141.32","90,732.23",,0.09%
2022-06-01,"91,369.58","92,288.03","92,489.39","90,607.70",,-1.00%
2022-05-31,"92,288.03","93,236.24","93,552.08","91,792.33",,-1.02%
2022-05-30,"93,236.24","93,683.29","94,207.30","93,120.33",,-0.48%
2022-05-27,"93,683.29","93,710.99","94,319.11","93,518.95",,-0.03%
2022-05-26,"93,710.99","91,271.67","93,776.47","91,271.67",,2.67%
2022-05-24,"91,271.67","90,344.05","91,447.90","89,835.74",,1.03%
2022-05-23,"90,344.05","88,118.96","90,525.42","87,698.05",,2.53%
2022-05-20,"88,118.96","88,634.32","89,799.93","87,330.94",,-0.58%
2022-05-19,"88,634.32","90,803.43","90,803.43","88,634.32",,-2.39%
2022-05-17,"90,803.43","89,964.80","91,857.03","89,964.80",,0.93%
2022-05-16,"89,964.80","88,795.76","90,385.92","88,500.97",,1.32%
2022-05-13,"88,795.76","85,532.83","88,974.53","85,532.83",,3.83%
2022-05-12,"85,520.83","85,762.84","86,786.67","84,285.57",,-0.28%
2022-05-11,"85,762.84","83,676.75","85,884.39","83,676.75",,2.49%
2022-05-10,"83,676.75","82,243.55","83,839.19","81,962.83",,1.74%
2022-05-09,"82,243.55","86,544.82","86,544.82","82,166.92",,-4.93%
2022-05-06,"86,507.22","86,434.10","87,178.82","85,155.52",,0.08%
2022-05-05,"86,434.10","89,909.37","89,909.37","86,229.26",,-3.32%
2022-05-04,"89,401.35","89,634.64","89,638.18","88,415.69",,-0.21%
2022-05-03,"89,585.33","87,608.13","89,751.28","87,515.70",,2.26%
2022-05-02,"87,608.13","88,250.97","88,250.97","86,661.63",,-0.73%
2022-04-29,"88,250.97","90,354.23","91,371.15","88,176.23",,-2.33%
2022-04-28,"90,354.23","90,033.25","91,019.08","89,337.51",,0.36%
2022-04-27,"90,033.25","89,574.68","90,913.66","89,363.49",,0.51%
2022-04-26,"89,574.68","91,154.73","91,154.73","89,213.99",,-1.73%
2022-04-25,"91,154.43","91,792.35","91,792.35","88,790.18",,-0.61%
2022-04-22,"91,717.07","91,656.75","92,688.46","91,414.05",,0.24%
2022-04-21,"91,496.13","92,559.34","93,140.99","91,263.00",,-1.15%
2022-04-20,"92,559.34","92,038.35","92,741.65","91,120.42",,0.57%
2022-04-19,"92,038.35","91,239.22","92,151.51","90,939.16",,0.88%
2022-04-18,"91,239.22","91,041.37","92,777.82","90,977.07",,0.22%
2022-04-13,"91,041.37","90,345.86","91,115.97","89,982.76",,0.77%
2022-04-12,"90,345.86","90,629.89","91,426.12","89,924.45",,-0.31%
2022-04-11,"90,629.89","92,091.47","92,245.72","90,487.64",,-1.59%
2022-04-08,"92,091.47","91,558.17","92,488.57","91,558.17",,0.58%
2022-04-07,"91,558.17","90,973.03","91,686.69","89,848.35",,0.64%
2022-04-06,"90,973.03","91,814.30","91,814.30","89,921.83",,-0.92%
2022-04-05,"91,814.30","93,218.66","94,374.34","91,811.62",,-1.51%
2022-04-04,"93,218.66","92,390.98","93,480.43","92,390.98",,0.90%
2022-04-01,"92,390.98","90,979.02","92,571.02","90,979.02",,1.57%
2022-03-31,"90,959.59","90,867.58","92,039.01","90,702.49",,0.10%
2022-03-30,"90,867.58","89,967.25","91,215.27","89,966.28",,1.00%
2022-03-29,"89,967.25","91,662.96","92,046.08","89,874.97",,-1.85%
2022-03-28,"91,662.96","93,010.43","93,058.55","91,643.90",,-1.45%
2022-03-25,"93,010.43","90,106.60","93,313.21","90,106.60",,3.22%
2022-03-23,"90,106.60","90,170.10","91,891.00","89,773.04",,-0.07%
2022-03-22,"90,170.10","90,041.05","91,362.50","89,979.33",,0.14%
2022-03-21,"90,041.05","89,057.57","90,989.16","89,032.58",,1.10%
2022-03-18,"89,057.57","89,645.88","90,693.78","88,790.42",,-0.66%
2022-03-17,"89,645.88","87,450.87","89,789.98","87,450.87",,2.51%
2022-03-16,"87,450.87","84,054.72","87,661.26","84,054.72",,4.04%
2022-03-15,"84,054.72","84,955.90","84,955.90","83,570.00",,-1.06%
2022-03-14,"84,955.90","88,999.06","89,003.20","84,747.71",,-4.54%
2022-03-11,"88,999.06","90,283.10","91,465.74","88,620.32",,-1.42%
2022-03-10,"90,283.10","87,226.46","90,393.34","87,138.68",,3.50%
2022-03-09,"87,226.46","88,061.14","89,354.10","87,003.09",,-0.95%
2022-03-08,"88,061.14","87,948.21","88,061.14","88,061.14",,0.13%
2022-03-07,"87,948.21","89,515.44","90,713.33","87,788.81",,-1.75%
2022-03-04,"89,515.44","91,558.04","91,988.91","88,451.40",,-2.23%
2022-03-03,"91,558.04","90,248.93","91,759.16","88,415.66",,1.45%
2022-03-02,"90,248.93","87,969.87","90,469.79","87,969.87",,2.59%
2022-02-25,"87,969.87","88,721.46","89,836.88","87,785.50",,-0.85%
2022-02-24,"88,721.46","91,359.52","91,359.52","87,311.53",,-2.89%
2022-02-23,"91,359.52","90,440.55","91,764.30","89,401.16",,1.02%
2022-02-22,"90,440.55","90,029.49","91,166.39","89,789.18",,0.46%
2022-02-21,"90,029.49","89,443.19","90,391.92","89,333.31",,0.66%
2022-02-18,"89,443.19","89,977.89","90,724.45","88,325.33",,-0.59%
2022-02-17,"89,977.89","90,577.55","91,286.02","89,977.89",,-0.66%
2022-02-16,"90,577.55","88,042.62","90,775.96","87,991.58",,2.88%
2022-02-15,"88,042.62","87,803.68","88,824.86","87,594.29",,0.27%
2022-02-14,"87,803.68","88,184.99","88,773.70","87,321.49",,-0.43%
2022-02-11,"88,184.99","87,559.37","89,904.46","87,468.08",,0.71%
2022-02-10,"87,559.37","87,393.09","88,462.99","86,994.38",,0.19%
2022-02-09,"87,393.09","88,149.17","89,097.93","87,309.28",,-0.86%
2022-02-08,"88,149.17","89,189.09","89,877.09","88,091.95",,-1.17%
2022-02-07,"89,189.09","87,934.02","89,438.90","87,934.02",,1.43%
2022-02-04,"87,934.02","88,091.28","88,637.16","87,225.92",,-0.18%
2022-02-03,"88,091.28","89,662.66","89,813.01","87,745.89",,-1.75%
2022-02-02,"89,662.66","91,416.55","92,732.37","89,490.72",,-1.92%
2022-02-01,"91,416.55","90,907.51","91,802.78","88,669.05",,0.56%
2022-01-31,"90,907.51","88,269.83","91,012.35","87,937.39",,2.99%
2022-01-28,"88,269.83","85,968.76","90,227.14","85,968.76",,2.68%
2022-01-27,"85,968.76","85,782.14","86,585.99","85,319.31",,0.22%
2022-01-26,"85,782.14","85,180.43","86,614.28","85,180.43",,0.71%
2022-01-25,"85,180.43","81,004.41","85,320.66","80,789.86",,5.16%
2022-01-24,"81,004.41","83,622.48","83,622.48","80,403.36",,-3.13%
2022-01-21,"83,622.48","85,126.37","85,172.93","83,382.39",,-1.77%
2022-01-20,"85,126.37","83,528.23","85,674.00","83,528.23",,1.91%
2022-01-19,"83,528.23","83,350.61","84,040.93","83,157.55",,0.21%
2022-01-18,"83,350.61","85,038.79","85,339.29","83,249.20",,-1.99%
2022-01-17,"85,038.79","85,481.07","85,481.07","84,758.48",,-0.52%
2022-01-14,"85,481.07","85,370.86","85,555.31","84,628.54",,0.13%
2022-01-13,"85,370.86","85,100.27","86,743.75","85,088.60",,0.32%
2022-01-12,"85,100.27","84,702.31","85,466.30","84,499.84",,0.47%
2022-01-11,"84,702.31","83,746.30","84,840.25","83,599.71",,1.14%
2022-01-10,"83,746.30","84,402.07","84,421.18","83,351.86",,-0.78%
2022-01-07,"84,402.07","83,761.35","84,502.28","83,408.53",,0.78%
2022-01-06,"83,747.84","83,835.72","84,408.07","82,671.92",,-0.10%
2022-01-05,"83,835.72","85,285.98","85,841.20","83,811.54",,-1.70%
2022-01-04,"85,285.98","85,579.11","86,355.52","85,002.47",,-0.34%
2022-01-03,"85,579.11","83,500.11","85,724.37","83,500.11",,2.49%
2021-12-30,"83,500.11","84,006.50","85,604.97","83,420.71",,-0.60%
2021-12-29,"84,006.50","82,787.32","84,395.93","82,224.39",,1.48%
2021-12-28,"82,783.68","84,581.25","85,467.57","82,380.25",,-2.11%
2021-12-27,"84,570.45","84,850.31","85,754.83","84,230.31",,-0.33%
2021-12-23,"84,850.31","83,651.80","85,572.16","83,651.80",,1.43%
2021-12-22,"83,651.80","84,137.68","85,172.12","83,568.44",,-0.58%
2021-12-21,"84,137.68","81,908.15","84,429.66","81,908.15",,2.72%
2021-12-20,"81,908.15","83,234.04","83,235.11","81,240.85",,-1.59%
2021-12-17,"83,234.04","82,995.22","83,779.04","82,491.37",,0.29%
2021-12-16,"82,995.22","80,939.44","83,453.10","80,939.44",,2.54%
2021-12-15,"80,939.44","82,178.84","82,697.51","80,533.13",,-1.51%
2021-12-14,"82,178.84","81,947.65","83,008.98","81,254.61",,0.28%
2021-12-13,"81,947.65","85,441.38","85,599.70","81,840.53",,-4.09%
2021-12-10,"85,441.38","86,544.92","87,585.28","85,240.97",,-1.28%
2021-12-09,"86,544.92","89,242.77","89,758.30","86,189.54",,-3.02%
2021-12-07,"89,242.77","88,287.43","89,836.50","88,287.43",,1.08%
2021-12-06,"88,287.43","86,359.78","88,542.21","86,169.96",,2.23%
2021-12-03,"86,359.78","87,451.27","88,898.65","84,646.29",,-1.25%
2021-12-02,"87,451.27","85,164.78","87,750.77","85,164.78",,2.68%
2021-12-01,"85,164.78","79,315.79","85,418.45","79,315.79",,7.37%
2021-11-30,"79,315.79","79,094.93","79,572.06","77,706.80",,0.28%
2021-11-29,"79,094.93","80,369.01","82,337.45","78,612.13",,-1.59%
2021-11-26,"80,369.01","84,956.92","84,956.92","79,416.52",,-5.40%
2021-11-25,"84,956.92","83,481.20","84,997.05","83,160.34",,1.77%
2021-11-24,"83,481.20","83,770.51","85,111.36","83,210.26",,-0.35%
2021-11-23,"83,770.51","85,695.15","85,695.15","82,836.99",,-2.25%
2021-11-19,"85,695.15","89,512.44","90,102.57","85,437.06",,-4.26%
2021-11-18,"89,512.44","87,541.77","89,923.91","85,650.37",,2.25%
2021-11-17,"87,541.77","89,674.14","90,277.83","86,380.25",,-2.38%
2021-11-16,"89,674.14","92,999.37","93,569.89","89,270.56",,-3.58%
2021-11-15,"92,999.37","94,963.42","96,599.21","91,222.10",,-2.07%
2021-11-12,"94,963.42","95,943.83","96,789.07","92,490.95",,-1.02%
2021-11-11,"95,943.83","95,130.59","96,945.46","95,025.82",,0.85%
2021-11-10,"95,130.59","94,381.35","96,158.45","93,753.71",,0.79%
2021-11-09,"94,381.35","96,045.61","97,024.42","94,025.16",,-1.73%
2021-11-08,"96,044.88","92,895.89","96,138.23","92,895.89",,3.39%
2021-11-05,"92,895.89","91,258.15","93,013.63","91,200.79",,1.79%
2021-11-04,"91,258.15","92,095.02","92,095.02","89,743.49",,-0.91%
2021-11-03,"92,095.02","89,273.04","92,124.21","88,983.22",,3.16%
2021-11-02,"89,273.04","87,511.81","89,486.81","86,700.31",,2.07%
2021-11-01,"87,460.35","83,560.96","87,723.12","83,560.96",,4.67%
2021-10-29,"83,560.96","86,034.23","86,253.98","83,295.82",,-2.87%
2021-10-28,"86,034.23","85,353.13","86,477.24","84,645.74",,0.80%
2021-10-27,"85,353.13","88,907.82","88,907.82","85,316.61",,-4.00%
2021-10-26,"88,907.82","89,391.76","90,576.75","88,836.84",,-0.54%
2021-10-25,"89,391.76","86,898.51","89,855.80","86,898.51",,2.87%
2021-10-22,"86,898.51","86,795.26","87,132.66","85,709.68",,0.12%
2021-10-21,"86,795.26","87,055.66","87,055.66","85,654.04",,-0.30%
2021-10-20,"87,055.66","84,307.98","87,157.62","84,307.98",,3.26%
2021-10-19,"84,307.98","82,859.69","84,402.48","82,474.31",,1.75%
2021-10-18,"82,859.69","81,990.22","83,471.70","81,818.75",,1.06%
2021-10-15,"81,990.22","80,138.01","82,264.39","80,138.01",,2.31%
2021-10-14,"80,138.01","78,427.93","80,255.19","78,427.93",,2.18%
2021-10-13,"78,427.93","77,927.87","78,518.26","77,100.96",,0.64%
2021-10-12,"77,927.87","77,553.97","79,372.54","77,553.97",,0.48%
2021-10-07,"77,553.31","77,443.10","78,406.08","77,400.98",,0.14%
2021-10-06,"77,443.10","78,191.50","78,191.50","76,756.98",,-0.96%
2021-10-05,"78,191.50","77,578.90","78,499.67","77,578.90",,0.79%
2021-10-04,"77,578.90","77,626.17","78,540.47","77,163.94",,-0.06%
2021-10-01,"77,626.17","77,363.64","77,904.55","77,033.71",,0.34%
2021-09-30,"77,363.64","76,589.27","77,755.65","76,589.27",,1.01%
2021-09-29,"76,589.27","75,808.43","77,053.29","75,808.43",,1.03%
2021-09-28,"75,808.43","75,687.52","76,112.39","74,810.03",,0.16%
2021-09-27,"75,687.52","74,180.20","75,727.47","74,180.20",,2.03%
2021-09-24,"74,180.20","74,743.42","74,922.73","73,918.56",,-0.75%
2021-09-23,"74,743.42","74,750.23","75,462.77","74,304.55",,-0.01%
2021-09-22,"74,750.23","73,918.62","75,369.36","73,918.62",,1.13%
2021-09-21,"73,918.62","73,635.15","74,862.77","73,635.15",,0.38%
2021-09-20,"73,635.15","78,512.09","78,512.09","73,488.16",,-6.21%
2021-09-17,"78,512.09","79,738.13","80,292.50","78,512.09",,-1.54%
2021-09-16,"79,738.13","78,488.50","80,206.26","76,373.63",,1.59%
2021-09-15,"78,488.50","78,989.23","79,803.72","77,166.18",,-0.63%
2021-09-14,"78,989.23","80,065.91","80,433.30","78,338.97",,-1.34%
2021-09-13,"80,065.91","75,895.02","83,923.24","75,895.02",,5.50%
2021-09-10,"75,895.02","77,127.01","77,440.30","75,813.52",,-1.60%
2021-09-09,"77,127.01","77,459.00","78,793.49","76,356.48",,-0.43%
2021-09-08,"77,459.00","79,004.76","79,004.76","76,506.77",,-1.96%
2021-09-07,"79,004.76","76,003.44","79,311.22","76,003.44",,3.95%
2021-09-06,"76,002.98","74,734.95","76,076.47","74,593.70",,1.70%
2021-09-03,"74,734.95","75,115.05","75,416.27","74,374.14",,-0.51%
2021-09-02,"75,115.05","75,232.61","76,419.67","74,641.61",,-0.16%
2021-09-01,"75,232.61","76,451.68","77,562.19","75,107.22",,-1.59%
2021-08-31,"76,451.68","76,329.42","76,876.65","75,324.29",,0.16%
2021-08-30,"76,329.42","73,203.64","76,502.57","73,203.64",,4.27%
2021-08-27,"73,203.64","71,550.54","73,997.91","71,550.54",,2.31%
2021-08-26,"71,550.54","72,009.08","72,363.43","71,241.84",,-0.64%
2021-08-25,"72,009.08","71,353.80","72,109.82","71,192.87",,0.92%
2021-08-24,"71,353.80","69,050.33","71,451.06","69,050.33",,3.34%
2021-08-23,"69,050.33","67,822.20","69,164.30","67,822.20",,1.81%
2021-08-20,"67,822.20","66,681.73","67,947.55","66,681.73",,1.71%
2021-08-19,"66,681.73","67,094.33","67,094.33","65,600.84",,-0.61%
2021-08-18,"67,094.33","67,999.04","67,999.04","66,999.68",,-1.33%
2021-08-17,"67,999.04","69,544.76","69,544.76","67,456.09",,-2.22%
2021-08-13,"69,544.76","69,492.58","69,618.06","68,377.11",,0.08%
2021-08-12,"69,492.58","69,475.19","69,586.37","68,723.09",,0.03%
2021-08-11,"69,475.19","68,023.11","69,719.04","67,715.06",,2.13%
2021-08-10,"68,023.11","66,096.38","68,099.55","66,096.38",,2.92%
2021-08-09,"66,096.38","65,860.91","66,249.78","65,601.04",,0.36%
2021-08-06,"65,860.91","66,136.50","66,291.32","65,768.08",,-0.42%
2021-08-05,"66,136.50","65,088.13","66,220.20","65,055.91",,1.61%
2021-08-04,"65,088.13","65,873.55","66,340.31","64,531.09",,-1.19%
2021-08-03,"65,873.55","65,939.58","66,082.43","65,342.70",,-0.10%
2021-08-02,"65,939.58","66,005.29","66,621.09","65,630.61",,-0.10%
2021-07-30,"66,005.29","67,315.58","67,595.39","65,899.33",,-1.95%
2021-07-29,"67,315.58","66,553.45","67,529.77","66,553.45",,1.15%
2021-07-28,"66,553.45","65,688.31","66,612.64","65,600.31",,1.32%
2021-07-27,"65,688.31","65,530.88","65,834.70","64,898.80",,0.24%
2021-07-26,"65,530.88","64,841.23","66,010.44","64,841.23",,1.06%
2021-07-23,"64,841.23","65,675.10","65,841.48","64,772.63",,-1.27%
2021-07-22,"65,675.10","65,832.21","65,832.21","65,170.31",,-0.24%
2021-07-21,"65,832.21","63,391.65","65,943.89","63,391.65",,3.85%
2021-07-20,"63,391.65","62,133.15","63,624.24","62,064.49",,2.03%
2021-07-19,"62,133.15","63,090.80","63,090.80","61,174.82",,-1.52%
2021-07-16,"63,090.80","63,484.55","63,636.75","62,954.24",,-0.62%
2021-07-15,"63,484.55","63,959.30","64,283.33","63,253.88",,-0.74%
2021-07-14,"63,959.30","64,374.74","65,234.83","63,827.17",,-0.65%
2021-07-13,"64,374.74","64,215.26","64,468.48","63,759.73",,0.25%
2021-07-12,"64,215.26","62,371.58","64,389.14","62,309.03",,2.96%
2021-07-08,"62,371.58","63,383.23","63,408.01","62,161.20",,-1.60%
2021-07-07,"63,383.23","63,562.99","63,784.30","62,524.20",,-0.28%
2021-07-06,"63,562.99","64,848.56","64,889.96","63,121.43",,-1.98%
2021-07-05,"64,848.56","63,330.37","64,950.74","63,330.37",,2.40%
2021-07-02,"63,330.37","62,059.97","63,426.11","61,960.15",,2.05%
2021-07-01,"62,059.97","62,371.95","63,071.22","61,868.44",,-0.50%
2021-06-30,"62,371.95","62,972.04","63,639.73","62,220.71",,-0.95%
2021-06-29,"62,972.04","64,150.87","64,150.87","62,829.24",,-1.84%
2021-06-28,"64,150.87","65,426.73","65,426.73","63,946.90",,-1.51%
2021-06-25,"65,133.47","66,933.06","66,933.06","63,093.33",,-2.69%
2021-06-24,"66,933.06","66,089.94","67,118.63","65,872.23",,1.28%
2021-06-23,"66,089.94","65,901.62","67,060.86","65,543.64",,0.29%
2021-06-22,"65,901.62","65,136.00","66,098.19","63,393.35",,1.18%
2021-06-18,"65,136.00","66,440.20","66,440.20","64,700.24",,-1.96%
2021-06-17,"66,440.20","67,575.54","67,675.28","65,981.60",,-1.68%
2021-06-16,"67,575.54","67,005.83","67,646.67","66,850.71",,0.85%
2021-06-15,"67,005.83","66,836.83","67,321.75","65,237.77",,0.25%
2021-06-14,"66,836.83","66,093.97","67,379.32","66,093.97",,1.12%
2021-06-11,"66,093.97","68,144.63","68,144.63","65,686.97",,-3.01%
2021-06-10,"68,144.63","68,104.99","69,688.41","67,997.64",,0.06%
2021-06-09,"68,104.99","66,390.28","68,705.81","66,340.04",,2.58%
2021-06-08,"66,390.28","68,151.14","68,198.49","66,145.85",,-2.58%
2021-06-07,"68,151.14","66,190.06","68,577.33","66,190.06",,2.96%
2021-06-04,"66,190.06","64,347.70","66,228.33","64,071.93",,2.93%
2021-06-03,"64,303.06","62,659.51","64,371.24","62,221.63",,2.62%
2021-06-02,"62,659.51","61,095.96","62,841.73","61,095.96",,2.56%
2021-06-01,"61,095.96","59,268.94","61,269.17","59,268.94",,3.08%
2021-05-31,"59,268.94","59,212.97","59,565.29","59,147.68",,0.09%
2021-05-28,"59,212.97","57,499.49","59,262.36","57,499.49",,2.98%
2021-05-27,"57,499.49","56,598.95","57,761.27","56,596.30",,1.59%
2021-05-26,"56,598.95","56,243.21","56,750.09","55,253.43",,0.67%
2021-05-21,"56,221.87","57,109.44","57,303.01","56,151.31",,-1.55%
2021-05-20,"57,109.44","55,990.02","57,171.95","55,986.57",,2.00%
2021-05-19,"55,990.02","56,078.55","56,106.21","54,777.61",,-0.16%
2021-05-18,"56,078.55","56,094.99","56,424.25","55,658.57",,-0.03%
2021-05-17,"56,094.99","54,850.06","56,295.46","54,302.61",,2.27%
2021-05-14,"54,850.06","52,625.93","54,967.46","52,625.93",,4.23%
2021-05-13,"52,625.93","51,020.21","52,688.70","51,015.93",,3.15%
2021-05-12,"51,020.21","51,109.38","51,541.85","50,923.29",,-0.14%
2021-05-11,"51,093.99","51,750.27","51,750.27","50,866.19",,-1.27%
2021-05-10,"51,750.27","51,420.77","52,370.26","51,420.77",,0.64%
2021-05-07,"51,419.49","49,389.34","51,482.07","49,389.34",,4.11%
2021-05-06,"49,389.34","49,215.11","49,517.84","48,817.72",,0.48%
2021-05-05,"49,152.27","48,655.51","49,315.25","48,655.51",,1.02%
2021-05-04,"48,655.51","48,872.51","48,872.51","48,269.50",,-0.44%
2021-05-03,"48,872.51","49,056.10","49,453.07","48,711.51",,-0.37%
2021-04-30,"49,056.10","50,065.20","50,066.73","49,056.10",,-2.02%
2021-04-29,"50,065.20","50,065.38","50,219.47","49,635.37",,0.04%
2021-04-28,"50,043.81","48,962.16","50,085.18","48,962.16",,2.21%
2021-04-27,"48,962.16","47,931.27","49,000.31","47,931.27",,2.15%
2021-04-26,"47,931.27","47,374.47","48,216.23","47,374.47",,1.18%
2021-04-23,"47,374.47","47,122.62","47,465.46","46,826.09",,0.53%
2021-04-22,"47,122.62","47,616.53","47,624.32","47,074.35",,-1.04%
2021-04-21,"47,616.53","46,894.48","47,634.56","46,507.18",,1.54%
2021-04-20,"46,894.48","48,026.29","48,041.27","46,656.75",,-2.36%
2021-04-19,"48,026.29","47,664.35","48,298.91","47,628.22",,0.76%
2021-04-16,"47,664.35","47,093.25","47,734.17","46,813.22",,1.21%
2021-04-15,"47,093.25","47,299.01","47,655.92","47,040.78",,-0.44%
2021-04-14,"47,299.01","47,679.06","48,360.71","47,214.71",,-0.80%
2021-04-13,"47,679.06","48,109.61","48,173.64","47,604.20",,-0.89%
2021-04-12,"48,109.61","48,845.99","48,929.62","47,978.23",,-1.51%
2021-04-09,"48,845.99","49,630.56","49,777.20","48,766.90",,-1.58%
2021-04-08,"49,630.56","50,128.19","50,134.62","49,524.25",,-0.99%
2021-04-07,"50,128.19","50,328.34","50,581.03","50,002.96",,-0.40%
2021-04-06,"50,328.34","48,597.71","50,430.32","48,597.71",,3.56%
2021-04-05,"48,597.71","47,982.39","48,649.47","47,980.87",,1.28%
2021-03-31,"47,982.39","48,090.66","48,435.06","47,731.34",,-0.23%
2021-03-30,"48,090.66","47,263.20","48,204.76","47,263.20",,1.80%
2021-03-29,"47,240.95","46,440.78","47,327.18","46,231.43",,1.72%
2021-03-26,"46,440.78","46,856.41","47,554.75","46,121.08",,-0.89%
2021-03-25,"46,856.41","48,615.26","48,615.26","46,713.54",,-3.62%
2021-03-23,"48,615.26","49,185.87","49,562.71","48,433.29",,-1.16%
2021-03-22,"49,185.87","48,976.00","49,276.92","48,599.55",,0.43%
2021-03-19,"48,976.00","48,599.26","49,416.25","48,413.99",,0.78%
2021-03-18,"48,599.26","49,916.45","49,936.10","48,432.63",,-2.64%
2021-03-17,"49,916.45","49,646.77","49,967.63","49,180.17",,0.54%
2021-03-16,"49,646.77","50,458.30","50,798.00","49,533.34",,-1.61%
2021-03-15,"50,458.30","49,070.98","50,565.44","49,070.98",,2.83%
2021-03-12,"49,070.98","48,360.72","49,174.51","48,098.02",,1.47%
2021-03-11,"48,360.72","47,339.46","48,395.65","47,339.46",,2.16%
2021-03-10,"47,339.46","46,476.01","47,520.00","46,476.01",,1.86%
2021-03-09,"46,476.01","46,291.77","46,777.05","46,011.61",,0.40%
2021-03-08,"46,291.77","47,242.26","47,651.03","46,060.64",,-2.01%
2021-03-05,"47,242.26","47,808.21","48,432.67","46,925.07",,-1.18%
2021-03-04,"47,808.21","47,325.06","49,103.93","46,906.85",,1.02%
2021-03-03,"47,325.06","48,127.32","48,380.92","46,970.79",,-1.67%
2021-03-02,"48,127.32","48,996.26","49,228.85","47,920.89",,-1.77%
2021-03-01,"48,996.26","48,432.27","49,451.70","48,432.27",,1.16%
2021-02-26,"48,432.27","48,920.68","49,445.74","48,135.99",,-1.00%
2021-02-25,"48,920.68","49,606.67","50,477.70","48,705.41",,-1.38%
2021-02-24,"49,606.67","47,856.68","49,713.78","47,856.68",,3.66%
2021-02-23,"47,856.68","49,268.42","49,268.42","47,381.61",,-2.87%
2021-02-22,"49,268.42","50,992.85","51,013.72","49,084.57",,-3.38%
2021-02-19,"50,992.85","51,826.91","52,182.19","50,842.14",,-1.61%
2021-02-18,"51,826.91","52,386.59","53,731.74","51,400.72",,-1.07%
2021-02-17,"52,386.59","51,466.21","52,646.46","51,466.21",,1.79%
2021-02-15,"51,466.21","51,654.56","52,104.65","51,245.58",,0.00%
2021-02-12,"51,466.21","51,654.56","52,104.65","51,245.58",,-0.36%
2021-02-11,"51,654.56","51,940.91","52,429.98","51,563.49",,-0.55%
2021-02-10,"51,940.91","52,266.75","52,653.29","51,930.95",,-0.62%
2021-02-09,"52,266.75","52,028.63","52,567.81","52,009.05",,0.46%
2021-02-08,"52,028.63","51,052.73","52,294.53","51,052.73",,1.91%
2021-02-05,"51,052.73","50,682.71","51,321.79","50,650.36",,0.73%
2021-02-04,"50,682.71","49,857.55","50,714.21","49,698.99",,1.66%
2021-02-03,"49,857.55","49,686.83","50,377.97","49,672.79",,0.34%
2021-02-02,"49,686.83","49,576.89","50,612.81","49,576.89",,0.22%
2021-02-01,"49,576.89","48,257.14","49,773.82","48,257.14",,2.73%
2021-01-29,"48,257.14","49,630.09","49,999.93","48,202.86",,-2.77%
2021-01-28,"49,630.09","49,970.41","50,523.59","49,344.11",,-0.68%
2021-01-27,"49,970.41","49,463.84","50,218.56","48,603.94",,1.02%
2021-01-26,"49,463.84","47,469.96","49,551.91","47,469.96",,4.20%
2021-01-25,"47,469.96","48,470.91","49,035.73","47,388.14",,-2.07%
2021-01-22,"48,470.91","48,472.59","49,076.68","48,164.73",,0.00%
2021-01-21,"48,472.59","50,224.53","50,365.64","48,275.76",,-3.49%
2021-01-20,"50,224.53","50,516.59","50,536.51","49,582.91",,-0.58%
2021-01-19,"50,516.59","50,221.80","50,679.67","50,122.34",,0.59%
2021-01-18,"50,220.22","50,500.83","50,566.92","49,792.99",,-0.56%
2021-01-15,"50,500.83","51,084.99","51,084.99","50,232.18",,-1.14%
2021-01-14,"51,084.99","50,961.21","51,330.71","50,514.57",,0.24%
2021-01-13,"50,961.21","51,201.60","51,649.23","50,609.90",,-0.47%
2021-01-12,"51,201.60","50,967.48","51,461.09","50,805.62",,0.46%
2021-01-11,"50,967.48","51,673.77","51,687.59","50,877.46",,-1.37%
2021-01-08,"51,673.77","52,500.54","52,692.20","51,634.30",,-1.57%
2021-01-07,"52,500.54","51,880.01","52,568.67","51,814.44",,1.20%
2021-01-06,"51,880.01","51,594.73","52,201.74","51,594.73",,0.55%
2021-01-05,"51,594.73","50,730.86","51,627.14","50,530.77",,1.70%
2021-01-04,"50,730.86","51,226.49","51,443.13","50,054.38",,-0.97%
2020-12-30,"51,226.49","51,320.14","52,189.00","51,053.17",,-0.18%
2020-12-29,"51,320.14","50,483.84","51,659.88","50,483.84",,1.66%
2020-12-28,"50,483.84","51,618.98","51,618.98","50,433.39",,-2.20%
2020-12-23,"51,618.98","50,406.93","51,689.71","50,406.93",,2.40%
2020-12-22,"50,406.93","50,159.86","51,130.88","50,159.86",,0.49%
2020-12-21,"50,159.86","52,346.77","52,346.77","49,566.79",,-4.18%
2020-12-18,"52,346.77","53,115.58","53,610.27","52,200.92",,-1.45%
2020-12-17,"53,115.58","53,205.99","53,842.24","53,076.52",,-0.17%
2020-12-16,"53,205.99","53,280.19","53,871.07","53,058.77",,-0.14%
2020-12-15,"53,280.19","53,034.13","53,445.52","52,897.74",,0.46%
2020-12-14,"53,034.13","53,822.44","54,513.05","52,764.42",,-1.46%
2020-12-11,"53,822.44","53,690.40","54,047.24","53,478.76",,0.25%
2020-12-10,"53,690.40","51,956.89","53,724.36","51,871.55",,3.34%
2020-12-09,"51,956.89","54,730.38","54,730.38","51,829.93",,-5.07%
2020-12-04,"54,730.38","55,152.30","55,696.17","54,529.40",,-0.77%
2020-12-03,"55,152.30","55,268.90","55,934.19","55,040.22",,-0.21%
2020-12-02,"55,268.90","54,913.35","55,724.30","54,631.71",,0.65%
2020-12-01,"54,913.35","54,572.54","55,481.22","54,531.30",,0.62%
2020-11-30,"54,572.54","55,427.26","55,736.40","54,303.59",,-1.54%
2020-11-27,"55,427.26","54,465.67","55,881.87","54,254.29",,1.77%
2020-11-26,"54,465.67","54,150.65","54,860.64","53,998.38",,0.58%
2020-11-25,"54,150.65","54,135.77","54,826.47","53,914.64",,0.03%
2020-11-24,"54,135.77","51,492.34","54,454.34","51,492.34",,5.13%
2020-11-20,"51,492.34","50,950.21","51,659.50","50,919.01",,1.06%
2020-11-19,"50,950.21","51,295.53","51,756.35","50,857.49",,-0.67%
2020-11-18,"51,295.53","51,911.53","52,253.32","51,240.43",,-1.19%
2020-11-17,"51,911.53","51,084.91","52,130.14","50,335.69",,1.62%
2020-11-16,"51,084.91","49,895.50","51,187.99","49,895.50",,2.38%
2020-11-13,"49,895.50","49,553.18","50,517.07","49,538.58",,0.69%
2020-11-12,"49,553.18","51,435.00","51,535.32","49,544.19",,-3.66%
2020-11-11,"51,435.00","51,818.96","52,462.08","51,108.58",,-0.74%
2020-11-10,"51,818.96","49,650.44","52,192.80","49,576.15",,4.37%
2020-11-09,"49,650.44","48,492.54","50,586.65","48,492.54",,2.39%
2020-11-06,"48,492.54","48,501.09","49,143.85","48,021.36",,-0.02%
2020-11-05,"48,501.09","47,028.37","48,750.58","47,028.37",,3.13%
2020-11-04,"47,028.37","47,965.31","48,783.78","46,851.16",,-1.95%
2020-11-03,"47,965.31","47,467.65","49,201.51","47,467.65",,1.05%
2020-11-02,"47,467.65","45,290.02","47,553.03","45,290.02",,4.81%
2020-10-30,"45,290.02","44,914.24","45,427.20","44,289.14",,0.84%
2020-10-29,"44,914.24","43,532.74","45,150.30","43,431.68",,3.17%
2020-10-28,"43,532.74","46,707.91","46,707.91","43,470.97",,-6.80%
2020-10-27,"46,707.91","49,596.53","50,282.54","46,626.77",,-5.82%
2020-10-26,"49,596.53","52,512.60","52,512.60","49,552.15",,-5.55%
2020-10-23,"52,512.60","51,671.56","52,590.53","50,133.29",,1.63%
2020-10-22,"51,671.56","50,088.78","51,827.25","50,030.02",,3.16%
2020-10-21,"50,088.78","49,683.83","50,502.34","49,430.45",,0.82%
2020-10-20,"49,683.83","49,162.13","49,910.29","48,723.92",,1.06%
2020-10-19,"49,162.13","49,024.08","50,734.61","49,024.08",,0.28%
2020-10-16,"49,024.08","48,239.27","49,162.42","48,184.24",,1.63%
2020-10-15,"48,239.27","47,295.27","48,277.70","46,767.72",,2.00%
2020-10-14,"47,295.27","45,994.73","47,338.91","45,973.26",,2.83%
2020-10-13,"45,994.73","45,856.11","46,097.71","45,296.19",,0.30%
2020-10-09,"45,856.11","45,556.79","45,985.24","45,136.40",,0.82%
2020-10-08,"45,482.18","44,739.86","45,582.69","44,604.49",,1.66%
2020-10-07,"44,739.86","44,438.41","44,799.45","43,713.73",,0.68%
2020-10-06,"44,438.41","44,273.21","45,203.20","44,180.53",,0.37%
2020-10-05,"44,273.21","43,654.37","44,324.01","43,533.63",,1.42%
2020-10-02,"43,654.37","42,916.19","43,771.23","42,267.47",,1.72%
2020-10-01,"42,916.19","41,324.07","43,088.38","41,324.07",,4.01%
2020-09-30,"41,260.86","42,196.88","42,989.31","41,213.28",,-2.22%
2020-09-29,"42,196.88","42,077.91","42,323.41","41,390.52",,0.28%
2020-09-28,"42,077.91","42,042.45","42,724.78","41,865.11",,0.08%
2020-09-25,"42,042.45","41,875.66","42,150.99","41,425.38",,0.40%
2020-09-24,"41,875.66","40,974.05","42,084.49","40,974.05",,2.20%
2020-09-23,"40,974.05","40,944.49","41,138.99","40,471.17",,0.07%
2020-09-22,"40,944.49","40,745.13","41,227.73","40,108.28",,0.49%
2020-09-21,"40,745.13","41,484.06","41,484.06","39,850.33",,-1.78%
2020-09-18,"41,484.06","39,799.89","41,514.85","39,501.22",,4.23%
2020-09-17,"39,799.89","42,167.86","42,167.86","39,560.84",,-5.62%
2020-09-16,"42,167.86","44,628.42","44,628.42","42,095.10",,-5.51%
2020-09-15,"44,628.42","44,614.08","44,857.08","43,647.57",,0.03%
2020-09-14,"44,614.08","45,839.99","45,988.82","44,554.16",,-2.67%
2020-09-11,"45,839.99","46,868.47","46,924.80","45,654.93",,-2.19%
2020-09-10,"46,868.47","46,520.19","47,445.31","46,520.19",,0.75%
2020-09-09,"46,520.19","45,481.76","46,563.62","45,481.76",,2.28%
2020-09-08,"45,481.76","45,691.04","45,691.04","44,350.16",,-0.46%
2020-09-07,"45,691.04","45,075.06","45,814.48","45,075.06",,1.37%
2020-09-04,"45,075.06","44,800.06","45,152.32","43,747.64",,0.61%
2020-09-03,"44,800.06","44,877.50","45,681.00","44,300.67",,-0.17%
2020-09-02,"44,877.50","46,545.52","46,545.52","44,801.69",,-3.58%
2020-09-01,"46,545.52","46,835.42","47,323.57","46,373.15",,-0.62%
2020-08-31,"46,835.42","46,396.58","47,051.32","46,280.39",,0.95%
2020-08-28,"46,396.58","44,254.91","46,448.25","44,254.91",,4.84%
2020-08-27,"44,254.91","45,831.70","46,367.41","44,195.11",,-3.44%
2020-08-26,"45,831.70","46,579.29","47,092.05","45,740.34",,-1.60%
2020-08-25,"46,579.29","46,736.74","46,882.74","45,438.61",,-0.34%
2020-08-24,"46,736.74","47,411.28","47,560.35","46,285.04",,-1.42%
2020-08-21,"47,411.28","47,737.16","48,734.67","47,329.57",,-0.68%
2020-08-20,"47,737.16","47,471.60","47,782.38","46,876.98",,0.56%
2020-08-19,"47,471.60","46,491.42","47,797.44","46,438.43",,2.11%
2020-08-18,"46,491.42","48,547.91","48,547.91","46,166.74",,-4.24%
2020-08-14,"48,547.91","49,626.79","49,709.12","48,252.83",,-2.17%
2020-08-13,"49,626.79","48,970.53","50,221.46","48,970.53",,1.34%
2020-08-12,"48,970.53","50,998.50","51,186.09","48,780.76",,-3.98%
2020-08-11,"50,998.50","52,180.90","52,379.61","50,821.86",,-2.27%
2020-08-10,"52,180.90","52,325.83","52,894.73","51,836.77",,-0.28%
2020-08-07,"52,325.83","51,083.76","52,387.29","50,599.96",,2.43%
2020-08-06,"51,083.76","50,994.43","51,197.26","50,096.96",,0.18%
2020-08-05,"50,994.43","52,186.30","53,442.88","50,512.29",,-2.28%
2020-08-04,"52,186.30","52,504.21","56,114.04","51,553.37",,-0.61%
2020-08-03,"52,504.21","49,253.62","53,685.04","48,690.92",,6.60%
2020-07-31,"49,253.62","49,405.75","49,585.79","48,704.18",,-0.31%
2020-07-30,"49,405.75","48,884.46","49,515.17","47,103.99",,1.07%
2020-07-29,"48,884.46","48,934.44","49,634.55","48,395.38",,-0.10%
2020-07-28,"48,934.44","49,449.86","49,450.35","48,099.11",,-1.04%
2020-07-27,"49,449.86","48,605.06","50,028.65","48,605.06",,1.74%
2020-07-24,"48,605.06","48,408.27","48,965.71","47,789.22",,0.41%
2020-07-23,"48,408.27","48,634.09","50,091.35","47,745.65",,-0.46%
2020-07-22,"48,634.09","46,781.26","48,812.23","46,581.78",,3.96%
2020-07-21,"46,781.26","45,682.99","47,345.69","45,682.99",,2.40%
2020-07-20,"45,682.99","45,475.24","45,761.98","45,239.84",,0.46%
2020-07-17,"45,475.24","45,245.23","45,711.94","44,929.76",,0.51%
2020-07-16,"45,245.23","45,120.59","45,418.42","44,402.72",,0.28%
2020-07-15,"45,120.59","44,001.90","45,151.41","44,001.90",,2.54%
2020-07-14,"44,001.90","43,237.01","44,062.36","42,934.30",,1.77%
2020-07-13,"43,237.01","42,747.55","44,461.48","42,747.55",,1.15%
2020-07-08,"42,747.55","42,497.60","43,247.83","42,457.46",,0.59%
2020-07-07,"42,497.60","43,339.69","43,339.69","41,913.34",,-1.94%
2020-07-06,"43,339.69","39,758.20","43,571.75","39,758.20",,9.01%
2020-07-03,"39,758.20","39,500.85","39,914.41","39,417.55",,0.65%
2020-07-02,"39,500.85","39,846.74","40,786.31","39,317.28",,-0.87%
2020-07-01,"39,846.74","38,686.69","39,919.70","38,686.69",,3.00%
2020-06-30,"38,686.69","40,308.11","40,328.73","38,409.77",,-4.02%
2020-06-29,"40,308.11","40,589.89","41,450.78","39,983.38",,-0.69%
2020-06-26,"40,589.89","41,996.65","42,001.93","40,492.04",,-3.35%
2020-06-25,"41,996.65","40,435.34","42,147.22","40,435.34",,3.86%
2020-06-24,"40,435.34","40,803.56","40,939.55","40,086.93",,-0.90%
2020-06-23,"40,803.56","40,344.32","41,468.28","40,344.32",,1.14%
2020-06-22,"40,344.32","40,951.45","41,215.70","39,293.47",,-1.48%
2020-06-19,"40,951.45","37,990.59","41,116.72","37,990.59",,7.79%
2020-06-18,"37,990.59","40,471.15","40,471.15","37,896.09",,-6.13%
2020-06-17,"40,471.15","42,686.08","42,863.67","40,414.85",,-5.19%
2020-06-16,"42,686.08","43,434.70","44,673.92","42,591.86",,-1.68%
2020-06-12,"43,417.15","43,057.94","44,871.42","42,381.56",,0.83%
2020-06-11,"43,057.94","46,476.07","46,476.07","42,632.53",,-7.35%
2020-06-10,"46,476.07","46,471.06","47,047.90","44,829.88",,0.01%
2020-06-09,"46,471.06","48,881.18","48,881.18","45,666.22",,-4.93%
2020-06-08,"48,881.18","45,128.75","48,988.82","45,128.75",,8.31%
2020-06-05,"45,128.75","43,676.18","45,435.58","43,676.18",,3.33%
2020-06-04,"43,676.18","43,853.06","44,021.34","43,115.06",,-0.40%
2020-06-03,"43,853.06","42,037.56","44,139.94","42,037.56",,4.32%
2020-06-02,"42,037.56","40,016.98","42,085.59","40,016.98",,5.05%
2020-06-01,"40,016.98","37,824.73","40,054.38","37,824.73",,5.80%
2020-05-29,"37,824.73","38,985.82","39,139.13","37,532.10",,-2.98%
2020-05-28,"38,985.82","40,431.57","40,512.99","38,869.03",,-3.58%
2020-05-27,"40,431.57","41,079.29","41,218.89","39,592.09",,-1.53%
2020-05-26,"41,060.27","40,962.74","42,026.68","40,962.74",,0.24%
2020-05-22,"40,962.74","41,388.50","41,897.13","40,241.40",,-1.03%
2020-05-21,"41,388.50","39,809.16","41,515.49","39,732.38",,3.97%
2020-05-20,"39,809.16","39,388.72","40,199.64","38,949.24",,1.07%
2020-05-19,"39,388.72","40,286.72","40,286.72","39,247.16",,-2.23%
2020-05-18,"40,286.72","39,388.33","41,098.47","39,388.33",,2.28%
2020-05-15,"39,388.33","39,225.67","40,621.95","38,958.88",,0.41%
2020-05-14,"39,225.67","37,842.81","39,413.13","37,286.20",,3.65%
2020-05-13,"37,842.81","39,133.71","39,133.71","37,334.53",,-3.30%
2020-05-12,"39,133.71","38,581.60","40,729.12","38,581.60",,1.43%
2020-05-11,"38,581.60","36,196.46","38,614.68","35,358.24",,6.63%
2020-05-08,"36,183.90","35,850.21","37,178.57","35,850.21",,0.93%
2020-05-07,"35,850.21","34,158.89","36,272.90","34,041.45",,4.95%
2020-05-06,"34,158.89","33,546.52","34,523.63","32,836.44",,1.83%
2020-05-05,"33,546.52","32,387.28","33,606.42","32,387.28",,3.58%
2020-05-04,"32,387.28","32,742.84","32,742.84","31,215.73",,-1.09%
2020-04-30,"32,742.84","33,185.05","33,667.07","32,322.30",,-1.33%
2020-04-29,"33,185.05","33,064.84","33,977.20","32,362.86",,0.36%
2020-04-28,"33,064.84","29,986.23","33,093.63","29,986.23",,10.27%
2020-04-27,"29,986.23","29,258.10","30,058.96","28,973.67",,2.49%
2020-04-24,"29,258.10","30,378.94","30,378.94","28,406.01",,-3.69%
2020-04-23,"30,378.94","30,554.88","30,951.79","30,122.03",,-0.58%
2020-04-22,"30,554.88","30,237.08","30,935.37","30,237.08",,1.05%
2020-04-21,"30,237.08","30,535.73","30,585.32","30,098.70",,-0.98%
2020-04-20,"30,535.73","29,883.27","30,662.46","29,712.11",,2.18%
2020-04-17,"29,883.27","30,077.72","31,012.04","29,557.43",,-0.65%
2020-04-16,"30,077.72","32,070.67","32,070.67","29,600.47",,-6.21%
2020-04-15,"32,070.67","30,781.55","32,110.58","29,419.97",,4.19%
2020-04-14,"30,781.55","28,880.64","31,110.49","28,880.64",,6.58%
2020-04-13,"28,880.64","28,017.59","28,903.00","27,318.15",,3.08%
2020-04-08,"28,017.59","26,696.10","28,071.95","26,696.10",,4.95%
2020-04-07,"26,696.10","26,922.59","27,969.41","26,545.84",,-0.84%
2020-04-06,"26,922.59","26,505.41","27,493.22","26,335.15",,1.57%
2020-04-03,"26,505.41","26,003.28","26,566.15","25,684.47",,1.93%
2020-04-02,"26,003.28","25,331.30","26,082.38","25,200.66",,2.68%
2020-04-01,"25,324.28","24,384.24","25,384.04","24,384.24",,3.86%
2020-03-30,"24,384.24","24,058.60","24,454.72","23,590.53",,1.35%
2020-03-27,"24,058.60","25,483.94","25,483.94","24,038.86",,-5.59%
2020-03-26,"25,483.94","26,338.03","27,769.18","25,322.32",,-3.24%
2020-03-25,"26,338.03","23,890.35","26,591.59","23,890.35",,10.25%
2020-03-20,"23,890.35","22,666.11","25,193.62","22,666.11",,5.45%
2020-03-19,"22,656.43","22,087.13","23,469.56","22,087.13",,2.58%
2020-03-18,"22,087.13","25,823.47","25,823.47","21,738.62",,-14.47%
2020-03-17,"25,823.47","25,697.51","26,262.52","24,965.08",,0.49%
2020-03-16,"25,697.51","28,447.97","28,447.97","25,400.37",,-9.67%
2020-03-13,"28,447.97","28,351.89","29,876.00","27,779.58",,0.34%
2020-03-12,"28,351.89","31,419.60","31,419.60","28,113.43",,-9.76%
2020-03-11,"31,419.60","32,832.26","32,832.26","30,914.74",,-4.30%
2020-03-10,"32,832.26","30,379.90","33,077.35","30,379.90",,8.07%
2020-03-09,"30,379.90","35,222.43","35,222.43","30,241.54",,-13.75%
2020-03-06,"35,222.43","36,772.20","36,772.20","35,204.34",,-4.21%
2020-03-05,"36,772.20","37,243.36","37,277.35","36,465.73",,-1.27%
2020-03-04,"37,243.36","35,999.22","37,301.03","35,999.22",,3.46%
2020-03-03,"35,999.22","36,253.25","37,513.90","35,859.95",,-0.70%
2020-03-02,"36,253.25","34,973.18","36,489.05","34,963.65",,3.66%
2020-02-28,"34,973.18","35,387.05","35,387.05","34,051.73",,-1.17%
2020-02-27,"35,387.05","36,422.24","36,422.24","34,785.42",,-2.84%
2020-02-26,"36,422.24","38,602.48","38,602.48","36,061.98",,-5.65%
2020-02-21,"38,602.48","38,961.41","39,418.07","38,403.20",,-0.92%
2020-02-20,"38,961.41","38,390.84","39,266.77","38,201.33",,1.49%
2020-02-19,"38,390.84","38,156.95","39,015.46","38,156.95",,0.61%
2020-02-18,"38,156.95","39,200.25","39,200.25","37,976.85",,-2.66%
2020-02-17,"39,200.25","38,647.68","39,288.78","38,600.65",,1.43%
2020-02-14,"38,647.68","38,669.46","39,129.16","38,061.19",,-0.06%
2020-02-13,"38,669.46","39,936.15","39,936.15","37,967.97",,-3.17%
2020-02-12,"39,936.15","39,824.50","40,408.50","39,527.94",,0.28%
2020-02-11,"39,824.50","41,052.95","41,052.95","39,588.99",,-2.99%
2020-02-10,"41,052.95","41,213.89","41,568.02","40,820.05",,-0.39%
2020-02-07,"41,213.89","40,906.09","41,438.92","40,810.53",,0.75%
2020-02-06,"40,906.09","40,767.10","41,409.13","40,553.82",,0.34%
2020-02-05,"40,767.10","41,033.79","41,377.16","40,736.86",,-0.65%
2020-02-04,"41,033.79","41,577.06","42,694.72","40,453.44",,-1.31%
2020-02-03,"41,577.06","40,105.04","41,662.26","40,105.04",,3.67%
2020-01-31,"40,105.04","40,394.95","40,893.88","39,558.81",,-0.72%
2020-01-30,"40,394.95","40,341.42","40,606.68","39,818.62",,0.13%
2020-01-29,"40,341.42","40,829.70","41,628.76","40,287.01",,-1.20%
2020-01-28,"40,829.70","39,604.57","40,982.15","39,604.57",,3.09%
2020-01-27,"39,604.57","39,917.82","39,917.82","38,761.21",,-0.78%
2020-01-24,"39,917.82","41,140.21","41,395.36","39,665.14",,-2.97%
2020-01-23,"41,140.21","42,002.34","42,258.23","41,094.19",,-2.05%
2020-01-22,"42,002.34","41,485.86","42,092.33","41,230.53",,1.24%
2020-01-21,"41,485.86","43,054.01","43,191.06","41,341.43",,-3.64%
2020-01-20,"43,054.01","42,339.82","43,177.59","42,339.82",,1.69%
2020-01-17,"42,339.82","42,362.34","43,069.65","42,298.39",,-0.05%
2020-01-16,"42,362.34","41,246.19","42,397.27","41,246.19",,2.71%
2020-01-15,"41,246.19","41,633.73","42,264.25","40,995.21",,-0.93%
2020-01-14,"41,633.73","42,017.78","42,110.87","40,789.40",,-0.91%
2020-01-13,"42,017.78","42,740.38","42,921.14","41,970.73",,-1.69%
2020-01-10,"42,740.38","42,035.70","42,874.20","42,035.70",,1.68%
2020-01-09,"42,035.70","41,016.02","42,084.03","40,832.06",,2.49%
2020-01-08,"41,016.02","41,115.71","41,264.05","40,552.34",,-0.24%
2020-01-07,"41,115.71","41,469.66","41,961.16","40,693.76",,-0.85%
2020-01-06,"41,469.66","40,499.15","41,524.99","40,206.92",,2.40%
2020-01-03,"40,499.15","41,106.97","41,106.97","39,992.35",,-1.48%
2020-01-02,"41,106.97","41,671.41","42,136.52","40,794.48",,-1.35%
2019-12-30,"41,671.41","41,681.93","41,974.56","40,564.93",,-0.03%
2019-12-27,"41,681.93","42,278.51","43,368.92","41,402.06",,-1.41%
2019-12-26,"42,278.51","39,915.25","42,975.45","39,915.25",,5.92%
2019-12-23,"39,915.25","38,632.41","40,041.51","38,629.28",,3.32%
2019-12-20,"38,632.41","38,083.01","38,736.87","38,083.01",,1.44%
2019-12-19,"38,083.01","37,620.22","39,065.64","37,620.22",,1.23%
2019-12-18,"37,620.22","36,918.84","38,598.53","36,909.62",,1.90%
2019-12-17,"36,918.84","37,620.08","37,805.57","36,369.46",,-1.86%
2019-12-16,"37,620.08","36,769.59","37,925.30","36,769.59",,2.31%
2019-12-13,"36,769.59","35,504.63","37,274.61","35,504.63",,3.56%
2019-12-12,"35,504.63","35,019.54","35,697.74","34,635.36",,1.39%
2019-12-11,"35,019.54","34,657.44","35,085.31","34,173.95",,1.04%
2019-12-10,"34,657.44","36,409.07","36,780.22","34,620.69",,-4.81%
2019-12-09,"36,409.07","36,561.95","37,350.23","36,121.66",,-0.42%
2019-12-06,"36,561.95","35,443.05","36,736.20","35,443.05",,3.16%
2019-12-05,"35,443.05","34,691.63","35,466.19","34,085.63",,2.17%
2019-12-04,"34,691.63","32,756.73","34,736.69","32,737.81",,5.91%
2019-12-03,"32,756.73","33,038.49","33,488.21","32,587.88",,-2.06%
2019-12-02,"33,446.93","34,500.21","34,501.37","33,387.69",,-3.05%
2019-11-29,"34,500.21","34,249.29","34,560.97","34,030.66",,0.82%
2019-11-28,"34,219.79","33,929.74","34,453.02","33,883.45",,0.85%
2019-11-27,"33,929.74","32,113.27","33,990.89","32,113.27",,5.66%
2019-11-26,"32,113.27","33,494.72","33,780.65","31,970.89",,-4.12%
2019-11-25,"33,494.72","33,588.83","34,097.97","33,389.03",,-0.28%
2019-11-22,"33,588.83","33,247.39","34,098.38","33,247.39",,1.03%
2019-11-21,"33,247.39","33,421.12","34,049.45","33,023.76",,-0.52%
2019-11-20,"33,421.12","32,252.78","33,697.43","32,252.78",,3.62%
2019-11-19,"32,252.78","31,851.61","32,294.14","30,643.31",,1.26%
2019-11-15,"31,851.61","31,019.69","32,057.63","30,434.39",,2.68%
2019-11-14,"31,019.69","32,340.70","32,743.01","30,715.51",,-4.08%
2019-11-13,"32,340.70","33,430.14","33,595.41","32,148.93",,-3.26%
2019-11-12,"33,430.14","33,661.11","34,177.01","32,672.75",,-0.69%
2019-11-11,"33,661.11","34,131.05","34,624.62","33,534.99",,-1.38%
2019-11-08,"34,131.05","35,869.21","36,291.15","34,024.49",,-4.85%
2019-11-07,"35,869.21","35,500.49","36,013.64","35,373.64",,1.04%
2019-11-06,"35,500.49","36,869.96","37,054.86","35,352.08",,-3.71%
2019-11-05,"36,869.96","37,278.54","37,646.74","36,210.96",,-1.10%
2019-11-04,"37,278.54","35,743.04","37,423.55","35,743.04",,4.30%
2019-11-01,"35,743.04","35,023.97","36,031.72","35,023.97",,2.14%
2019-10-31,"34,995.20","33,889.03","35,051.08","33,889.03",,3.26%
2019-10-30,"33,889.03","32,544.20","33,932.92","32,172.96",,4.13%
2019-10-29,"32,544.20","33,177.16","33,620.31","32,179.99",,-1.91%
2019-10-28,"33,177.16","34,522.25","36,775.00","32,649.42",,-3.90%
2019-10-25,"34,522.25","33,476.16","35,526.93","33,476.16",,3.12%
2019-10-24,"33,476.16","32,775.14","33,504.30","32,068.13",,2.14%
2019-10-23,"32,775.14","33,262.64","33,752.09","31,915.50",,-1.47%
2019-10-22,"33,262.64","32,550.73","33,631.07","32,360.86",,2.19%
2019-10-21,"32,550.73","31,968.47","32,584.62","31,760.67",,1.82%
2019-10-18,"31,968.47","31,995.13","32,526.41","31,837.96",,-0.08%
2019-10-17,"31,995.13","30,759.21","32,020.99","30,744.03",,4.02%
2019-10-16,"30,759.21","31,449.95","31,475.70","30,614.96",,-1.83%
2019-10-15,"31,333.68","31,798.11","31,798.11","31,217.75",,-1.46%
2019-10-11,"31,798.11","31,751.84","32,285.91","31,751.84",,0.17%
2019-10-10,"31,743.20","30,338.17","31,761.66","30,338.17",,4.63%
2019-10-09,"30,338.17","30,257.26","30,433.72","29,903.02",,0.27%
2019-10-08,"30,257.26","30,940.87","30,950.92","30,057.92",,-2.21%
2019-10-07,"30,940.87","31,921.82","32,288.46","30,922.43",,-2.75%
2019-10-04,"31,816.50","30,365.90","31,850.26","30,321.98",,4.78%
2019-10-03,"30,365.90","30,792.05","30,969.17","30,346.35",,-1.38%
2019-10-02,"30,792.05","30,066.13","30,895.25","29,855.61",,2.41%
2019-10-01,"30,066.13","29,066.96","30,147.52","29,066.96",,3.44%
2019-09-30,"29,066.96","28,877.51","29,131.46","28,297.42",,0.66%
2019-09-27,"28,877.51","28,168.02","28,953.28","28,168.02",,2.52%
2019-09-26,"28,168.02","28,212.41","28,705.26","27,945.59",,-0.16%
2019-09-25,"28,212.41","27,819.80","28,313.18","27,219.99",,1.41%
2019-09-24,"27,819.80","29,094.70","29,094.70","27,627.02",,-4.57%
2019-09-23,"29,152.05","30,060.46","30,060.46","28,656.45",,-3.02%
2019-09-20,"30,060.46","30,414.40","30,627.87","29,891.67",,-1.16%
2019-09-19,"30,414.40","30,071.10","30,465.95","29,525.17",,1.14%
2019-09-18,"30,071.10","30,150.65","30,398.60","29,534.34",,-0.26%
2019-09-17,"30,150.65","30,561.27","30,561.27","29,665.26",,-1.34%
2019-09-16,"30,561.27","30,136.38","31,558.15","30,136.38",,1.41%
2019-09-13,"30,136.28","29,114.77","30,362.27","28,995.75",,3.51%
2019-09-12,"29,114.77","28,617.92","29,162.90","28,381.70",,1.74%
2019-09-11,"28,617.92","28,432.16","28,786.66","28,065.52",,0.65%
2019-09-10,"28,432.16","27,176.41","28,465.72","27,176.41",,4.62%
2019-09-09,"27,176.41","27,923.05","28,341.95","26,824.42",,-1.75%
2019-09-06,"27,659.66","26,932.14","28,044.33","26,932.14",,2.70%
2019-09-05,"26,932.14","24,664.55","27,060.28","24,664.55",,9.19%
2019-09-04,"24,664.55","23,079.32","24,992.84","23,079.32",,6.87%
2019-09-03,"23,079.32","26,195.41","26,234.30","22,484.40",,-11.90%
2019-09-02,"26,195.41","24,608.56","26,255.65","24,539.55",,6.45%
2019-08-30,"24,608.56","23,984.83","25,271.94","23,948.22",,2.60%
2019-08-29,"23,984.83","25,458.04","25,458.04","23,861.87",,-5.79%
2019-08-28,"25,458.04","24,622.47","25,582.50","24,602.40",,3.39%
2019-08-27,"24,622.47","25,848.26","25,848.26","24,535.14",,-4.74%
2019-08-26,"25,848.26","26,585.97","26,773.31","25,832.25",,-2.77%
2019-08-23,"26,585.97","27,982.96","28,050.76","26,513.36",,-4.99%
2019-08-22,"27,982.96","27,977.74","28,444.72","27,891.14",,0.02%
2019-08-21,"27,977.74","27,230.62","28,053.94","27,230.62",,2.74%
2019-08-20,"27,230.62","30,406.65","30,406.65","27,074.14",,-10.45%
2019-08-16,"30,406.65","31,039.31","31,899.64","30,214.44",,-2.04%
2019-08-15,"31,039.31","29,920.69","31,688.06","29,915.56",,3.74%
2019-08-14,"29,920.69","30,393.13","30,993.99","28,917.01",,-1.40%
2019-08-13,"30,344.56","27,530.80","31,011.00","27,530.80",,10.22%
2019-08-12,"27,530.80","44,355.20","44,355.20","27,450.34",,-37.93%
2019-08-09,"44,355.09","41,093.45","44,470.76","41,093.45",,7.94%
2019-08-08,"41,093.45","40,949.34","41,623.30","40,845.37",,0.35%
2019-08-07,"40,949.34","41,317.03","41,355.15","40,496.08",,-0.89%
2019-08-06,"41,317.03","40,873.35","41,377.71","40,804.40",,1.09%
2019-08-05,"40,873.35","41,359.15","41,359.15","40,470.87",,-1.17%
2019-08-02,"41,359.15","41,410.98","41,651.40","40,572.68",,-0.13%
2019-08-01,"41,410.98","42,057.77","42,492.78","41,220.28",,-1.54%
2019-07-31,"42,057.77","42,463.24","42,722.32","41,804.62",,-0.95%
2019-07-30,"42,463.24","42,785.46","42,836.75","42,417.96",,-0.75%
2019-07-29,"42,785.46","41,983.74","43,069.98","41,743.16",,1.91%
2019-07-26,"41,983.74","39,884.35","42,105.66","39,884.35",,5.26%
2019-07-25,"39,884.35","39,784.91","40,053.49","39,425.46",,0.25%
2019-07-24,"39,784.91","39,203.87","39,947.37","39,203.87",,1.48%
2019-07-23,"39,203.87","38,729.98","39,254.38","38,548.23",,1.22%
2019-07-22,"38,729.98","40,161.60","40,176.06","38,729.98",,-3.56%
2019-07-19,"40,161.60","40,752.75","40,883.63","40,097.31",,-1.45%
2019-07-18,"40,752.75","41,451.31","41,637.24","39,944.34",,-1.69%
2019-07-17,"41,451.31","41,788.26","42,066.89","41,396.28",,-0.81%
2019-07-16,"41,788.26","41,256.60","42,246.98","41,256.60",,1.29%
2019-07-15,"41,256.60","42,753.20","42,881.72","41,233.56",,-3.50%
2019-07-12,"42,753.10","42,856.29","43,165.63","42,660.53",,-0.24%
2019-07-11,"42,856.29","42,807.08","43,292.62","42,744.41",,0.11%
2019-07-10,"42,807.08","41,797.54","42,848.59","41,751.61",,2.52%
2019-07-05,"41,755.69","41,428.50","41,943.40","41,380.91",,0.91%
2019-07-04,"41,380.38","41,304.34","41,505.12","41,176.06",,0.18%
2019-07-03,"41,304.34","41,793.13","42,104.18","41,261.95",,-1.17%
2019-07-02,"41,793.13","41,507.48","42,126.14","41,506.78",,0.69%
2019-07-01,"41,507.48","41,796.36","42,144.09","41,380.04",,-0.69%
2019-06-28,"41,796.36","41,128.41","41,835.48","41,050.40",,1.62%
2019-06-27,"41,128.41","39,916.77","41,393.01","39,895.02",,3.04%
2019-06-26,"39,916.77","40,292.26","40,899.28","39,750.48",,-0.93%
2019-06-25,"40,292.26","40,111.98","40,390.01","39,862.05",,0.45%
2019-06-24,"40,111.98","40,294.82","40,300.76","39,579.22",,-0.45%
2019-06-21,"40,294.82","39,861.82","40,614.79","39,861.82",,1.09%
2019-06-19,"39,861.82","40,687.47","41,049.58","39,818.42",,-2.03%
2019-06-18,"40,687.47","40,487.61","41,478.15","40,480.00",,0.49%
2019-06-14,"40,487.61","40,646.38","40,993.45","40,384.93",,-0.39%
2019-06-13,"40,646.28","40,930.69","40,966.06","39,518.99",,-0.69%
2019-06-12,"40,930.69","38,345.00","40,972.04","38,345.00",,6.74%
2019-06-11,"38,345.00","36,452.80","38,322.04","36,452.80",,5.19%
2019-06-10,"36,452.80","35,662.87","36,575.56","35,632.82",,2.21%
2019-06-07,"35,662.87","35,733.70","36,177.40","35,474.98",,-0.20%
2019-06-06,"35,733.70","35,275.94","35,769.50","35,143.14",,1.30%
2019-06-05,"35,275.94","34,700.84","35,451.47","34,700.84",,1.66%
2019-06-04,"34,700.84","33,765.21","34,853.43","33,765.21",,2.77%
2019-06-03,"33,765.21","33,949.53","34,419.05","33,278.73",,-0.54%
2019-05-31,"33,949.53","34,239.26","34,654.86","33,858.03",,-0.85%
2019-05-30,"34,239.26","33,967.33","34,725.30","33,967.33",,0.80%
2019-05-29,"33,967.33","34,643.54","34,643.54","33,494.35",,-1.95%
2019-05-28,"34,643.54","35,448.46","35,815.35","34,470.49",,-2.27%
2019-05-27,"35,448.46","35,084.92","35,546.94","35,025.15",,1.04%
2019-05-24,"35,084.92","34,378.55","35,130.79","34,361.13",,2.05%
2019-05-23,"34,378.55","34,578.77","34,578.77","33,984.55",,-0.58%
2019-05-22,"34,578.77","34,490.90","34,726.84","34,357.97",,0.28%
2019-05-21,"34,481.33","33,492.48","34,564.48","33,492.48",,2.95%
2019-05-20,"33,492.48","33,315.70","33,628.24","32,828.54",,0.53%
2019-05-17,"33,315.70","33,892.17","34,122.85","33,178.37",,-1.70%
2019-05-16,"33,892.17","33,218.06","34,129.31","33,215.74",,2.03%
2019-05-15,"33,218.06","32,510.83","33,272.75","32,510.83",,2.18%
2019-05-14,"32,510.83","32,452.49","33,191.57","32,452.49",,0.65%
2019-05-13,"32,300.25","33,406.11","33,406.11","32,234.17",,-3.27%
2019-05-10,"33,393.81","34,280.38","34,671.16","33,262.66",,-2.13%
2019-05-09,"34,119.10","33,776.95","34,599.49","33,492.79",,1.02%
2019-05-08,"33,775.97","32,741.13","33,949.77","32,741.13",,3.16%
2019-05-07,"32,741.13","33,051.05","33,051.68","32,244.31",,-0.79%
2019-05-06,"33,001.08","32,412.27","33,109.17","31,960.14",,1.82%
2019-05-03,"32,412.27","30,857.06","32,446.93","30,820.10",,5.18%
2019-05-02,"30,817.01","29,571.36","30,876.23","29,571.36",,4.21%
2019-04-30,"29,571.36","28,859.58","29,614.97","28,859.58",,2.58%
2019-04-29,"28,827.37","30,001.10","30,001.10","28,821.06",,-3.91%
2019-04-26,"30,001.10","29,556.77","30,079.23","29,211.94",,1.50%
2019-04-25,"29,556.77","29,746.60","30,038.46","28,309.75",,-0.64%
2019-04-24,"29,746.60","30,926.73","30,926.73","29,669.90",,-3.82%
2019-04-23,"30,926.73","30,786.64","31,483.24","30,783.15",,0.46%
2019-04-22,"30,786.64","32,036.78","32,036.78","30,571.37",,-3.90%
2019-04-17,"32,036.78","32,406.41","32,426.26","31,955.98",,-0.78%
2019-04-16,"32,290.18","31,775.18","32,424.77","31,775.18",,1.72%
2019-04-15,"31,745.57","31,373.64","31,815.97","31,226.42",,1.24%
2019-04-12,"31,357.03","31,501.04","31,633.60","31,141.47",,-0.46%
2019-04-11,"31,501.04","32,228.12","32,228.12","31,167.05",,-2.03%
2019-04-10,"32,154.54","31,743.38","32,485.10","31,743.38",,1.30%
2019-04-09,"31,743.38","33,080.87","33,122.11","31,595.72",,-4.04%
2019-04-08,"33,080.87","32,666.88","33,190.69","32,666.88",,1.27%
2019-04-05,"32,666.88","32,142.47","32,941.48","32,142.47",,1.63%
2019-04-04,"32,142.47","31,765.11","32,410.76","31,765.11",,1.19%
2019-04-03,"31,765.11","33,006.82","33,006.82","31,722.73",,-3.76%
2019-04-01,"33,006.82","33,466.03","33,876.13","32,947.80",,-1.37%
2019-03-29,"33,466.03","32,892.15","33,634.05","32,892.15",,1.74%
2019-03-28,"32,892.15","32,174.68","32,917.26","32,174.68",,2.23%
2019-03-27,"32,174.68","32,627.59","32,627.59","31,709.55",,-1.39%
2019-03-26,"32,627.59","33,166.32","33,861.13","32,233.72",,-1.62%
2019-03-25,"33,166.32","32,827.98","33,498.05","32,674.33",,1.03%
2019-03-22,"32,827.98","34,186.08","34,186.08","32,740.53",,-3.97%
2019-03-21,"34,186.08","34,743.90","34,875.86","34,079.38",,-1.61%
2019-03-20,"34,743.90","34,373.20","35,155.51","34,373.20",,1.08%
2019-03-19,"34,373.20","34,939.30","35,647.67","34,361.19",,-1.62%
2019-03-18,"34,939.30","33,933.08","34,968.63","33,933.08",,2.97%
2019-03-15,"33,933.08","33,530.45","34,055.17","33,530.45",,1.20%
2019-03-14,"33,530.45","34,023.02","34,128.78","33,390.80",,-1.45%
2019-03-13,"34,023.02","33,640.59","34,411.60","33,640.59",,1.14%
2019-03-12,"33,640.59","33,790.68","34,328.31","33,522.79",,-0.44%
2019-03-11,"33,790.68","33,020.07","33,989.27","33,020.07",,2.33%
2019-03-08,"33,020.07","33,189.91","33,598.12","32,802.30",,-0.51%
2019-03-07,"33,189.91","32,340.43","33,374.89","32,092.20",,2.63%
2019-03-06,"32,340.43","33,834.86","33,838.47","32,290.55",,-4.42%
2019-03-01,"33,834.86","34,485.80","35,117.69","33,686.13",,-1.89%
2019-02-28,"34,485.80","35,345.47","35,413.09","34,289.51",,-2.43%
2019-02-27,"35,345.47","36,026.63","36,097.88","35,254.21",,-1.89%
2019-02-26,"36,026.63","36,332.03","36,341.78","35,641.05",,-0.84%
2019-02-25,"36,332.03","36,646.79","37,165.24","36,061.64",,-0.86%
2019-02-22,"36,646.79","35,852.14","36,716.43","35,852.14",,2.22%
2019-02-21,"35,852.14","36,503.51","36,619.96","35,837.28",,-1.78%
2019-02-20,"36,503.51","36,292.29","37,648.71","36,292.29",,0.58%
2019-02-19,"36,292.29","37,355.24","37,417.92","36,251.29",,-2.85%
2019-02-18,"37,355.24","37,469.97","37,533.17","37,246.62",,-0.31%
2019-02-15,"37,469.97","37,385.75","37,601.73","37,168.98",,0.23%
2019-02-14,"37,385.75","37,038.92","37,431.19","36,844.01",,0.94%
2019-02-13,"37,038.92","37,685.96","37,874.94","36,963.53",,-1.72%
2019-02-12,"37,685.96","37,023.74","37,720.82","37,023.74",,1.79%
2019-02-11,"37,023.74","36,664.24","37,180.86","36,664.24",,0.98%
2019-02-08,"36,664.24","35,928.99","36,695.46","35,752.18",,2.05%
2019-02-07,"35,928.99","36,731.67","36,731.67","35,694.07",,-2.19%
2019-02-06,"36,731.67","37,471.67","37,562.08","36,698.30",,-1.97%
2019-02-05,"37,471.67","37,145.00","37,497.20","36,927.60",,0.88%
2019-02-04,"37,145.00","36,599.88","37,243.93","36,505.96",,1.49%
2019-02-01,"36,599.88","36,326.92","36,789.44","36,264.48",,0.75%
2019-01-31,"36,326.92","36,039.11","36,491.61","35,903.12",,0.80%
2019-01-30,"36,039.11","35,511.21","36,124.77","35,493.48",,1.49%
2019-01-29,"35,511.21","34,840.80","35,597.72","34,698.65",,1.92%
2019-01-28,"34,840.80","34,810.51","34,878.73","34,132.84",,0.09%
2019-01-25,"34,810.51","34,939.05","35,527.10","34,785.84",,-0.37%
2019-01-24,"34,939.05","34,819.13","35,430.67","34,815.99",,0.34%
2019-01-23,"34,819.13","34,042.76","34,879.74","34,042.76",,2.28%
2019-01-22,"34,042.76","35,303.25","35,303.25","33,896.25",,-3.57%
2019-01-21,"35,303.25","35,100.45","35,342.97","34,960.02",,0.58%
2019-01-18,"35,100.45","34,262.74","35,229.76","34,262.74",,2.44%
2019-01-17,"34,262.74","34,048.02","34,320.83","33,783.06",,0.63%
2019-01-16,"34,048.02","33,562.54","34,352.43","33,543.29",,1.45%
2019-01-15,"33,562.54","33,771.24","34,092.11","33,461.57",,-0.62%
2019-01-14,"33,771.24","33,884.60","34,224.37","33,531.34",,-0.33%
2019-01-11,"33,884.60","34,167.45","34,167.45","33,697.08",,-0.83%
2019-01-10,"34,167.45","33,769.35","34,204.62","33,385.29",,1.18%
2019-01-09,"33,769.35","32,914.88","34,325.15","32,914.88",,2.60%
2019-01-08,"32,914.88","33,010.54","33,390.54","32,468.94",,-0.29%
2019-01-07,"33,010.54","32,303.05","33,305.72","32,299.85",,2.19%
2019-01-04,"32,303.05","31,065.12","32,431.77","31,062.80",,3.98%
2019-01-03,"31,065.12","31,096.63","31,321.38","30,549.12",,-0.10%
2019-01-02,"31,096.63","30,292.58","31,279.22","29,994.40",,2.65%
2018-12-28,"30,292.55","29,519.37","30,369.22","29,480.98",,2.62%
2018-12-27,"29,519.37","28,473.44","29,622.45","28,473.44",,3.67%
2018-12-26,"28,473.44","28,456.92","28,626.80","27,380.27",,0.06%
2018-12-21,"28,456.92","29,242.75","29,389.08","28,080.64",,-2.69%
2018-12-20,"29,242.75","29,968.28","29,968.28","28,938.05",,-2.42%
2018-12-19,"29,968.28","29,777.26","30,475.28","29,727.30",,0.64%
2018-12-18,"29,777.26","29,888.02","30,242.12","29,653.84",,-0.37%
2018-12-17,"29,888.02","31,109.45","31,118.67","29,819.75",,-3.93%
2018-12-14,"31,109.45","31,019.79","31,164.30","30,800.71",,0.29%
2018-12-13,"31,019.79","31,081.37","31,360.57","30,941.00",,-0.20%
2018-12-12,"31,081.37","30,941.09","31,590.85","30,941.09",,0.45%
2018-12-11,"30,941.09","30,753.54","31,413.28","30,753.54",,0.61%
2018-12-10,"30,753.54","31,550.40","31,550.40","30,711.53",,-2.53%
2018-12-07,"31,550.40","32,019.84","32,446.86","31,440.32",,-1.47%
2018-12-06,"32,019.84","31,779.87","32,105.51","31,075.43",,0.76%
2018-12-05,"31,779.87","31,958.33","32,034.68","31,629.53",,-0.56%
2018-12-04,"31,958.33","31,888.79","32,143.99","31,661.67",,0.22%
2018-12-03,"31,888.79","31,482.58","32,617.34","31,482.58",,1.29%
2018-11-29,"31,482.58","31,138.66","31,605.16","31,001.60",,1.10%
2018-11-28,"31,138.66","30,921.11","31,397.33","30,505.28",,0.70%
2018-11-27,"30,921.11","31,131.87","31,663.85","30,804.32",,-0.68%
2018-11-26,"31,131.87","30,723.48","31,739.61","30,705.29",,1.33%
2018-11-23,"30,723.48","30,274.51","31,100.77","29,966.67",,1.48%
2018-11-22,"30,274.51","30,262.92","30,450.24","30,116.20",,0.04%
2018-11-21,"30,262.92","29,714.68","30,680.78","29,702.27",,1.85%
2018-11-20,"29,714.68","31,109.25","31,145.60","29,650.34",,-4.48%
2018-11-16,"31,109.25","30,473.82","31,278.15","30,473.82",,2.09%
2018-11-15,"30,473.82","29,372.54","30,886.29","29,372.54",,3.75%
2018-11-14,"29,372.54","28,543.43","29,449.66","28,535.16",,2.90%
2018-11-13,"28,543.43","29,423.30","29,592.05","28,526.32",,-2.99%
2018-11-12,"29,423.30","29,912.49","30,086.65","29,375.34",,-1.64%
2018-11-09,"29,912.49","30,736.41","30,736.41","29,746.05",,-2.68%
2018-11-08,"30,736.41","31,404.69","31,635.26","30,728.46",,-2.13%
2018-11-07,"31,404.69","30,973.55","31,583.84","30,973.55",,1.39%
2018-11-06,"30,973.55","31,429.30","31,826.63","30,973.24",,-1.45%
2018-11-05,"31,429.30","31,419.26","31,598.56","30,935.62",,0.03%
2018-11-02,"31,419.26","31,308.63","31,831.01","31,030.12",,0.35%
2018-11-01,"31,308.63","29,491.11","31,361.73","29,491.11",,6.16%
2018-10-31,"29,491.11","29,425.79","29,547.18","29,012.92",,0.22%
2018-10-30,"29,425.79","28,898.24","29,466.21","28,898.24",,1.83%
2018-10-29,"28,898.24","29,369.87","29,829.73","28,647.32",,-1.61%
2018-10-26,"29,369.87","29,334.99","29,846.95","28,705.65",,0.12%
2018-10-25,"29,334.99","28,157.43","29,560.86","28,157.43",,4.18%
2018-10-24,"28,157.43","28,359.72","28,711.87","27,912.78",,-0.71%
2018-10-23,"28,359.72","28,567.78","28,567.78","27,877.53",,-0.73%
2018-10-22,"28,567.78","28,673.28","28,901.29","28,394.30",,-0.37%
2018-10-19,"28,673.28","28,370.45","28,922.98","28,370.45",,1.07%
2018-10-18,"28,370.45","28,721.37","28,821.06","28,237.88",,-1.22%
2018-10-17,"28,721.37","29,430.59","29,430.59","28,701.53",,-2.41%
2018-10-16,"29,430.59","29,598.18","30,100.66","29,281.17",,-0.57%
2018-10-12,"29,598.18","27,613.09","29,756.85","27,613.09",,7.19%
2018-10-11,"27,613.09","28,549.77","28,698.04","27,581.31",,-3.28%
2018-10-10,"28,549.77","29,612.45","29,612.45","28,434.85",,-3.59%
2018-10-09,"29,612.45","30,547.13","30,577.24","29,327.53",,-3.06%
2018-10-08,"30,547.13","30,168.72","30,858.46","30,094.47",,1.25%
2018-10-05,"30,168.72","30,928.83","31,516.89","30,129.18",,-2.46%
2018-10-04,"30,928.83","32,201.47","32,223.56","30,912.13",,-3.95%
2018-10-03,"32,201.47","32,730.38","33,764.39","32,032.25",,-1.62%
2018-10-02,"32,730.38","32,584.94","33,370.04","32,584.94",,0.45%
2018-10-01,"32,584.94","33,461.84","33,944.65","32,584.94",,-2.62%
2018-09-28,"33,461.77","33,651.33","34,119.87","33,222.43",,-0.56%
2018-09-27,"33,651.33","33,943.28","35,121.15","33,592.82",,-0.86%
2018-09-26,"33,943.28","34,052.62","34,265.47","33,766.58",,-0.32%
2018-09-25,"34,052.62","33,163.61","34,215.27","32,301.74",,2.68%
2018-09-24,"33,163.61","34,327.12","34,433.00","32,487.67",,-3.39%
2018-09-21,"34,327.12","34,514.24","35,114.65","33,634.63",,-0.54%
2018-09-20,"34,514.24","33,118.35","34,585.00","33,118.35",,4.21%
2018-09-19,"33,118.35","32,106.34","33,363.64","32,092.19",,3.15%
2018-09-18,"32,106.34","31,157.40","32,163.56","31,157.40",,3.05%
2018-09-17,"31,157.40","30,177.43","31,194.26","30,098.49",,3.25%
2018-09-14,"30,177.43","30,023.76","30,413.23","29,974.23",,0.51%
2018-09-13,"30,023.76","29,744.67","30,670.24","29,717.39",,0.94%
2018-09-12,"29,744.67","29,163.63","29,792.44","29,163.63",,1.99%
2018-09-11,"29,163.63","29,455.22","29,455.22","28,525.28",,-0.99%
2018-09-10,"29,455.22","29,811.22","30,050.73","29,382.18",,-1.19%
2018-09-07,"29,811.22","29,948.35","30,439.73","29,791.36",,-0.46%
2018-09-06,"29,948.35","28,769.09","30,087.88","28,769.09",,4.10%
2018-09-05,"28,769.09","27,625.35","28,921.28","27,621.99",,4.14%
2018-09-04,"27,625.35","28,807.29","28,807.29","27,523.57",,-4.10%
2018-09-03,"28,807.29","29,293.52","29,433.48","28,573.08",,-1.66%
2018-08-31,"29,293.52","26,754.85","29,396.38","26,743.41",,9.49%
2018-08-30,"26,754.85","25,398.41","27,073.40","25,099.63",,5.34%
2018-08-29,"25,398.41","25,032.95","25,498.48","25,007.55",,1.46%
2018-08-28,"25,032.95","25,435.39","25,446.34","24,618.09",,-1.58%
2018-08-27,"25,435.39","25,167.96","25,855.20","25,115.23",,1.06%
2018-08-24,"25,167.96","26,523.20","26,523.20","24,951.34",,-5.11%
2018-08-23,"26,523.20","26,844.35","27,097.16","26,522.04",,-1.20%
2018-08-22,"26,844.35","26,045.93","26,891.07","26,015.93",,3.07%
2018-08-21,"26,045.93","26,238.82","26,339.53","26,009.49",,-0.74%
2018-08-17,"26,238.82","26,938.75","26,942.86","26,069.91",,-2.60%
2018-08-16,"26,938.75","27,008.20","27,356.26","26,544.00",,-0.26%
2018-08-15,"27,008.20","26,536.63","27,157.48","26,079.17",,1.78%
2018-08-14,"26,536.63","26,061.96","26,582.05","26,056.12",,1.82%
2018-08-13,"26,061.96","26,856.15","26,856.15","25,795.32",,-2.96%
2018-08-10,"26,856.15","26,906.28","26,950.36","25,923.62",,-0.19%
2018-08-09,"26,906.28","26,674.87","27,248.10","26,643.88",,0.87%
2018-08-08,"26,674.87","27,783.35","27,783.35","26,583.35",,-3.99%
2018-08-07,"27,783.35","28,893.97","28,921.94","27,723.74",,-3.84%
2018-08-06,"28,893.97","29,215.98","29,330.63","28,868.64",,-1.10%
2018-08-03,"29,215.98","28,882.85","29,578.25","28,882.85",,1.15%
2018-08-02,"28,882.85","29,387.80","29,435.57","28,848.39",,-1.72%
2018-08-01,"29,387.80","29,287.34","29,475.40","29,229.63",,0.34%
2018-07-31,"29,287.34","29,232.12","29,347.65","29,099.67",,0.19%
2018-07-30,"29,232.12","29,259.02","29,361.45","28,833.51",,-0.09%
2018-07-27,"29,259.02","29,204.92","29,842.46","29,042.91",,0.19%
2018-07-26,"29,204.92","29,363.46","29,513.68","29,073.33",,-0.54%
2018-07-25,"29,363.46","28,272.52","29,402.51","28,272.52",,3.86%
2018-07-24,"28,272.52","27,703.74","28,294.38","27,703.74",,2.05%
2018-07-23,"27,703.74","27,625.34","27,883.68","27,422.97",,0.28%
2018-07-20,"27,625.34","26,814.42","27,660.22","26,794.75",,3.02%
2018-07-19,"26,814.42","27,044.46","27,048.70","26,719.93",,-0.85%
2018-07-18,"27,044.46","26,765.07","27,108.61","26,579.70",,1.04%
2018-07-17,"26,765.07","26,263.65","26,878.04","26,173.77",,1.91%
2018-07-16,"26,263.65","26,514.16","26,688.67","26,095.33",,-0.94%
2018-07-13,"26,514.16","26,704.91","26,780.59","26,227.08",,-0.71%
2018-07-12,"26,704.91","27,231.78","27,665.51","26,561.73",,-1.93%
2018-07-11,"27,231.78","27,635.21","27,784.43","27,076.96",,-1.46%
2018-07-10,"27,635.21","27,611.04","28,502.13","27,495.98",,0.09%
2018-07-06,"27,611.04","27,813.17","28,086.84","27,379.66",,-0.73%
2018-07-05,"27,813.17","27,702.88","28,177.46","27,312.11",,0.40%
2018-07-04,"27,702.88","27,092.19","27,751.29","26,799.93",,2.25%
2018-07-03,"27,092.19","25,298.04","27,197.46","25,298.04",,7.09%
2018-07-02,"25,298.04","25,207.31","26,037.04","24,747.24",,-2.84%
2018-06-29,"26,037.01","26,789.41","27,043.34","25,626.73",,-2.81%
2018-06-28,"26,789.41","25,921.08","26,896.99","25,856.23",,3.35%
2018-06-27,"25,921.08","28,473.48","28,473.48","25,598.33",,-8.96%
2018-06-26,"28,473.48","28,825.12","29,239.46","28,355.69",,-1.22%
2018-06-25,"28,825.12","30,210.61","30,211.74","28,610.85",,-4.59%
2018-06-22,"30,210.61","30,869.35","30,941.26","30,172.86",,-2.13%
2018-06-21,"30,869.35","29,118.51","31,681.74","29,118.51",,6.01%
2018-06-19,"29,118.51","27,656.57","29,180.99","27,656.57",,5.29%
2018-06-18,"27,656.57","30,147.65","30,147.65","27,632.28",,-8.26%
2018-06-15,"30,147.65","30,114.88","30,212.88","29,739.83",,0.11%
2018-06-14,"30,114.88","30,228.42","30,767.50","29,930.78",,-0.38%
2018-06-13,"30,228.42","30,749.09","30,752.27","29,947.13",,-1.69%
2018-06-12,"30,749.09","31,703.85","31,707.20","30,697.25",,-3.01%
2018-06-11,"31,703.85","31,444.08","31,949.60","31,444.08",,0.83%
2018-06-08,"31,444.08","30,177.81","31,499.15","30,177.81",,4.20%
2018-06-07,"30,177.81","30,428.00","30,428.00","29,753.91",,-0.82%
2018-06-06,"30,428.00","30,359.26","30,755.42","30,139.48",,0.23%
2018-06-05,"30,359.26","29,036.15","30,399.57","29,036.15",,4.56%
2018-06-04,"29,036.15","28,436.75","29,074.50","28,436.75",,2.11%
2018-06-01,"28,436.75","28,558.83","28,899.36","27,969.20",,-0.43%
2018-05-31,"28,558.83","28,389.40","28,768.21","28,241.04",,0.60%
2018-05-30,"28,389.40","28,325.59","28,743.09","28,308.16",,0.23%
2018-05-29,"28,325.59","28,653.75","29,091.71","28,130.92",,-1.15%
2018-05-28,"28,653.75","29,664.90","29,664.90","28,302.86",,-3.41%
2018-05-24,"29,664.90","30,233.95","30,233.95","29,488.04",,-1.88%
2018-05-23,"30,233.95","30,991.35","30,997.20","30,200.22",,-2.44%
2018-05-22,"30,991.35","31,632.45","31,750.69","30,962.28",,-2.03%
2018-05-21,"31,632.45","31,883.11","32,056.20","31,505.60",,-0.74%
2018-05-18,"31,869.82","31,795.12","32,180.33","31,738.46",,0.20%
2018-05-17,"31,806.18","31,660.57","32,041.59","31,555.76",,0.46%
2018-05-16,"31,660.57","30,676.94","31,782.96","30,656.30",,3.21%
2018-05-15,"30,676.94","30,441.60","31,818.76","30,394.96",,0.77%
2018-05-14,"30,441.60","29,852.06","30,519.14","29,595.12",,1.97%
2018-05-11,"29,852.06","29,600.66","30,259.90","28,934.78",,0.85%
2018-05-10,"29,600.66","27,907.92","29,692.18","27,907.92",,6.07%
2018-05-09,"27,907.92","26,276.52","28,012.26","26,276.52",,6.21%
2018-05-08,"26,276.52","27,512.56","27,512.56","26,030.36",,-4.49%
2018-05-07,"27,512.56","28,553.27","29,096.24","27,341.86",,-3.64%
2018-05-04,"28,553.27","29,503.40","29,826.44","27,790.88",,-3.22%
2018-05-03,"29,503.40","29,613.98","29,830.88","29,129.66",,-0.37%
2018-05-02,"29,613.98","30,006.35","30,246.68","29,562.62",,-1.31%
2018-04-27,"30,006.35","29,487.82","30,260.60","29,406.51",,1.76%
2018-04-26,"29,487.82","29,946.83","30,086.96","29,321.40",,-1.53%
2018-04-25,"29,946.83","30,568.86","30,568.86","29,814.76",,-2.03%
2018-04-24,"30,568.86","30,941.08","31,222.55","30,496.82",,-1.20%
2018-04-23,"30,941.08","31,161.70","31,242.63","30,867.85",,-0.71%
2018-04-20,"31,161.70","31,281.32","31,391.08","31,122.32",,-0.38%
2018-04-19,"31,281.32","31,531.90","31,574.68","30,997.44",,-0.79%
2018-04-18,"31,531.90","31,402.77","31,772.59","31,402.77",,0.41%
2018-04-17,"31,402.77","31,007.80","31,515.96","31,006.98",,1.27%
2018-04-16,"31,007.80","31,593.11","31,595.41","30,948.14",,-1.85%
2018-04-13,"31,593.11","32,038.79","32,107.57","31,500.22",,-1.39%
2018-04-12,"32,038.79","32,030.85","32,143.51","31,957.82",,0.02%
2018-04-11,"32,030.85","32,222.40","32,339.79","31,979.84",,-0.59%
2018-04-10,"32,222.40","31,844.43","32,340.73","31,844.43",,1.19%
2018-04-09,"31,844.43","31,738.77","31,991.02","31,738.77",,0.33%
2018-04-06,"31,738.77","31,866.63","31,958.60","31,551.54",,-0.40%
2018-04-05,"31,866.63","31,318.47","31,896.17","31,318.47",,1.75%
2018-04-04,"31,318.47","31,341.06","31,376.04","30,930.67",,-0.07%
2018-04-03,"31,341.06","31,115.02","31,393.99","30,957.91",,0.73%
2018-03-28,"31,114.93","31,236.12","31,418.99","30,982.31",,-0.39%
2018-03-27,"31,236.12","31,636.56","31,834.28","31,214.34",,-1.27%
2018-03-26,"31,636.56","31,461.26","31,979.67","31,461.26",,0.56%
2018-03-23,"31,461.26","31,908.22","32,029.87","31,396.98",,-1.40%
2018-03-22,"31,908.22","32,369.59","32,370.63","31,834.77",,-1.43%
2018-03-21,"32,369.59","31,797.57","32,513.49","31,797.57",,1.80%
2018-03-20,"31,797.57","31,724.38","32,176.24","31,669.82",,0.23%
2018-03-19,"31,724.38","32,555.08","32,560.53","31,616.97",,-2.55%
2018-03-16,"32,555.08","32,707.46","33,058.47","32,484.12",,-0.47%
2018-03-15,"32,707.46","32,824.48","32,934.42","32,602.58",,-0.36%
2018-03-14,"32,824.48","32,980.12","33,210.36","32,760.66",,-0.47%
2018-03-13,"32,980.12","33,253.61","33,437.96","32,955.21",,-0.79%
2018-03-12,"33,243.97","33,182.60","33,508.48","33,180.15",,0.18%
2018-03-09,"33,182.60","32,822.60","33,498.57","32,816.90",,1.10%
2018-03-08,"32,822.60","32,743.55","33,196.83","32,672.29",,0.24%
2018-03-07,"32,743.55","32,864.98","32,870.26","32,400.82",,-0.37%
2018-03-06,"32,864.98","32,133.74","32,911.48","32,133.74",,2.28%
2018-03-05,"32,133.74","31,900.70","32,323.34","31,879.57",,0.73%
2018-03-02,"31,900.70","32,013.03","32,013.03","31,204.89",,-0.35%
2018-03-01,"32,013.03","33,010.90","33,020.15","31,930.93",,-3.02%
2018-02-28,"33,010.90","32,516.31","33,029.52","32,269.44",,1.52%
2018-02-27,"32,516.31","32,918.20","33,251.88","32,328.62",,-1.22%
2018-02-26,"32,918.20","32,742.39","33,168.24","32,710.99",,0.54%
2018-02-23,"32,742.39","33,124.77","33,410.03","32,714.80",,-1.15%
2018-02-22,"33,124.77","33,042.30","33,161.84","32,849.19",,0.25%
2018-02-21,"33,042.30","32,825.94","33,135.02","32,631.67",,0.66%
2018-02-20,"32,825.94","33,281.32","33,281.50","32,806.09",,-1.37%
2018-02-19,"33,281.32","32,677.25","33,320.97","32,677.25",,1.85%
2018-02-16,"32,677.25","32,023.64","32,739.34","32,021.89",,2.04%
2018-02-15,"32,023.64","31,551.31","32,159.90","31,551.31",,1.50%
2018-02-14,"31,551.31","30,143.44","31,598.82","30,143.44",,4.67%
2018-02-09,"30,143.44","31,021.59","31,190.15","29,460.74",,-2.83%
2018-02-08,"31,021.59","31,626.73","32,226.87","30,929.70",,-1.91%
2018-02-07,"31,626.73","31,624.18","32,604.64","31,407.76",,0.01%
2018-02-06,"31,624.18","31,145.60","31,751.12","29,859.34",,1.54%
2018-02-05,"31,145.60","32,614.77","32,614.77","31,095.98",,-4.50%
2018-02-02,"32,614.77","34,641.37","34,643.99","32,562.59",,-5.85%
2018-02-01,"34,641.37","34,938.64","35,461.52","34,586.32",,-0.85%
2018-01-31,"34,938.64","34,241.26","34,989.51","34,241.26",,2.04%
2018-01-30,"34,241.26","34,787.40","34,835.74","33,792.51",,-1.57%
2018-01-29,"34,787.40","35,126.22","35,182.93","34,257.21",,-0.96%
2018-01-26,"35,126.22","35,141.72","35,334.84","34,885.94",,-0.04%
2018-01-25,"35,141.72","34,948.56","35,189.15","34,686.85",,0.55%
2018-01-24,"34,948.56","33,893.42","34,980.66","33,893.42",,3.11%
2018-01-23,"33,893.42","33,525.47","33,950.97","33,506.96",,1.10%
2018-01-22,"33,525.47","33,591.70","33,703.06","33,432.48",,-0.20%
2018-01-19,"33,591.70","34,049.35","34,147.84","33,266.97",,-1.34%
2018-01-18,"34,049.35","33,598.21","34,100.02","33,598.01",,1.34%
2018-01-17,"33,598.21","33,521.63","33,879.16","33,417.51",,0.23%
2018-01-16,"33,521.63","33,622.84","33,697.54","33,076.95",,-0.30%
2018-01-15,"33,622.84","32,719.70","33,698.19","32,697.54",,2.76%
2018-01-12,"32,719.70","32,078.22","32,765.65","32,076.42",,2.00%
2018-01-11,"32,078.22","31,632.36","32,108.07","31,609.98",,1.41%
2018-01-10,"31,632.36","32,138.59","32,144.13","31,219.56",,-1.58%
2018-01-09,"32,138.59","32,351.20","32,648.40","32,104.49",,-0.66%
2018-01-08,"32,351.20","32,190.30","32,419.43","31,880.30",,0.50%
2018-01-05,"32,190.30","31,951.99","32,242.04","31,697.82",,0.75%
2018-01-04,"31,951.99","31,476.26","32,000.55","31,421.35",,1.51%
2018-01-03,"31,476.26","31,084.42","31,496.50","30,819.93",,1.26%
2018-01-02,"31,084.42","30,065.61","31,143.73","30,065.61",,3.39%
2017-12-29,"30,065.61","29,974.54","30,172.96","29,838.77",,0.30%
2017-12-28,"29,974.54","29,193.48","30,277.53","29,193.48",,2.68%
2017-12-27,"29,193.48","29,185.62","29,562.04","29,072.89",,0.03%
2017-12-26,"29,185.62","28,931.54","29,465.28","28,931.54",,0.88%
2017-12-22,"28,931.54","28,480.71","29,020.09","28,480.71",,1.58%
2017-12-21,"28,480.71","28,068.96","28,559.63","28,068.96",,1.47%
2017-12-20,"28,068.96","27,706.71","28,123.24","27,706.71",,1.31%
2017-12-19,"27,706.71","27,137.32","27,934.42","27,128.26",,2.10%
2017-12-18,"27,137.32","27,021.94","27,354.76","27,021.94",,0.43%
2017-12-15,"27,021.94","27,139.10","27,450.48","26,946.55",,-0.43%
2017-12-14,"27,139.10","27,034.57","27,371.46","26,854.41",,0.39%
2017-12-13,"27,034.57","27,341.58","27,569.16","27,004.63",,-1.12%
2017-12-12,"27,341.58","27,307.06","27,586.38","27,284.41",,0.13%
2017-12-11,"27,307.06","26,841.50","27,342.04","26,841.50",,1.73%
2017-12-07,"26,841.50","26,470.45","26,874.85","26,341.76",,1.40%
2017-12-06,"26,470.45","26,483.00","26,616.59","26,171.66",,-0.05%
2017-12-05,"26,483.00","26,834.30","26,933.75","26,379.49",,-1.31%
2017-12-04,"26,834.30","26,941.63","27,130.31","26,806.85",,-0.40%
2017-12-01,"26,941.63","26,905.26","27,158.88","26,894.74",,0.14%
2017-11-30,"26,905.26","26,902.88","27,125.73","26,720.48",,0.01%
2017-11-29,"26,902.88","26,912.15","27,046.83","26,768.21",,-0.03%
2017-11-28,"26,912.15","27,122.35","27,259.47","26,850.25",,-0.78%
2017-11-27,"27,122.35","27,464.78","27,657.33","27,122.35",,-1.25%
2017-11-24,"27,464.78","27,293.31","27,605.80","27,289.76",,0.63%
2017-11-23,"27,293.31","27,327.97","27,590.71","27,083.67",,-0.13%
2017-11-22,"27,327.97","27,266.05","27,615.54","27,266.05",,0.23%
2017-11-21,"27,266.05","27,128.50","27,352.61","27,124.09",,0.51%
2017-11-17,"27,128.50","27,267.30","27,638.38","26,953.54",,-0.51%
2017-11-16,"27,267.30","26,312.68","27,289.05","26,312.68",,3.63%
2017-11-15,"26,312.68","25,611.01","26,543.85","25,194.27",,2.74%
2017-11-14,"25,611.01","26,714.90","26,741.69","25,394.52",,-4.13%
2017-11-13,"26,714.90","27,080.55","27,217.28","26,565.15",,-1.35%
2017-11-10,"27,080.55","27,951.54","28,086.16","27,047.15",,-3.12%
2017-11-09,"27,951.54","28,081.57","28,374.48","27,921.23",,-0.46%
2017-11-08,"28,081.57","28,120.22","28,345.31","27,997.41",,-0.14%
2017-11-07,"28,120.22","27,978.33","28,545.17","27,978.33",,0.51%
2017-11-03,"27,978.33","27,944.45","28,034.49","27,709.07",,0.12%
2017-11-02,"27,944.45","27,979.83","28,200.38","27,661.82",,-0.13%
2017-11-01,"27,979.83","27,935.28","28,357.47","27,923.28",,0.16%
2017-10-31,"27,935.28","27,405.83","27,992.04","27,376.24",,1.93%
2017-10-30,"27,405.83","27,479.39","27,557.91","27,293.17",,-0.27%
2017-10-27,"27,479.39","27,828.65","27,983.43","27,452.19",,-1.26%
2017-10-26,"27,828.65","27,878.24","28,100.68","27,814.48",,-0.18%
2017-10-25,"27,878.24","28,009.54","28,062.92","27,413.22",,-0.47%
2017-10-24,"28,009.54","27,782.60","28,046.97","27,725.00",,0.82%
2017-10-23,"27,782.60","26,978.98","27,912.69","26,978.98",,2.98%
2017-10-20,"26,978.98","26,804.55","27,186.14","26,803.96",,0.65%
2017-10-19,"26,804.55","26,213.15","26,834.54","26,205.10",,2.26%
2017-10-18,"26,213.15","26,622.44","26,629.47","26,103.13",,-1.54%
2017-10-17,"26,622.44","27,140.80","27,145.66","26,475.76",,-1.91%
2017-10-13,"27,140.80","27,059.52","27,241.42","27,027.69",,0.30%
2017-10-12,"27,059.52","26,889.79","27,080.34","26,868.15",,0.63%
2017-10-11,"26,889.79","27,097.26","27,368.60","26,780.58",,-0.77%
2017-10-10,"27,097.26","26,765.96","27,138.23","26,765.96",,1.24%
2017-10-09,"26,765.96","26,858.89","26,898.41","26,702.32",,-0.12%
2017-10-06,"26,797.79","27,015.58","27,017.58","26,739.73",,-0.81%
2017-10-05,"27,015.58","26,476.77","27,036.08","26,467.48",,2.04%
2017-10-04,"26,476.77","26,672.97","26,722.08","26,216.53",,-0.74%
2017-10-03,"26,672.97","26,350.75","26,690.70","26,305.87",,1.22%
2017-10-02,"26,350.75","26,078.32","26,383.70","26,069.57",,1.04%
2017-09-29,"26,078.29","25,597.01","26,175.24","25,597.01",,1.88%
2017-09-28,"25,597.01","25,271.19","25,642.76","25,267.13",,1.29%
2017-09-27,"25,271.19","25,166.21","25,295.88","24,860.42",,0.42%
2017-09-26,"25,166.21","25,047.18","25,411.73","25,047.18",,0.48%
2017-09-25,"25,047.18","24,994.48","25,229.15","24,928.63",,0.21%
2017-09-22,"24,994.48","24,578.70","25,034.67","24,577.52",,1.69%
2017-09-21,"24,578.70","24,334.82","24,595.45","24,334.82",,1.00%
2017-09-20,"24,334.82","24,214.62","24,359.20","24,189.23",,0.50%
2017-09-19,"24,214.62","23,913.92","24,236.26","23,913.92",,1.26%
2017-09-18,"23,913.92","23,715.54","23,950.47","23,609.11",,0.84%
2017-09-15,"23,715.54","23,701.71","23,737.15","23,601.45",,0.06%
2017-09-14,"23,701.71","23,836.58","23,928.27","23,693.08",,-0.57%
2017-09-13,"23,836.58","23,529.22","23,873.78","23,529.22",,1.31%
2017-09-12,"23,529.22","24,066.49","24,066.93","23,502.59",,-2.23%
2017-09-11,"24,066.49","24,018.13","24,235.41","24,018.13",,0.20%
2017-09-08,"24,018.13","24,250.25","24,262.20","23,836.56",,-0.96%
2017-09-07,"24,250.25","24,164.85","24,266.12","24,148.68",,0.35%
2017-09-06,"24,164.85","24,025.94","24,246.13","24,023.43",,0.58%
2017-09-05,"24,025.94","23,707.77","24,060.58","23,706.46",,1.34%
2017-09-04,"23,707.77","23,657.64","23,751.27","23,527.87",,0.21%
2017-09-01,"23,657.64","23,588.98","23,721.09","23,573.99",,0.29%
2017-08-31,"23,588.98","23,491.81","23,642.07","23,485.01",,0.41%
2017-08-30,"23,491.81","23,443.59","23,534.00","23,416.11",,0.21%
2017-08-29,"23,443.59","23,482.05","23,482.60","23,279.57",,-0.16%
2017-08-28,"23,482.05","23,500.95","23,597.66","23,444.45",,-0.08%
2017-08-25,"23,500.95","23,392.50","23,573.64","23,392.50",,0.46%
2017-08-24,"23,392.50","23,262.38","23,410.59","23,167.08",,0.56%
2017-08-23,"23,262.38","22,900.18","23,279.74","22,865.38",,1.58%
2017-08-22,"22,900.18","22,967.35","23,091.54","22,863.39",,-0.29%
2017-08-18,"22,967.35","22,724.48","23,153.64","22,654.44",,1.07%
2017-08-17,"22,724.48","22,887.94","22,919.04","22,690.49",,-0.71%
2017-08-16,"22,887.94","22,702.38","22,911.10","22,656.87",,0.82%
2017-08-15,"22,702.38","22,539.96","22,719.36","22,237.24",,0.72%
2017-08-14,"22,539.96","21,632.98","22,561.62","21,632.98",,4.19%
2017-08-11,"21,632.98","21,132.97","21,729.03","21,129.11",,2.37%
2017-08-10,"21,132.97","20,924.99","21,228.78","20,904.59",,0.99%
2017-08-09,"20,924.99","21,255.71","21,265.89","20,845.22",,-1.56%
2017-08-08,"21,255.71","21,478.44","21,559.98","21,220.01",,-1.04%
2017-08-07,"21,478.44","21,703.90","21,802.47","21,458.13",,-1.04%
2017-08-04,"21,703.90","21,779.54","21,823.10","21,694.07",,-0.35%
2017-08-03,"21,779.54","21,798.64","21,877.75","21,739.62",,-0.09%
2017-08-02,"21,798.64","21,522.30","21,850.20","21,514.05",,1.28%
2017-08-01,"21,522.30","21,582.40","21,710.63","21,498.98",,-0.28%
2017-07-31,"21,582.40","21,689.22","21,689.22","21,382.98",,-0.49%
2017-07-28,"21,689.22","21,294.02","21,705.54","21,271.68",,1.86%
2017-07-27,"21,294.02","21,202.91","21,356.79","21,198.02",,0.43%
2017-07-26,"21,202.91","21,243.25","21,304.39","21,106.75",,-0.19%
2017-07-25,"21,243.25","21,310.37","21,406.88","21,162.92",,-0.31%
2017-07-24,"21,310.37","21,498.58","21,620.13","21,258.60",,-0.88%
2017-07-21,"21,498.58","21,465.20","21,727.19","21,459.46",,0.16%
2017-07-20,"21,465.20","21,450.40","21,633.10","21,450.40",,0.07%
2017-07-19,"21,450.40","21,046.43","21,515.51","21,040.81",,1.92%
2017-07-18,"21,046.43","21,296.50","21,309.18","20,863.82",,-1.17%
2017-07-17,"21,296.50","21,880.16","21,882.07","21,255.90",,-2.67%
2017-07-14,"21,880.16","21,976.37","22,032.37","21,703.92",,-0.44%
2017-07-13,"21,976.37","22,227.43","22,240.45","21,857.62",,-1.29%
2017-07-12,"22,262.64","22,127.33","22,366.54","22,118.11",,0.61%
2017-07-11,"22,127.33","21,956.55","22,144.41","21,946.22",,0.78%
2017-07-10,"21,956.55","22,027.84","22,122.57","21,941.39",,-0.32%
2017-07-07,"22,027.84","22,223.00","22,251.11","21,845.58",,-0.89%
2017-07-06,"22,225.15","22,433.62","22,605.85","22,210.91",,-0.85%
2017-07-05,"22,415.77","22,385.79","22,573.14","22,366.21",,0.13%
2017-07-04,"22,385.79","22,217.01","22,469.82","22,214.99",,0.76%
2017-07-03,"22,217.01","21,869.42","22,337.96","21,869.42",,1.39%
2017-06-30,"21,912.63","21,460.77","21,939.45","21,460.77",,2.11%
2017-06-29,"21,460.77","21,394.32","21,540.48","21,300.96",,0.31%
2017-06-28,"21,394.31","21,289.75","21,410.54","21,284.14",,0.79%
2017-06-27,"21,226.89","21,309.48","21,469.93","21,164.54",,-0.33%
2017-06-26,"21,297.04","21,081.78","21,313.98","21,081.78",,1.10%
2017-06-23,"21,066.14","21,004.28","21,154.01","20,874.57",,0.33%
2017-06-22,"20,996.86","20,614.35","21,085.69","20,614.35",,1.86%
2017-06-21,"20,614.35","21,624.45","21,624.45","20,461.53",,-4.82%
2017-06-19,"21,657.19","21,464.23","21,725.97","21,464.23",,1.72%
2017-06-16,"21,291.38","21,007.12","21,291.38","21,007.12",,1.34%
2017-06-15,"21,009.41","21,186.65","21,186.65","20,906.83",,-0.80%
2017-06-14,"21,178.35","21,397.36","21,460.88","21,148.18",,-1.01%
2017-06-13,"21,394.92","21,150.76","21,407.10","21,102.25",,1.18%
2017-06-12,"21,145.05","21,612.87","21,612.87","21,102.76",,-2.17%
2017-06-09,"21,614.25","21,918.39","21,948.63","21,590.11",,-1.43%
2017-06-08,"21,928.76","22,228.09","22,349.67","21,903.08",,-1.30%
2017-06-07,"22,218.66","22,361.74","22,501.72","22,120.27",,-0.61%
2017-06-06,"22,355.60","22,412.69","22,412.69","21,682.89",,-0.39%
2017-06-05,"22,443.60","22,519.85","22,557.60","22,247.23",,-0.33%
2017-06-02,"22,518.99","22,565.58","22,565.58","22,428.48",,0.00%
2017-06-01,"22,518.66","22,461.90","22,594.93","22,461.90",,0.76%
2017-05-31,"22,348.61","22,325.93","22,413.95","22,191.45",,0.17%
2017-05-30,"22,310.58","22,336.59","22,349.68","22,165.97",,-0.16%
2017-05-29,"22,347.43","22,148.88","22,624.41","22,148.88",,0.93%
2017-05-26,"22,141.71","21,892.09","22,151.22","21,843.85",,2.11%
2017-05-24,"21,684.59","21,520.66","21,707.50","21,520.66",,0.76%
2017-05-23,"21,520.66","21,503.86","21,640.85","21,452.22",,0.09%
2017-05-22,"21,500.84","21,556.09","21,556.09","21,350.79",,-0.53%
2017-05-19,"21,614.87","21,033.89","21,636.43","21,033.89",,2.76%
2017-05-18,"21,033.96","21,660.38","21,660.38","20,686.48",,-2.95%
2017-05-17,"21,674.24","21,836.87","21,836.87","21,646.78",,-0.73%
2017-05-16,"21,833.61","21,659.05","21,833.61","21,659.05",,0.82%
2017-05-15,"21,656.60","21,623.29","21,683.05","21,576.89",,0.72%
2017-05-12,"21,502.41","21,432.90","21,666.84","21,432.90",,0.35%
2017-05-11,"21,426.58","21,520.75","21,550.76","21,408.14",,-0.39%
2017-05-10,"21,510.00","21,143.61","21,510.00","21,143.61",,1.75%
2017-05-09,"21,140.16","21,041.65","21,175.89","21,035.95",,0.30%
2017-05-08,"21,076.71","21,169.68","21,169.68","21,041.87",,-0.44%
2017-05-05,"21,169.68","20,971.78","21,169.68","20,968.11",,0.88%
2017-05-04,"20,985.52","21,216.73","21,216.73","20,853.68",,-1.07%
2017-05-03,"21,212.03","21,158.84","21,252.94","21,098.62",,0.26%
2017-05-02,"21,157.45","21,041.64","21,159.69","21,021.80",,0.65%
2017-04-28,"21,019.91","20,907.40","21,019.91","20,871.69",,0.62%
2017-04-27,"20,889.45","21,028.89","21,028.89","20,615.09",,-0.66%
2017-04-26,"21,027.67","21,201.08","21,226.07","21,027.67",,-0.81%
2017-04-25,"21,198.87","21,169.87","21,315.37","21,052.52",,0.14%
2017-04-24,"21,169.87","20,779.35","21,171.47","20,779.35",,1.93%
2017-04-21,"20,768.98","20,673.73","20,768.98","20,601.58",,0.49%
2017-04-20,"20,668.71","20,512.97","20,676.73","20,512.97",,0.76%
2017-04-19,"20,513.17","20,660.56","20,844.03","20,496.01",,-0.76%
2017-04-18,"20,669.72","20,729.41","20,787.44","20,603.34",,-0.38%
2017-04-17,"20,748.13","20,807.78","20,807.78","20,663.87",,-0.31%
2017-04-12,"20,812.17","20,994.80","20,995.33","20,646.02",,-0.87%
2017-04-11,"20,994.80","20,934.33","21,050.83","20,925.66",,0.33%
2017-04-10,"20,926.18","20,735.03","20,935.00","20,735.03",,0.96%
2017-04-07,"20,727.56","20,812.27","20,911.16","20,715.14",,-0.41%
2017-04-06,"20,812.82","20,753.74","20,921.62","20,719.29",,0.63%
2017-04-05,"20,683.02","20,848.18","20,961.74","20,676.36",,-0.73%
2017-04-04,"20,834.74","20,561.90","20,834.74","20,561.90",,1.33%
2017-04-03,"20,561.90","20,281.62","20,561.90","20,281.62",,1.46%
2017-03-31,"20,265.32","20,250.25","20,322.64","20,194.75",,0.08%
2017-03-30,"20,248.42","20,200.21","20,267.56","20,144.64",,0.22%
2017-03-29,"20,203.27","20,066.82","20,230.69","20,060.45",,0.90%
2017-03-28,"20,022.42","19,808.51","20,052.07","19,808.51",,1.11%
2017-03-27,"19,801.71","19,705.10","19,881.41","19,701.97",,0.49%
2017-03-23,"19,705.10","19,675.83","19,790.71","19,646.45",,0.20%
2017-03-22,"19,666.59","19,537.45","19,666.59","19,509.07",,0.67%
2017-03-21,"19,535.20","19,794.89","19,811.59","19,460.55",,-1.31%
2017-03-20,"19,793.52","19,436.74","19,793.52","19,436.74",,1.85%
2017-03-17,"19,434.00","19,602.07","19,658.86","19,402.54",,-0.85%
2017-03-16,"19,601.29","19,369.76","19,627.14","19,369.76",,1.20%
2017-03-15,"19,368.39","19,067.75","19,368.39","19,019.86",,1.61%
2017-03-14,"19,062.24","19,192.04","19,192.04","18,925.61",,-0.66%
2017-03-13,"19,188.25","18,895.91","19,188.25","18,895.91",,1.55%
2017-03-10,"18,895.91","18,807.42","18,979.80","18,807.35",,0.59%
2017-03-09,"18,785.49","19,223.43","19,229.32","18,717.51",,-2.32%
2017-03-08,"19,232.61","19,248.65","19,267.46","19,177.83",,-0.08%
2017-03-07,"19,248.16","19,197.34","19,345.16","19,171.08",,0.26%
2017-03-06,"19,197.34","19,265.45","19,343.59","19,038.82",,-0.35%
2017-03-03,"19,265.45","18,959.77","19,265.45","18,928.19",,1.58%
2017-03-02,"18,966.51","19,358.97","19,414.19","18,924.04",,-2.03%
2017-03-01,"19,358.97","19,111.87","19,370.61","19,059.53",,1.26%
2017-02-24,"19,117.45","19,538.09","19,538.09","19,030.43",,-2.15%
2017-02-23,"19,538.09","19,918.28","20,133.04","19,454.17",,-1.89%
2017-02-22,"19,915.25","20,077.50","20,084.02","19,845.80",,-0.79%
2017-02-21,"20,072.92","20,040.36","20,234.96","19,935.11",,0.17%
2017-02-20,"20,038.39","19,742.29","20,049.19","19,735.80",,1.81%
2017-02-17,"19,681.34","19,565.77","19,712.44","19,421.97",,0.60%
2017-02-16,"19,563.21","19,661.98","19,744.39","19,463.96",,-0.48%
2017-02-15,"19,657.07","19,606.38","19,667.65","19,551.42",,0.26%
2017-02-14,"19,606.38","19,576.90","19,609.74","19,446.71",,0.51%
2017-02-13,"19,507.54","19,687.83","19,743.46","19,427.21",,0.02%
2017-02-10,"19,502.93","19,331.62","19,513.59","19,300.74",,1.04%
2017-02-09,"19,302.25","19,145.67","19,378.85","19,145.67",,0.81%
2017-02-08,"19,147.92","19,199.83","19,199.83","18,950.79",,-0.24%
2017-02-07,"19,194.32","19,252.58","19,365.99","19,100.32",,-0.28%
2017-02-06,"19,248.66","19,199.12","19,290.08","19,183.80",,0.25%
2017-02-03,"19,200.50","19,374.99","19,487.18","19,146.15",,-0.90%
2017-02-02,"19,374.99","19,205.25","19,379.13","19,125.27",,0.91%
2017-02-01,"19,200.76","19,066.42","19,303.26","18,983.82",,0.72%
2017-01-31,"19,062.59","18,780.56","19,062.59","18,780.56",,1.52%
2017-01-30,"18,777.50","19,221.09","19,221.09","18,737.54",,-2.28%
2017-01-27,"19,215.78","19,200.63","19,218.44","19,070.87",,0.18%
2017-01-26,"19,180.40","19,408.95","19,557.54","19,180.40",,-1.17%
2017-01-25,"19,406.63","19,365.60","19,452.04","19,305.17",,0.20%
2017-01-24,"19,366.94","19,468.26","19,721.22","19,330.27",,-0.53%
2017-01-23,"19,470.59","19,039.11","19,470.59","18,993.60",,2.26%
2017-01-20,"19,039.49","18,571.84","19,044.28","18,563.05",,2.18%
2017-01-19,"18,633.46","18,861.25","18,937.20","18,571.90",,-1.25%
2017-01-18,"18,870.09","18,879.26","19,024.91","18,785.26",,-0.03%
2017-01-17,"18,875.55","18,996.13","19,056.55","18,866.28",,-0.64%
2017-01-16,"18,997.45","18,912.94","19,019.33","18,860.42",,0.59%
2017-01-13,"18,885.09","18,600.35","18,892.20","18,600.35",,1.58%
2017-01-12,"18,591.28","18,594.60","18,733.52","18,457.17",,0.67%
2017-01-11,"18,467.76","18,821.13","18,892.07","18,413.13",,-1.68%
2017-01-10,"18,783.32","18,511.69","18,832.57","18,511.69",,1.48%
2017-01-09,"18,509.93","18,384.14","18,518.20","18,317.89",,1.23%
2017-01-06,"18,284.28","18,226.59","18,308.38","18,200.90",,0.34%
2017-01-05,"18,222.70","18,233.95","18,296.93","17,910.11",,0.44%
2017-01-04,"18,143.10","17,915.30","18,157.08","17,903.79",,1.29%
2017-01-03,"17,911.22","17,526.34","17,932.54","17,526.34",,2.32%
2017-01-02,"17,504.82","16,921.64","17,527.52","16,921.64",,3.47%
