Date,Open,High,Low,Adj_Close,Volume
27-Oct-22,"60,566.29","60,739.61","60,004.44","60,469.90",113.35M
26-Oct-22,"59,268.00","60,566.29","59,253.84","60,566.29",140.16M
25-Oct-22,"58,461.97","59,440.25","58,461.97","59,268.00",122.55M
24-Oct-22,"59,091.06","59,377.20","58,200.54","58,461.97",100.08M
21-Oct-22,"59,347.28","59,593.79","58,225.52","59,091.06",87.10M
20-Oct-22,"59,209.55","59,419.12","58,400.61","59,347.28",225.88M
19-Oct-22,"59,829.23","59,829.23","58,788.07","59,209.55",137.38M
18-Oct-22,"59,638.26","60,371.99","59,638.26","59,829.23",106.19M
17-Oct-22,"57,844.49","59,723.58","57,712.05","59,638.26",112.18M
14-Oct-22,"57,960.88","59,311.44","57,630.81","57,844.49",95.54M
13-Oct-22,"58,177.44","58,408.97","57,252.98","57,960.88",111.78M
12-Oct-22,"58,208.74","58,680.60","57,953.17","58,177.44",108.11M
11-Oct-22,"58,336.04","58,790.82","57,736.16","58,208.74",110.47M
10-Oct-22,"59,279.98","59,279.98","58,140.00","58,385.40",78.69M
07-Oct-22,"59,416.01","59,520.44","58,802.87","59,279.98",89.91M
06-Oct-22,"59,202.29","60,108.41","59,202.29","59,416.01",147.46M
05-Oct-22,"59,839.46","60,027.55","58,966.99","59,202.29",95.77M
04-Oct-22,"57,849.66","59,839.46","57,849.66","59,839.46",164.86M
03-Oct-22,"57,389.70","57,948.19","56,911.49","57,849.66",87.05M
30-Sep-22,"56,920.94","57,632.96","56,899.69","57,389.70",142.06M
29-Sep-22,"57,413.11","57,561.08","56,199.61","56,920.94",149.32M
28-Sep-22,"57,621.38","57,623.10","55,851.00","57,413.11",157.22M
27-Sep-22,"57,289.97","57,825.65","57,037.40","57,621.38",151.68M
26-Sep-22,"57,109.52","57,473.09","56,375.98","57,289.97",130.81M
23-Sep-22,"58,852.41","58,898.86","56,959.51","57,109.52",125.82M
22-Sep-22,"59,817.68","59,819.43","58,741.09","58,852.41",122.10M
21-Sep-22,"60,119.49","60,149.71","59,481.58","59,817.68",98.69M
20-Sep-22,"59,967.30","60,918.78","59,944.83","60,119.49",104.88M
19-Sep-22,"60,013.72","60,029.50","59,018.45","59,967.30",88.65M
16-Sep-22,"60,991.46","60,991.46","59,761.68","60,013.72",265.93M
15-Sep-22,"61,385.53","61,911.27","60,955.42","60,991.46",288.52M
14-Sep-22,"61,706.56","61,734.54","60,850.25","61,385.53",90.18M
13-Sep-22,"63,111.95","63,230.51","61,521.35","61,706.56",113.42M
12-Sep-22,"62,126.76","63,426.78","62,126.76","63,111.95",115.71M
09-Sep-22,"60,637.95","62,621.15","60,632.01","62,126.76",142.77M
08-Sep-22,"60,174.38","60,933.03","59,998.04","60,637.95",136.44M
07-Sep-22,"60,943.44","60,943.44","59,825.78","60,174.38",131.29M
06-Sep-22,"60,843.90","61,348.02","60,552.63","60,943.44",118.71M
05-Sep-22,"60,854.02","61,146.18","60,285.40","60,843.90",104.85M
02-Sep-22,"59,516.37","60,891.50","59,516.37","60,854.02",121.33M
01-Sep-22,"60,735.70","60,735.70","59,317.32","59,516.37",278.48M
31-Aug-22,"61,321.55","62,067.59","60,735.70","60,735.70",189.78M
30-Aug-22,"62,546.78","62,886.89","61,108.98","61,321.55",122.44M
29-Aug-22,"63,507.94","63,507.94","62,006.89","62,546.78",91.34M
26-Aug-22,"63,685.65","64,388.42","63,366.93","63,507.94",110.49M
25-Aug-22,"63,079.74","63,874.17","63,069.60","63,685.65",109.65M
24-Aug-22,"63,032.89","63,403.92","62,784.39","63,079.74",93.27M
23-Aug-22,"62,482.18","63,290.22","62,382.66","63,032.89",88.26M
22-Aug-22,"62,974.06","62,981.14","62,008.67","62,482.18",100.28M
19-Aug-22,"64,183.99","64,281.20","62,840.68","62,974.06",110.82M
18-Aug-22,"64,167.49","64,459.74","64,006.63","64,183.99",84.92M
17-Aug-22,"64,726.06","64,726.06","63,948.05","64,167.49",100.79M
16-Aug-22,"64,021.60","64,786.09","64,008.17","64,726.06",97.63M
15-Aug-22,"63,996.11","64,439.74","63,895.08","64,021.60",104.83M
12-Aug-22,"64,616.68","64,645.29","63,996.11","63,996.11",87.61M
11-Aug-22,"63,161.18","64,766.71","63,158.53","64,616.68",125.55M
10-Aug-22,"63,770.91","63,770.91","62,743.26","63,161.18",112.10M
08-Aug-22,"63,114.01","64,001.38","62,873.52","63,770.91",75.43M
05-Aug-22,"62,327.03","63,242.59","62,327.03","63,114.01",96.44M
04-Aug-22,"62,199.10","63,014.63","62,176.96","62,327.03",120.96M
03-Aug-22,"61,452.99","62,689.13","61,452.99","62,199.10",106.40M
02-Aug-22,"62,155.49","62,155.49","61,063.14","61,588.20",135.13M
01-Aug-22,"62,473.81","62,951.83","61,785.28","62,155.49",124.23M
29-Jul-22,"62,169.99","62,711.48","61,948.26","62,473.81",161.23M
28-Jul-22,"61,985.48","63,028.25","61,985.48","62,169.99",126.90M
27-Jul-22,"62,017.11","62,255.65","61,784.92","61,985.48",0
26-Jul-22,"61,432.89","62,127.32","61,432.89","62,017.11",93.16M
25-Jul-22,"61,766.74","61,914.16","61,052.35","61,432.89",107.33M
22-Jul-22,"61,646.59","62,155.97","61,646.59","61,766.74",128.29M
21-Jul-22,"61,379.04","61,820.11","60,792.12","61,646.59",108.45M
20-Jul-22,"61,499.12","62,230.57","60,812.53","61,379.04",103.60M
19-Jul-22,"60,760.87","61,534.11","60,094.11","61,499.12",99.11M
18-Jul-22,"58,905.46","60,894.11","58,894.83","60,760.87",113.24M
15-Jul-22,"58,639.21","59,135.89","57,948.98","58,905.46",131.85M
14-Jul-22,"60,031.68","60,261.79","58,252.87","58,639.21",112.35M
13-Jul-22,"60,964.89","60,964.89","59,254.02","60,031.68",129.55M
12-Jul-22,"61,008.16","61,054.49","60,405.21","60,964.89",92.66M
11-Jul-22,"62,107.37","62,107.37","60,368.77","61,008.16",62.78M
08-Jul-22,"61,771.44","62,279.83","60,895.71","62,107.37",120.34M
07-Jul-22,"59,702.98","61,828.91","59,702.98","61,771.44",107.99M
06-Jul-22,"58,952.59","60,190.16","58,952.59","59,702.98",104.47M
05-Jul-22,"60,901.62","61,000.05","58,616.91","58,952.59",113.66M
04-Jul-22,"59,640.36","61,311.59","59,613.82","60,901.62",78.02M
01-Jul-22,"60,109.04","60,559.96","59,344.91","59,640.36",112.06M
30-Jun-22,"61,553.81","61,553.81","60,102.24","60,109.04",151.68M
29-Jun-22,"61,789.23","61,800.00","60,943.76","61,553.81",109.22M
28-Jun-22,"61,524.81","62,359.34","61,524.81","61,789.23",108.45M
27-Jun-22,"59,992.87","62,070.50","59,992.87","61,524.81",109.91M
24-Jun-22,"59,018.91","60,023.53","58,834.89","59,992.87",119.17M
23-Jun-22,"59,414.81","59,516.66","58,488.66","59,018.91",101.04M
22-Jun-22,"60,374.38","60,374.38","58,847.54","59,414.81",102.04M
21-Jun-22,"60,073.83","61,149.30","60,051.10","60,374.38",127.84M
20-Jun-22,"59,082.87","60,389.57","59,078.51","60,073.83",96.55M
17-Jun-22,"61,163.02","61,163.02","59,057.87","59,082.87",248.13M
15-Jun-22,"59,436.50","61,214.80","58,984.42","61,163.02",333.96M
14-Jun-22,"60,074.62","60,669.91","59,315.90","59,436.50",161.90M
13-Jun-22,"61,348.19","61,400.04","59,638.89","60,074.62",147.73M
10-Jun-22,"62,427.08","62,548.43","61,227.59","61,348.19",165.25M
09-Jun-22,"63,449.35","63,896.63","62,427.08","62,427.08",102.17M
08-Jun-22,"63,734.22","64,160.40","63,369.85","63,449.35",0
07-Jun-22,"64,535.61","64,566.14","63,208.98","63,734.22",96.32M
06-Jun-22,"64,318.95","64,872.77","64,226.58","64,535.61",68.53M
03-Jun-22,"64,427.33","65,126.93","64,301.51","64,318.95",69.42M
02-Jun-22,"64,237.10","64,760.16","64,217.94","64,427.33",103.60M
01-Jun-22,"65,431.16","65,509.24","63,923.85","64,237.10",110.81M
31-May-22,"65,335.09","65,639.78","64,953.02","65,431.16",282.09M
30-May-22,"63,882.81","65,460.19","63,882.81","65,335.09",114.20M
27-May-22,"63,019.00","63,994.08","62,745.13","63,882.81",123.99M
26-May-22,"61,176.02","63,121.42","61,156.80","63,019.00",124.43M
25-May-22,"61,176.93","61,682.23","60,345.32","61,176.02",146.90M
24-May-22,"61,787.53","61,787.53","60,978.03","61,176.93",95.66M
23-May-22,"60,999.46","62,215.00","60,999.46","61,787.53",104.11M
20-May-22,"61,725.52","62,718.07","60,999.46","60,999.46",160.27M
19-May-22,"62,494.43","62,502.30","61,028.81","61,725.52",110.95M
18-May-22,"63,026.74","63,337.88","62,358.01","62,494.43",104.64M
17-May-22,"62,495.81","63,679.87","62,495.81","63,026.74",115.46M
16-May-22,"61,991.97","62,582.73","61,722.43","62,495.81",88.91M
13-May-22,"60,641.20","62,007.17","60,587.94","61,991.97",0
12-May-22,"61,786.27","61,786.27","59,396.94","60,641.20",164.91M
11-May-22,"60,359.40","61,876.75","60,230.61","61,786.27",130.02M
10-May-22,"60,161.02","61,103.01","60,154.30","60,359.40",173.37M
09-May-22,"61,290.10","61,352.93","59,863.94","60,161.02",123.50M
06-May-22,"62,902.26","62,902.26","60,555.41","61,290.10",138.10M
05-May-22,"63,573.87","64,353.17","62,902.26","62,902.26",0
04-May-22,"64,401.30","64,440.64","63,293.40","63,573.87",111.21M
03-May-22,"65,475.55","65,568.78","64,351.42","64,401.30",117.55M
29-Apr-22,"64,551.99","66,128.11","64,551.99","65,475.55",146.58M
28-Apr-22,"63,336.92","64,651.24","63,310.31","64,551.99",105.74M
26-Apr-22,"62,895.89","64,058.03","62,895.89","63,336.92",105.84M
25-Apr-22,"65,385.48","65,403.54","62,864.14","62,895.89",166.87M
22-Apr-22,"66,417.55","66,417.55","65,354.26","65,385.48",106.68M
21-Apr-22,"66,765.06","66,945.26","66,143.43","66,417.55",0
20-Apr-22,"66,867.43","67,138.19","66,448.48","66,765.06",119.92M
19-Apr-22,"66,481.94","67,110.37","66,481.94","66,867.43",109.56M
14-Apr-22,"66,200.31","66,857.64","66,200.31","66,481.94",91.57M
13-Apr-22,"66,780.07","66,961.01","65,980.58","66,200.31",113.57M
12-Apr-22,"67,405.96","67,584.28","66,455.86","66,780.07",111.14M
11-Apr-22,"67,747.07","67,805.59","67,091.77","67,405.96",119.84M
08-Apr-22,"67,003.12","67,901.41","67,003.12","67,747.07",125.82M
07-Apr-22,"67,308.61","67,411.97","66,782.28","67,003.12",102.18M
06-Apr-22,"68,343.65","68,415.52","66,976.23","67,308.61",127.25M
05-Apr-22,"68,940.52","68,940.52","68,133.57","68,343.65",133.67M
04-Apr-22,"68,934.93","69,379.77","68,905.46","68,940.52",92.36M
01-Apr-22,"68,507.85","69,006.12","67,770.76","68,934.93",109.82M
31-Mar-22,"68,529.72","68,656.79","67,836.16","68,507.85",115.36M
30-Mar-22,"67,911.15","68,529.72","67,697.09","68,529.72",107.68M
29-Mar-22,"67,436.21","68,194.63","67,436.21","67,911.15",137.09M
28-Mar-22,"67,578.28","67,808.09","67,191.73","67,436.21",114.02M
25-Mar-22,"67,690.25","67,914.69","67,373.93","67,578.28",96.55M
24-Mar-22,"68,235.42","68,792.29","67,617.11","67,690.25",133.90M
23-Mar-22,"69,145.89","69,390.14","68,145.09","68,235.42",133.29M
22-Mar-22,"68,275.27","69,375.50","68,275.27","69,145.89",151.70M
18-Mar-22,"67,570.25","68,384.62","67,570.25","68,275.27",0
17-Mar-22,"66,971.88","67,872.27","66,971.88","67,570.25",344.57M
16-Mar-22,"64,292.26","66,971.88","64,292.26","66,971.88",196.83M
15-Mar-22,"65,500.56","65,500.56","63,212.69","64,292.26",178.70M
14-Mar-22,"67,331.10","67,331.10","65,064.82","65,500.56",160.65M
11-Mar-22,"67,572.11","68,326.87","67,309.33","67,331.10",154.08M
10-Mar-22,"66,484.69","67,591.39","66,484.69","67,572.11",181.58M
09-Mar-22,"66,302.29","67,184.31","66,183.82","66,484.69",178.45M
08-Mar-22,"67,143.64","67,143.64","65,949.83","66,302.29",190.02M
07-Mar-22,"68,357.85","68,615.12","67,143.64","67,143.64",224.10M
04-Mar-22,"70,882.48","70,882.48","67,656.92","68,357.85",214.36M
03-Mar-22,"71,057.56","71,814.18","70,813.67","70,882.48",161.50M
02-Mar-22,"70,584.10","71,279.62","70,280.85","71,057.56",190.58M
01-Mar-22,"69,624.29","70,773.74","69,500.82","70,584.10",168.04M
28-Feb-22,"67,719.42","69,624.29","67,501.64","69,624.29",273.55M
25-Feb-22,"67,235.99","67,750.57","66,882.76","67,719.42",114.36M
24-Feb-22,"68,369.73","68,369.73","66,817.44","67,235.99",204.06M
23-Feb-22,"68,639.97","68,694.41","68,134.89","68,369.73",104.01M
22-Feb-22,"68,876.90","69,058.61","67,619.66","69,058.61",116.06M
21-Feb-22,"69,650.10","70,014.40","68,764.76","68,876.90",77.95M
18-Feb-22,"69,406.88","69,738.60","69,200.02","69,650.10",100.46M
17-Feb-22,"69,735.63","70,286.77","69,212.71","69,406.88",113.80M
16-Feb-22,"69,169.36","69,995.41","69,169.36","69,735.63",111.27M
15-Feb-22,"69,130.81","69,760.50","69,071.30","69,169.36",142.58M
14-Feb-22,"69,681.32","69,862.36","68,853.63","69,130.81",119.81M
11-Feb-22,"69,944.22","69,951.56","68,968.40","69,681.32",101.22M
10-Feb-22,"70,105.79","70,636.87","69,498.13","69,944.22",103.77M
09-Feb-22,"69,526.76","70,531.46","69,478.85","70,105.79",114.55M
08-Feb-22,"69,197.64","70,049.93","69,146.60","69,526.76",112.17M
07-Feb-22,"68,678.91","69,335.31","68,499.20","69,197.64",85.04M
04-Feb-22,"68,461.21","68,961.86","68,224.84","68,678.91",82.83M
03-Feb-22,"68,655.58","69,218.48","68,429.55","68,461.21",91.66M
02-Feb-22,"68,374.94","69,155.86","68,368.72","68,655.58",88.24M
01-Feb-22,"67,820.89","68,726.22","67,800.17","68,374.94",100.51M
31-Jan-22,"67,021.38","68,454.58","67,021.38","67,820.89",139.92M
28-Jan-22,"67,070.04","67,665.18","66,431.78","67,021.38",83.26M
27-Jan-22,"67,363.61","67,363.61","65,817.03","67,070.04",94.86M
26-Jan-22,"65,869.53","67,420.50","65,869.53","67,363.61",113.50M
25-Jan-22,"65,653.18","66,648.24","65,653.18","65,869.53",109.20M
24-Jan-22,"68,186.16","68,186.16","65,653.18","65,653.18",113.38M
21-Jan-22,"69,586.74","69,592.75","67,968.93","68,186.16",82.95M
20-Jan-22,"69,512.97","70,135.24","69,070.09","69,586.74",102.12M
19-Jan-22,"68,281.90","69,522.82","68,281.90","69,512.97",92.66M
18-Jan-22,"68,889.24","68,889.24","67,927.20","68,281.90",94.74M
17-Jan-22,"68,448.15","68,907.66","68,409.01","68,889.24",77.66M
14-Jan-22,"69,187.73","69,187.73","68,236.76","68,448.15",74.47M
13-Jan-22,"69,206.77","69,206.77","68,617.74","69,187.73",92.05M
12-Jan-22,"67,302.20","69,226.32","67,302.20","69,206.77",104.78M
11-Jan-22,"67,114.14","67,802.02","67,098.32","67,302.20",98.18M
10-Jan-22,"67,251.03","67,702.30","67,114.14","67,114.14",66.35M
07-Jan-22,"67,420.20","67,621.51","67,076.63","67,251.03",52.74M
06-Jan-22,"68,367.16","68,367.16","67,294.10","67,420.20",70.09M
05-Jan-22,"68,398.98","68,410.14","67,844.62","68,367.16",59.32M
04-Jan-22,"67,025.54","68,398.98","66,918.12","68,398.98",62.00M
03-Jan-22,"67,052.40","67,612.28","66,988.57","67,025.54",42.55M
31-Dec-21,"67,129.53","67,263.14","66,758.87","67,052.40",22.27M
30-Dec-21,"66,613.94","67,187.51","66,598.12","67,129.53",49.98M
29-Dec-21,"65,864.13","66,667.00","65,657.72","66,613.94",41.25M
28-Dec-21,"65,023.34","66,012.40","65,003.56","65,864.13",46.44M
24-Dec-21,"65,125.68","65,362.86","65,023.34","65,023.34",9.03M
23-Dec-21,"64,803.84","65,513.57","64,803.84","65,125.68",48.77M
22-Dec-21,"64,611.70","65,123.15","64,549.25","64,803.84",44.06M
21-Dec-21,"63,652.47","64,834.97","63,652.47","64,611.70",62.36M
20-Dec-21,"64,680.34","64,680.34","63,030.90","63,652.47",78.19M
17-Dec-21,"65,102.29","65,900.44","64,680.34","64,680.34",294.06M
15-Dec-21,"65,212.46","65,695.75","64,939.87","65,102.29",343.08M
14-Dec-21,"65,177.02","65,447.33","64,836.01","65,212.46",159.64M
13-Dec-21,"65,390.32","66,125.42","65,087.56","65,177.02",133.76M
10-Dec-21,"65,779.50","65,957.29","65,318.86","65,390.32",123.82M
09-Dec-21,"65,992.71","66,187.56","65,485.58","65,779.50",114.75M
08-Dec-21,"66,513.46","66,692.71","65,798.05","65,992.71",130.03M
07-Dec-21,"64,598.46","66,537.07","64,598.46","66,513.46",123.34M
06-Dec-21,"64,306.68","64,841.15","64,183.82","64,598.46",112.17M
03-Dec-21,"64,555.25","65,111.64","64,306.68","64,306.68",113.99M
02-Dec-21,"64,785.66","65,098.33","64,195.91","64,555.25",152.58M
01-Dec-21,"64,063.82","64,836.58","64,057.16","64,785.66",143.23M
30-Nov-21,"63,600.61","64,235.95","63,118.13","64,063.82",315.56M
29-Nov-21,"62,410.83","63,873.55","62,308.15","63,600.61",134.97M
26-Nov-21,"64,062.74","64,062.74","62,280.52","62,410.83",198.96M
25-Nov-21,"64,169.17","64,530.49","63,899.78","64,062.74",76.92M
24-Nov-21,"64,566.39","64,804.91","63,875.92","64,169.17",96.59M
23-Nov-21,"64,384.46","64,615.35","63,972.97","64,566.39",102.20M
22-Nov-21,"63,870.65","64,459.26","63,715.59","64,384.46",91.86M
19-Nov-21,"64,288.72","64,729.71","63,609.28","63,870.65",100.96M
18-Nov-21,"64,337.17","64,499.41","64,020.64","64,288.72",101.54M
17-Nov-21,"64,281.45","64,822.46","64,179.09","64,337.17",0
16-Nov-21,"63,480.76","64,386.19","63,480.76","64,281.45",105.73M
15-Nov-21,"63,263.40","63,688.60","63,018.40","63,480.76",76.21M
12-Nov-21,"62,381.97","63,310.25","62,372.42","63,263.40",93.74M
11-Nov-21,"61,537.83","62,565.13","61,509.73","62,381.97",93.04M
10-Nov-21,"61,246.70","61,745.86","60,936.21","61,537.83",100.41M
09-Nov-21,"61,317.75","61,554.65","60,991.37","61,246.70",96.25M
08-Nov-21,"61,115.79","61,535.31","60,913.67","61,317.75",113.12M
05-Nov-21,"61,409.93","61,976.13","61,044.28","61,115.79",98.05M
04-Nov-21,"61,876.97","62,391.38","61,409.93","61,409.93",95.71M
03-Nov-21,"61,158.14","61,876.97","60,975.71","61,876.97",89.52M
02-Nov-21,"60,807.87","61,484.62","60,807.87","61,158.14",141.49M
29-Oct-21,"61,093.41","61,326.74","60,699.43","60,807.87",139.74M
28-Oct-21,"60,874.44","61,353.84","60,867.89","61,093.41",94.31M
27-Oct-21,"61,024.55","61,028.94","60,517.96","60,874.44",106.22M
26-Oct-21,"60,445.78","61,190.86","60,349.99","61,024.55",110.63M
25-Oct-21,"60,524.55","60,890.42","60,385.26","60,445.78",79.20M
22-Oct-21,"59,535.08","60,699.87","59,535.08","60,524.55",70.08M
21-Oct-21,"60,347.45","60,377.11","59,423.97","59,535.08",117.57M
20-Oct-21,"60,190.06","60,410.94","59,814.88","60,347.45",84.37M
19-Oct-21,"60,220.45","60,682.26","60,100.49","60,190.06",92.04M
18-Oct-21,"60,494.02","60,655.12","60,137.77","60,220.45",93.99M
15-Oct-21,"60,391.05","60,756.90","60,324.36","60,494.02",105.24M
14-Oct-21,"59,516.75","60,468.15","59,516.75","60,391.05",115.23M
13-Oct-21,"59,501.73","59,516.75","59,023.39","59,516.75",88.50M
12-Oct-21,"59,662.98","59,662.98","59,047.10","59,501.73",131.71M
11-Oct-21,"58,839.09","59,948.04","58,839.09","59,662.98",108.13M
08-Oct-21,"58,721.80","59,149.41","58,637.15","58,839.09",156.21M
07-Oct-21,"57,523.81","58,815.61","57,523.81","58,721.80",142.83M
06-Oct-21,"58,097.72","58,165.04","56,982.97","57,523.81",140.52M
05-Oct-21,"57,754.97","58,129.24","57,564.31","58,097.72",135.98M
04-Oct-21,"57,265.62","57,945.34","57,040.94","57,754.97",122.07M
01-Oct-21,"57,863.40","57,863.40","57,216.55","57,265.62",113.85M
30-Sep-21,"58,022.33","58,339.34","57,863.40","57,863.40",181.91M
29-Sep-21,"57,462.19","58,022.33","57,373.41","58,022.33",147.44M
28-Sep-21,"57,784.27","57,925.48","57,241.44","57,462.19",175.29M
27-Sep-21,"57,642.54","58,282.73","57,642.54","57,784.27",176.76M
23-Sep-21,"56,938.31","57,691.43","56,933.00","57,642.54",138.36M
22-Sep-21,"56,085.63","57,163.24","56,085.63","56,938.31",111.72M
21-Sep-21,"55,246.07","56,399.56","55,246.07","56,085.63",116.06M
20-Sep-21,"56,605.25","56,605.25","54,682.22","55,246.07",155.81M
17-Sep-21,"57,098.19","57,403.67","56,605.25","56,605.25",356.91M
16-Sep-21,"58,229.94","58,229.94","56,947.91","57,098.19",0
15-Sep-21,"58,115.08","58,308.23","57,633.70","58,229.94",127.06M
14-Sep-21,"58,494.78","58,504.55","57,742.77","58,115.08",150.32M
13-Sep-21,"58,175.75","58,694.54","57,944.04","58,494.78",115.93M
10-Sep-21,"58,020.55","58,555.17","58,020.55","58,175.75",111.80M
09-Sep-21,"59,378.55","59,378.55","57,848.72","58,020.55",132.53M
08-Sep-21,"60,340.77","60,341.45","59,308.16","59,378.55",113.13M
07-Sep-21,"60,035.80","60,535.05","60,035.80","60,340.77",108.77M
06-Sep-21,"60,106.72","60,507.39","59,817.03","60,035.80",101.65M
03-Sep-21,"60,357.49","60,703.25","59,930.75","60,106.72",106.06M
02-Sep-21,"60,612.64","60,673.32","60,042.92","60,357.49",133.45M
01-Sep-21,"61,039.26","61,499.75","60,460.55","60,612.64",145.58M
31-Aug-21,"60,750.09","61,282.36","60,750.09","61,039.26",165.09M
30-Aug-21,"61,393.15","61,473.84","60,704.00","60,750.09",55.15M
27-Aug-21,"60,854.92","61,425.83","60,813.31","61,393.15",92.00M
26-Aug-21,"61,212.12","61,212.12","60,734.51","60,854.92",102.82M
25-Aug-21,"61,180.29","61,261.31","60,923.60","61,212.12",133.18M
24-Aug-21,"60,562.05","61,359.17","60,562.05","61,180.29",115.37M
23-Aug-21,"59,800.02","60,760.84","59,800.02","60,562.05",96.98M
20-Aug-21,"59,854.78","60,505.40","59,484.43","59,800.02",99.51M
19-Aug-21,"61,608.96","61,608.96","59,657.12","59,854.78",165.49M
18-Aug-21,"62,657.34","62,964.28","61,460.15","61,608.96",122.26M
17-Aug-21,"62,607.03","63,298.07","62,379.41","62,657.34",280.96M
16-Aug-21,"63,269.04","63,269.04","62,420.04","62,607.03",156.51M
13-Aug-21,"63,276.98","63,489.44","63,083.09","63,269.04",172.00M
12-Aug-21,"63,488.73","63,488.73","62,889.99","63,276.98",132.59M
11-Aug-21,"63,541.21","63,797.42","63,239.40","63,488.73",106.45M
10-Aug-21,"62,509.23","63,675.70","62,282.25","63,541.21",138.08M
06-Aug-21,"62,199.85","62,623.85","62,192.83","62,509.23",116.28M
05-Aug-21,"62,750.03","62,750.03","62,199.85","62,199.85",151.95M
04-Aug-21,"62,543.44","63,140.33","62,490.61","62,750.03",97.13M
03-Aug-21,"62,704.00","62,789.90","62,207.70","62,543.44",103.47M
02-Aug-21,"62,852.28","63,464.27","62,704.00","62,704.00",83.97M
30-Jul-21,"63,394.89","63,394.89","62,394.56","62,852.28",150.09M
29-Jul-21,"62,368.63","63,602.31","62,350.42","63,394.89",97.94M
28-Jul-21,"61,208.33","62,368.63","60,768.24","62,368.63",79.92M
27-Jul-21,"61,946.37","61,998.40","60,757.06","61,208.33",97.43M
26-Jul-21,"61,932.98","62,215.46","61,410.69","61,946.37",92.31M
23-Jul-21,"61,309.13","62,163.32","61,309.13","61,932.98",74.86M
22-Jul-21,"60,502.39","61,422.42","60,498.55","61,309.13",95.42M
21-Jul-21,"59,668.22","60,659.09","59,459.68","60,502.39",94.84M
20-Jul-21,"58,795.32","59,689.26","58,795.32","59,668.22",99.14M
19-Jul-21,"60,437.58","60,437.58","58,537.39","58,795.32",94.96M
16-Jul-21,"61,439.11","61,613.79","60,201.01","60,437.58",106.30M
15-Jul-21,"61,753.54","61,843.74","61,185.13","61,439.11",94.16M
14-Jul-21,"60,943.22","62,183.09","60,863.77","61,753.54",117.91M
13-Jul-21,"61,080.80","61,386.23","60,673.22","60,943.22",144.63M
12-Jul-21,"60,221.84","61,080.80","59,775.65","61,080.80",101.26M
09-Jul-21,"59,106.40","60,252.80","59,106.40","60,221.84",111.26M
08-Jul-21,"60,705.57","60,718.82","58,975.24","59,106.40",136.81M
07-Jul-21,"59,756.87","60,861.96","59,729.39","60,705.57",117.89M
06-Jul-21,"60,082.20","60,388.37","59,708.22","59,756.87",75.26M
05-Jul-21,"60,292.64","60,303.19","59,648.57","60,082.20",63.23M
02-Jul-21,"60,476.77","60,874.61","60,210.55","60,292.64",70.59M
01-Jul-21,"60,161.76","60,709.02","59,961.09","60,476.77",88.30M
30-Jun-21,"60,495.83","60,598.66","60,018.97","60,161.76",139.78M
29-Jun-21,"59,820.66","60,770.24","59,782.29","60,495.83",103.28M
28-Jun-21,"60,140.15","60,258.29","59,794.87","59,820.66",101.77M
25-Jun-21,"60,188.42","60,502.73","59,984.90","60,140.15",96.86M
24-Jun-21,"59,764.05","60,272.44","59,510.89","60,188.42",104.59M
23-Jun-21,"59,493.46","60,038.37","59,477.02","59,764.05",89.09M
22-Jun-21,"59,472.25","59,765.55","59,314.72","59,493.46",104.30M
21-Jun-21,"59,503.87","59,657.89","58,955.86","59,472.25",108.04M
18-Jun-21,"60,399.88","60,443.27","59,503.87","59,503.87",256.45M
17-Jun-21,"61,061.79","61,076.51","60,297.32","60,399.88",434.01M
15-Jun-21,"61,653.75","61,729.08","60,850.67","61,061.79",129.53M
14-Jun-21,"61,444.66","61,947.91","61,369.68","61,653.75",76.85M
11-Jun-21,"61,291.03","61,636.79","61,178.80","61,444.66",68.92M
10-Jun-21,"61,433.18","61,812.35","61,231.02","61,291.03",84.82M
09-Jun-21,"61,452.39","61,504.54","61,108.05","61,433.18",114.87M
08-Jun-21,"61,387.75","61,723.89","61,227.24","61,452.39",97.40M
07-Jun-21,"61,616.80","61,630.09","60,976.58","61,387.75",79.85M
04-Jun-21,"61,573.32","62,014.80","61,419.99","61,616.80",99.21M
03-Jun-21,"62,786.67","62,786.67","61,387.90","61,573.32",118.39M
02-Jun-21,"62,698.90","63,063.44","62,652.06","62,786.67",108.96M
01-Jun-21,"61,782.86","62,932.55","61,782.86","62,698.90",117.34M
31-May-21,"61,345.49","61,930.14","61,345.12","61,782.86",66.01M
28-May-21,"60,802.01","61,526.06","60,612.47","61,345.49",141.30M
27-May-21,"60,093.24","60,807.71","59,983.65","60,802.01",224.67M
26-May-21,"60,106.11","60,433.73","60,009.95","60,093.24",109.79M
25-May-21,"60,056.92","60,795.10","60,037.87","60,106.11",130.68M
24-May-21,"60,210.00","60,487.72","59,957.26","60,056.92",92.31M
21-May-21,"60,068.05","60,723.75","60,051.63","60,210.00",104.34M
20-May-21,"59,776.91","60,359.82","59,680.76","60,068.05",104.46M
19-May-21,"61,189.94","61,193.04","59,644.90","59,776.91",116.64M
18-May-21,"61,193.22","61,950.04","60,986.71","61,189.94",108.20M
17-May-21,"60,573.37","61,329.85","60,573.37","61,193.22",97.65M
14-May-21,"60,211.08","60,610.29","60,107.43","60,573.37",109.77M
13-May-21,"61,529.14","61,533.67","59,492.47","60,211.08",145.00M
12-May-21,"61,320.37","62,501.49","61,320.37","61,529.14",93.80M
11-May-21,"62,389.39","62,389.39","61,056.62","61,320.37",108.73M
10-May-21,"62,573.36","63,236.16","62,386.88","62,389.39",117.28M
07-May-21,"61,705.88","62,716.94","61,698.95","62,573.36",129.57M
06-May-21,"61,536.47","61,796.05","61,172.16","61,705.88",139.93M
05-May-21,"60,376.47","61,598.40","60,376.47","61,536.47",126.43M
04-May-21,"60,769.69","61,378.29","60,184.29","60,466.82",0
03-May-21,"61,096.37","61,278.15","60,490.78","60,769.69",91.39M
30-Apr-21,"61,508.38","61,556.30","60,818.38","61,096.37",183.55M
29-Apr-21,"61,838.56","62,286.20","61,468.34","61,508.38",116.27M
28-Apr-21,"61,716.82","62,101.46","61,502.72","61,838.56",105.70M
26-Apr-21,"61,478.76","61,752.09","61,397.05","61,716.82",72.26M
23-Apr-21,"61,182.94","61,503.12","61,011.63","61,478.76",94.72M
22-Apr-21,"61,399.26","61,645.79","60,992.11","61,182.94",92.35M
21-Apr-21,"61,116.77","61,493.83","60,709.04","61,399.26",110.56M
20-Apr-21,"62,325.85","62,348.52","61,064.63","61,116.77",112.16M
19-Apr-21,"62,898.13","63,004.45","62,319.63","62,325.85",82.77M
16-Apr-21,"62,080.02","62,954.33","62,037.84","62,898.13",115.08M
15-Apr-21,"62,084.39","62,375.26","61,936.44","62,080.02",119.06M
14-Apr-21,"61,382.99","62,162.28","61,377.89","62,084.39",144.02M
13-Apr-21,"60,672.56","61,476.96","60,604.07","61,382.99",113.22M
12-Apr-21,"61,458.47","61,458.47","60,535.01","60,672.56",103.88M
09-Apr-21,"61,303.19","61,529.54","61,133.11","61,458.47",86.07M
08-Apr-21,"61,409.52","62,238.22","61,201.78","61,303.19",113.46M
07-Apr-21,"62,372.24","62,463.34","61,296.40","61,409.52",129.05M
06-Apr-21,"61,590.24","62,402.52","61,590.24","62,372.24",86.35M
01-Apr-21,"60,881.15","61,890.23","60,847.03","61,590.24",143.39M
31-Mar-21,"61,589.91","61,635.78","60,769.36","60,881.15",121.31M
30-Mar-21,"61,443.90","61,696.83","61,098.12","61,589.91",122.69M
29-Mar-21,"61,244.27","61,765.44","60,979.38","61,443.90",117.33M
26-Mar-21,"59,278.89","61,288.26","59,278.89","61,244.27",128.59M
25-Mar-21,"59,768.81","59,892.25","58,980.48","59,278.89",146.31M
24-Mar-21,"59,793.26","59,943.96","58,810.62","59,768.81",138.42M
23-Mar-21,"60,313.40","60,328.29","59,657.69","59,793.26",169.56M
19-Mar-21,"61,050.33","61,056.44","59,987.65","60,313.40",245.76M
18-Mar-21,"60,810.17","61,795.87","60,810.17","61,050.33",339.53M
17-Mar-21,"61,623.63","61,729.03","60,591.79","60,810.17",137.73M
16-Mar-21,"61,921.05","62,167.47","61,371.90","61,623.63",136.55M
15-Mar-21,"62,587.78","62,587.78","61,901.38","61,921.05",132.93M
12-Mar-21,"63,187.54","63,187.54","62,079.26","62,587.78",145.71M
11-Mar-21,"62,886.16","63,320.75","62,854.53","63,187.54",132.14M
10-Mar-21,"63,098.33","63,098.33","62,415.47","62,886.16",116.35M
09-Mar-21,"62,910.60","63,487.75","62,493.77","63,098.33",136.52M
08-Mar-21,"62,788.64","62,991.41","62,398.83","62,910.60",131.90M
05-Mar-21,"62,250.03","62,981.87","62,038.76","62,788.64",102.05M
04-Mar-21,"62,861.62","62,934.93","62,118.90","62,250.03",115.99M
03-Mar-21,"63,104.70","63,962.53","62,736.44","62,861.62",104.86M
02-Mar-21,"62,107.04","63,121.67","61,847.54","63,104.70",112.98M
01-Mar-21,"60,754.30","62,410.78","60,754.30","62,107.04",106.79M
26-Feb-21,"62,063.35","62,063.35","60,441.51","60,754.30",255.11M
25-Feb-21,"60,747.41","62,152.19","60,747.41","62,063.35",145.92M
24-Feb-21,"60,493.97","61,464.77","60,274.14","60,747.41",130.63M
23-Feb-21,"61,903.64","62,236.72","60,332.78","60,493.97",122.83M
22-Feb-21,"62,105.24","62,188.71","61,695.33","61,903.64",110.45M
19-Feb-21,"61,206.58","62,125.53","60,874.87","62,105.24",133.10M
18-Feb-21,"61,738.47","61,766.77","61,163.77","61,206.58",157.98M
17-Feb-21,"61,775.45","62,174.56","61,670.11","61,738.47",128.12M
16-Feb-21,"61,711.35","62,222.60","61,533.40","61,684.20",0
15-Feb-21,"61,056.85","61,650.65","60,948.15","61,633.20",0
12-Feb-21,"60,153.80","60,841.85","60,093.05","60,759.85",0
11-Feb-21,"60,541.90","60,636.05","60,241.40","60,375.80",0
10-Feb-21,"59,954.10","60,661.25","59,937.20","60,613.45",0
09-Feb-21,"59,597.50","59,814.70","59,492.40","59,722.00",0
08-Feb-21,"59,416.70","59,864.20","59,303.30","59,635.70",0
05-Feb-21,"58,757.15","59,157.60","58,654.60","58,894.85",0
04-Feb-21,"57,903.30","58,629.00","57,832.20","58,527.15",0
03-Feb-21,"57,656.00","58,097.20","57,634.70","57,864.10",0
02-Feb-21,"58,214.90","58,296.40","57,497.50","57,591.20",0
01-Feb-21,"57,913.00","58,109.70","57,623.70","57,623.70",0
29-Jan-21,"58,084.46","58,164.96","57,161.08","57,312.45",0
28-Jan-21,"57,644.44","58,200.08","57,202.91","58,084.46",111.06M
27-Jan-21,"58,720.55","58,761.60","57,513.33","57,644.44",164.30M
26-Jan-21,"59,408.05","59,457.32","58,621.01","58,720.55",134.67M
25-Jan-21,"58,886.26","60,264.43","58,886.26","59,408.05",141.01M
22-Jan-21,"58,969.37","59,226.72","58,689.04","58,886.26",111.58M
21-Jan-21,"58,857.76","59,255.11","58,854.06","58,969.37",126.42M
20-Jan-21,"58,358.85","59,187.90","58,358.85","58,857.76",113.86M
19-Jan-21,"58,548.17","58,830.21","58,297.65","58,358.85",106.40M
18-Jan-21,"58,446.35","58,674.91","58,330.64","58,548.17",83.06M
15-Jan-21,"58,735.95","59,001.81","58,446.35","58,446.35",100.84M
14-Jan-21,"58,337.66","58,912.50","58,329.78","58,735.95",103.30M
13-Jan-21,"58,492.92","58,843.92","58,319.56","58,337.66",140.68M
12-Jan-21,"58,717.77","58,936.26","58,330.63","58,492.92",118.90M
11-Jan-21,"58,423.34","58,927.79","58,295.01","58,717.77",109.73M
08-Jan-21,"58,006.23","58,814.33","58,004.84","58,423.34",129.46M
07-Jan-21,"56,877.60","58,006.24","56,697.25","58,006.23",109.10M
06-Jan-21,"55,976.32","56,988.85","55,976.32","56,877.60",78.01M
05-Jan-21,"55,438.07","56,138.55","55,368.84","55,976.32",123.69M
04-Jan-21,"54,379.58","55,438.07","54,379.58","55,438.07",77.14M
31-Dec-20,"54,615.33","54,615.33","53,932.88","54,379.58",34.17M
30-Dec-20,"54,196.13","54,973.53","54,196.13","54,615.33",43.84M
29-Dec-20,"53,956.26","54,622.53","53,740.36","54,196.13",59.71M
28-Dec-20,"54,125.23","54,202.40","53,445.40","53,956.26",39.24M
24-Dec-20,"53,958.73","54,125.23","53,719.50","54,125.23",18.13M
23-Dec-20,"53,648.03","54,030.01","53,453.86","53,958.73",46.73M
22-Dec-20,"53,784.25","53,786.79","53,374.07","53,648.03",83.48M
21-Dec-20,"54,692.40","54,744.43","53,193.24","53,784.25",140.08M
18-Dec-20,"55,484.28","55,484.28","54,692.40","54,692.40",274.52M
17-Dec-20,"54,466.51","55,563.14","54,418.14","55,484.28",384.44M
15-Dec-20,"54,520.69","54,585.65","54,091.61","54,466.51",136.51M
14-Dec-20,"54,458.61","54,699.45","54,183.29","54,520.69",126.89M
11-Dec-20,"54,334.20","54,461.54","53,965.31","54,458.61",173.02M
10-Dec-20,"54,349.61","54,366.57","53,910.83","54,334.20",131.14M
09-Dec-20,"54,262.51","54,757.93","54,113.71","54,349.61",111.90M
08-Dec-20,"54,646.92","54,706.01","54,076.05","54,262.51",110.79M
07-Dec-20,"54,500.04","54,646.92","54,090.11","54,646.92",137.76M
04-Dec-20,"54,171.85","54,685.84","54,166.41","54,500.04",168.76M
03-Dec-20,"53,482.74","54,366.35","53,482.74","54,171.85",292.48M
02-Dec-20,"52,764.09","53,482.74","52,754.75","53,482.74",193.10M
01-Dec-20,"52,375.50","52,946.38","52,317.30","52,764.09",128.29M
30-Nov-20,"53,021.58","53,021.58","52,084.48","52,375.50",294.05M
27-Nov-20,"53,084.13","53,302.05","52,874.80","53,021.58",110.51M
26-Nov-20,"52,940.79","53,282.53","52,864.87","53,084.13",104.73M
25-Nov-20,"53,049.43","53,111.42","52,773.88","52,940.79",143.42M
24-Nov-20,"52,478.55","53,186.25","52,470.10","53,049.43",150.55M
23-Nov-20,"51,915.40","52,717.68","51,915.40","52,478.55",134.51M
20-Nov-20,"51,977.91","52,231.92","51,749.05","51,915.40",131.05M
19-Nov-20,"52,518.35","52,526.28","51,825.09","51,977.91",139.32M
18-Nov-20,"52,288.79","52,739.24","51,936.84","52,518.35",142.65M
17-Nov-20,"52,551.86","52,710.52","52,217.69","52,288.79",174.56M
16-Nov-20,"52,517.57","52,921.70","52,476.72","52,551.86",183.28M
13-Nov-20,"52,335.71","52,558.16","52,081.97","52,517.57",155.25M
12-Nov-20,"52,784.39","53,158.71","52,231.21","52,335.71",233.21M
11-Nov-20,"52,922.51","53,056.47","52,503.14","52,784.39",270.66M
10-Nov-20,"52,684.37","53,034.75","51,989.41","52,922.51",206.89M
09-Nov-20,"51,876.24","53,452.15","51,837.10","52,684.37",229.06M
06-Nov-20,"50,762.83","52,085.89","50,436.32","51,876.24",145.10M
05-Nov-20,"49,300.89","50,782.49","49,300.89","50,762.83",139.35M
04-Nov-20,"48,853.14","49,654.71","48,529.86","49,300.89",159.48M
03-Nov-20,"48,392.97","49,278.27","48,392.97","48,853.14",121.24M
02-Nov-20,"47,472.92","48,481.44","47,460.50","48,392.97",132.48M
30-Oct-20,"47,576.46","47,822.83","46,976.12","47,472.92",168.69M
29-Oct-20,"47,930.58","48,484.62","47,108.35","47,576.46",141.81M
28-Oct-20,"49,560.81","49,875.70","47,888.66","47,930.58",139.73M
27-Oct-20,"50,286.90","50,521.54","49,466.77","49,560.81",104.24M
26-Oct-20,"50,692.28","50,702.11","50,218.79","50,286.90",91.75M
23-Oct-20,"50,276.84","50,946.62","50,261.67","50,692.28",183.85M
22-Oct-20,"50,905.12","50,905.90","50,220.66","50,276.84",196.59M
21-Oct-20,"50,851.62","51,052.14","50,503.67","50,905.12",134.18M
20-Oct-20,"50,741.94","50,910.58","50,418.43","50,851.62",109.01M
19-Oct-20,"50,697.69","51,008.79","50,604.87","50,741.94",99.11M
16-Oct-20,"50,503.89","50,874.63","50,503.89","50,697.69",93.78M
15-Oct-20,"51,041.59","51,041.59","50,041.85","50,503.89",126.09M
14-Oct-20,"50,722.36","51,176.26","50,689.58","51,041.59",106.25M
13-Oct-20,"51,158.56","51,257.17","50,650.22","50,722.36",96.25M
12-Oct-20,"50,781.18","51,357.47","50,780.78","51,158.56",88.40M
09-Oct-20,"50,131.37","50,799.03","50,128.78","50,781.18",91.31M
08-Oct-20,"50,412.19","50,597.09","50,036.65","50,131.37",117.67M
07-Oct-20,"49,869.36","50,412.19","49,693.53","50,412.19",108.42M
06-Oct-20,"50,183.12","50,568.64","49,847.58","49,869.36",122.04M
05-Oct-20,"49,896.68","50,374.65","49,870.73","50,183.12",124.25M
02-Oct-20,"50,159.14","50,200.88","49,520.04","49,896.68",165.55M
01-Oct-20,"50,042.44","50,521.24","49,970.97","50,159.14",116.65M
30-Sep-20,"50,319.94","50,498.34","49,939.99","50,042.44",167.27M
29-Sep-20,"50,578.66","50,634.45","50,196.00","50,319.94",147.83M
28-Sep-20,"49,547.74","50,755.32","49,514.17","50,578.66",113.48M
25-Sep-20,"50,127.05","50,129.38","48,912.36","49,547.74",128.85M
23-Sep-20,"49,126.16","50,517.43","49,060.56","50,127.05",127.79M
22-Sep-20,"49,153.11","49,473.97","48,917.39","49,126.16",139.78M
21-Sep-20,"50,399.16","50,417.21","48,884.99","49,153.11",140.72M
18-Sep-20,"50,700.14","50,936.98","50,303.25","50,399.16",333.88M
17-Sep-20,"51,629.73","51,629.73","50,397.20","50,700.14",298.76M
16-Sep-20,"51,795.70","51,973.95","51,492.31","51,629.73",134.80M
15-Sep-20,"51,976.82","52,406.56","51,677.21","51,795.70",170.73M
14-Sep-20,"51,715.12","52,331.04","51,638.04","51,976.82",129.70M
11-Sep-20,"51,532.12","51,894.15","51,382.93","51,715.12",149.06M
10-Sep-20,"50,838.92","51,921.17","50,630.51","51,532.12",197.67M
09-Sep-20,"50,182.96","50,877.92","50,182.96","50,838.92",190.89M
08-Sep-20,"50,185.43","50,470.19","49,849.72","50,182.96",159.89M
07-Sep-20,"49,720.42","50,306.40","49,654.43","50,185.43",88.04M
04-Sep-20,"50,319.16","50,422.85","49,504.48","49,720.42",135.99M
03-Sep-20,"51,678.30","51,693.82","50,291.94","50,319.16",160.55M
02-Sep-20,"51,704.10","52,243.47","51,491.65","51,678.30",153.09M
01-Sep-20,"51,225.46","52,243.15","51,145.96","51,704.10",199.86M
31-Aug-20,"51,750.45","52,225.90","51,038.80","51,225.46",246.78M
28-Aug-20,"52,583.70","52,656.60","51,517.68","51,750.45",112.92M
27-Aug-20,"52,256.85","53,075.70","52,244.28","52,583.70",122.17M
26-Aug-20,"51,767.88","52,287.22","51,501.86","52,256.85",107.81M
25-Aug-20,"52,256.84","52,481.95","51,694.44","51,767.88",117.28M
24-Aug-20,"51,669.18","52,715.19","51,617.79","52,256.84",120.35M
21-Aug-20,"51,380.02","52,111.36","51,138.80","51,669.18",124.31M
20-Aug-20,"52,137.86","52,137.86","51,020.66","51,380.02",145.04M
19-Aug-20,"52,738.12","52,738.12","52,069.34","52,137.86",139.43M
18-Aug-20,"53,140.21","53,321.89","52,547.98","52,738.12",142.46M
17-Aug-20,"52,737.48","53,380.34","52,681.12","53,140.21",125.63M
14-Aug-20,"53,082.08","53,087.26","52,586.88","52,737.48",110.02M
13-Aug-20,"53,126.54","53,161.71","52,504.00","53,082.08",113.54M
12-Aug-20,"52,831.61","53,304.89","52,507.32","53,126.54",150.02M
11-Aug-20,"52,435.65","53,340.44","52,138.13","52,831.61",148.90M
07-Aug-20,"53,350.88","53,350.88","52,218.27","52,435.65",115.70M
06-Aug-20,"53,279.30","53,788.55","53,151.95","53,350.88",156.16M
05-Aug-20,"51,951.34","53,469.53","51,951.34","53,279.30",142.32M
04-Aug-20,"51,571.71","52,086.25","51,571.71","51,951.34",127.24M
03-Aug-20,"51,368.82","52,040.71","51,124.50","51,571.71",139.53M
31-Jul-20,"51,451.44","52,267.12","51,297.34","51,368.82",199.45M
30-Jul-20,"52,245.75","52,604.11","51,310.84","51,451.44",145.13M
29-Jul-20,"52,043.05","52,331.62","51,822.71","52,245.75",151.73M
28-Jul-20,"51,914.08","52,140.05","51,565.73","52,043.05",137.85M
27-Jul-20,"51,259.48","52,035.77","51,194.89","51,914.08",127.07M
24-Jul-20,"51,683.61","51,683.61","50,870.54","51,259.48",144.92M
23-Jul-20,"51,412.02","52,067.49","51,412.02","51,683.61",147.45M
22-Jul-20,"52,016.52","52,059.41","51,141.98","51,412.02",133.66M
21-Jul-20,"51,852.22","52,979.98","51,852.22","52,016.52",155.18M
20-Jul-20,"51,515.88","52,040.51","51,297.46","51,852.22",132.48M
17-Jul-20,"51,363.49","51,607.43","51,253.04","51,515.88",99.41M
16-Jul-20,"51,606.70","51,615.59","50,602.07","51,363.49",138.11M
15-Jul-20,"51,235.09","52,098.85","51,207.95","51,606.70",159.09M
14-Jul-20,"51,874.81","51,874.81","50,765.03","51,235.09",140.28M
13-Jul-20,"51,154.08","51,964.77","51,138.40","51,874.81",143.48M
10-Jul-20,"51,536.91","51,695.46","50,769.03","51,154.08",184.36M
09-Jul-20,"51,558.75","52,201.40","51,536.91","51,536.91",197.12M
08-Jul-20,"50,922.32","51,605.34","50,813.45","51,558.75",185.94M
07-Jul-20,"50,503.91","50,976.94","50,271.52","50,922.32",177.69M
06-Jul-20,"50,179.89","50,881.46","50,162.58","50,503.91",103.92M
03-Jul-20,"50,309.77","50,627.90","50,072.12","50,179.89",76.33M
02-Jul-20,"49,570.88","50,678.26","49,564.53","50,309.77",152.65M
01-Jul-20,"50,174.95","50,374.73","49,372.58","49,570.88",212.33M
30-Jun-20,"49,920.09","50,371.03","49,842.37","50,174.95",232.33M
29-Jun-20,"49,477.85","50,046.88","49,197.33","49,920.09",171.38M
26-Jun-20,"49,732.92","50,180.48","49,464.47","49,477.85",149.34M
25-Jun-20,"50,193.80","50,193.80","49,442.07","49,732.92",247.95M
24-Jun-20,"51,193.19","51,321.08","50,008.25","50,193.80",383.52M
23-Jun-20,"49,877.86","51,343.26","49,876.96","51,193.19",183.01M
22-Jun-20,"49,812.34","50,302.16","49,611.11","49,877.86",151.72M
19-Jun-20,"49,589.11","50,249.35","49,589.11","49,812.34",605.55M
18-Jun-20,"49,661.14","49,942.38","49,154.79","49,589.11",438.33M
17-Jun-20,"47,919.52","49,663.09","47,919.52","49,661.14",258.77M
15-Jun-20,"49,247.69","49,247.69","47,604.81","47,919.52",216.69M
12-Jun-20,"48,892.12","49,376.74","47,848.93","49,247.69",184.19M
11-Jun-20,"49,204.82","49,204.82","47,998.78","48,892.12",271.85M
10-Jun-20,"49,915.74","49,915.74","49,025.56","49,204.82",235.18M
09-Jun-20,"50,117.63","50,117.63","49,520.57","49,915.74",251.71M
08-Jun-20,"50,199.80","50,199.80","49,749.58","50,117.63",271.82M
05-Jun-20,"48,837.53","50,404.19","48,830.09","50,199.80",286.52M
04-Jun-20,"49,300.10","49,346.54","48,738.88","48,837.53",275.22M
03-Jun-20,"48,318.29","49,300.10","48,318.29","49,300.10",304.38M
02-Jun-20,"46,950.12","48,540.61","46,945.53","48,318.29",291.06M
01-Jun-20,"46,544.79","47,859.62","46,541.05","46,950.12",150.26M
29-May-20,"47,440.06","47,440.06","46,487.89","46,544.79",820.50M
28-May-20,"46,600.64","47,440.06","46,514.24","47,440.06",213.69M
27-May-20,"46,795.97","46,795.97","46,405.89","46,600.64",0
26-May-20,"46,351.26","47,041.47","46,351.26","46,795.97",171.51M
25-May-20,"46,432.04","46,432.04","46,098.53","46,351.26",108.11M
22-May-20,"47,232.26","47,232.26","45,765.92","46,432.04",214.61M
21-May-20,"48,379.91","48,379.91","47,232.26","47,232.26",214.10M
20-May-20,"48,160.65","48,474.93","47,996.36","48,379.91",191.43M
19-May-20,"47,673.54","48,279.16","47,615.83","48,160.65",240.66M
18-May-20,"45,948.36","47,673.54","45,944.27","47,673.54",195.85M
15-May-20,"45,445.10","46,358.65","45,256.46","45,948.36",172.95M
14-May-20,"46,416.44","46,416.44","45,135.15","45,445.10",204.69M
13-May-20,"46,518.03","46,518.03","45,572.09","46,416.44",197.97M
12-May-20,"46,359.51","46,991.60","46,325.68","46,518.03",197.12M
11-May-20,"47,061.57","47,061.57","46,290.50","46,359.51",165.98M
08-May-20,"46,096.03","47,194.81","46,096.03","47,061.57",211.22M
07-May-20,"45,952.52","46,355.84","45,691.86","46,096.03",180.11M
06-May-20,"45,210.39","46,022.64","45,010.11","45,952.52",188.52M
05-May-20,"45,254.03","45,254.03","44,990.91","45,210.39",208.64M
04-May-20,"46,348.26","46,348.26","44,457.19","45,254.03",220.68M
30-Apr-20,"46,831.62","46,831.62","46,061.28","46,348.26",237.70M
29-Apr-20,"46,100.71","46,831.62","45,982.76","46,831.62",232.51M
28-Apr-20,"45,595.47","46,409.80","45,547.79","46,100.71",263.49M
24-Apr-20,"45,661.96","45,661.96","44,982.11","45,595.47",248.79M
23-Apr-20,"44,248.82","45,783.63","44,248.82","45,661.96",201.09M
22-Apr-20,"43,737.55","44,323.68","43,702.04","44,248.82",200.34M
21-Apr-20,"44,796.92","44,796.92","43,360.21","43,737.55",191.33M
20-Apr-20,"45,044.37","45,044.37","44,194.71","44,796.92",166.59M
17-Apr-20,"44,180.00","45,675.61","44,180.00","45,044.37",191.67M
16-Apr-20,"44,202.90","44,202.90","44,141.32","44,180.00",258.22M
15-Apr-20,"45,580.91","45,580.91","43,871.28","44,202.90",261.34M
14-Apr-20,"43,837.45","45,683.44","43,837.45","45,580.91",252.73M
09-Apr-20,"42,772.20","43,881.66","42,501.34","43,837.45",262.16M
08-Apr-20,"43,590.00","43,590.00","42,492.24","42,772.20",229.01M
07-Apr-20,"42,534.54","43,590.00","42,502.77","43,590.00",294.52M
06-Apr-20,"40,873.41","42,783.90","40,873.41","42,534.54",191.15M
03-Apr-20,"41,245.26","41,245.26","40,362.37","40,873.41",246.32M
02-Apr-20,"40,027.41","41,245.26","40,005.41","41,245.26",224.50M
01-Apr-20,"40,738.57","40,738.57","39,255.82","40,027.41",219.40M
31-Mar-20,"39,756.74","40,738.57","39,742.80","40,738.57",305.43M
30-Mar-20,"39,172.39","45,615.99","39,172.39","39,756.74",407.63M
27-Mar-20,"41,110.45","41,110.45","38,839.12","39,172.39",287.71M
26-Mar-20,"39,493.22","41,110.45","39,174.61","41,110.45",367.75M
25-Mar-20,"37,550.72","39,493.22","37,550.72","37,550.72",343.62M
24-Mar-20,"34,695.90","37,550.72","34,695.90","37,550.72",430.18M
23-Mar-20,"36,302.30","36,302.30","34,198.88","34,695.90",387.18M
20-Mar-20,"34,239.30","36,302.30","34,239.30","36,302.30",644.66M
19-Mar-20,"34,715.64","34,715.64","33,407.74","34,239.30",704.56M
18-Mar-20,"37,375.33","37,375.33","34,198.88","34,715.64",387.18M
17-Mar-20,"36,301.81","37,375.33","36,150.86","37,375.33",350.98M
16-Mar-20,"39,476.09","39,476.09","34,616.10","36,301.81",341.38M
13-Mar-20,"39,536.18","39,536.18","39,327.82","39,476.09",326.14M
12-Mar-20,"43,891.49","43,891.49","39,300.54","39,536.18",407.63M
11-Mar-20,"44,252.34","44,252.34","43,718.82","43,891.49",203.66M
10-Mar-20,"43,687.17","45,286.35","43,687.17","44,252.34",248.34M
09-Mar-20,"46,759.72","46,759.72","43,423.29","43,687.17",283.87M
06-Mar-20,"47,618.75","47,618.75","46,275.27","46,759.72",238.10M
05-Mar-20,"47,560.68","47,560.68","47,346.64","47,618.75",192.55M
04-Mar-20,"47,671.24","47,671.24","47,360.53","47,560.68",188.80M
03-Mar-20,"46,648.20","48,117.78","46,648.20","47,671.24",201.26M
02-Mar-20,"45,851.76","47,704.01","45,851.76","46,648.20",407.63M
28-Feb-20,"48,032.83","48,032.83","45,615.99","45,851.76",55.95M
27-Feb-20,"49,500.52","49,500.52","47,990.77","48,032.83",176.86M
26-Feb-20,"49,303.27","49,695.03","48,204.22","49,500.52",247.81M
25-Feb-20,"49,282.53","49,972.10","49,136.12","49,303.27",180.65M
24-Feb-20,"51,582.43","51,587.64","49,102.02","49,282.53",225.33M
21-Feb-20,"52,033.26","52,033.26","51,147.94","51,582.43",153.00M
20-Feb-20,"52,126.58","52,490.56","51,987.49","52,033.26",149.20M
19-Feb-20,"51,922.16","52,245.31","51,892.85","52,126.58",0
18-Feb-20,"52,357.57","52,357.57","51,694.45","51,922.16",145.75M
17-Feb-20,"52,049.98","52,455.01","51,948.79","52,357.57",104.92M
14-Feb-20,"52,055.56","52,219.34","51,786.38","52,049.98",128.03M
13-Feb-20,"52,000.03","52,442.16","51,800.30","52,055.56",137.83M
12-Feb-20,"51,201.08","52,215.12","51,113.88","52,000.03",156.42M
11-Feb-20,"51,007.05","51,527.09","50,950.19","51,201.08",108.36M
10-Feb-20,"51,396.07","51,396.07","50,936.50","51,007.05",105.78M
07-Feb-20,"51,612.07","51,762.17","51,156.47","51,396.07",136.44M
06-Feb-20,"51,484.33","51,914.74","51,484.33","51,612.07",122.16M
05-Feb-20,"50,892.53","51,605.43","50,859.17","51,484.33",117.27M
04-Feb-20,"49,903.25","50,990.66","49,903.25","50,892.53",138.89M
03-Feb-20,"50,072.61","50,226.04","49,839.18","49,903.25",95.70M
31-Jan-20,"50,552.71","50,552.71","49,917.91","50,072.61",156.03M
30-Jan-20,"50,343.61","50,574.07","49,629.63","50,552.71",102.78M
29-Jan-20,"49,800.27","50,650.70","49,783.33","50,343.61",99.52M
28-Jan-20,"49,949.24","50,147.95","49,587.50","49,800.27",118.57M
27-Jan-20,"51,212.26","51,212.26","49,799.85","49,949.24",122.59M
24-Jan-20,"50,847.58","51,313.69","50,847.58","51,212.26",85.06M
23-Jan-20,"51,808.62","51,811.35","50,779.49","50,847.58",100.98M
22-Jan-20,"51,835.36","52,258.62","51,773.17","51,808.62",127.96M
21-Jan-20,"52,638.53","52,638.53","51,470.00","51,835.36",136.34M
20-Jan-20,"52,735.75","52,834.69","52,592.29","52,638.53",94.06M
17-Jan-20,"51,965.24","52,842.39","51,955.98","52,735.75",146.06M
16-Jan-20,"51,835.06","52,093.00","51,672.04","51,965.24",130.90M
15-Jan-20,"51,725.89","52,021.50","51,460.48","51,835.06",112.27M
14-Jan-20,"51,343.39","51,725.89","51,324.88","51,725.89",136.47M
13-Jan-20,"51,245.43","51,582.32","51,147.11","51,343.39",106.77M
10-Jan-20,"50,916.06","51,292.44","50,892.54","51,245.43",84.49M
09-Jan-20,"51,090.54","51,522.60","50,807.76","50,916.06",95.09M
08-Jan-20,"51,154.44","51,270.27","50,835.47","51,090.54",91.56M
07-Jan-20,"50,999.61","51,340.35","50,749.86","51,154.44",84.95M
06-Jan-20,"51,536.50","51,625.25","50,795.20","50,999.61",80.09M
03-Jan-20,"51,438.04","51,633.77","51,149.17","51,536.50",99.15M
02-Jan-20,"50,816.05","51,682.95","50,807.33","51,438.04",55.95M
31-Dec-19,"51,398.39","51,401.09","50,816.05","50,816.05",27.69M
30-Dec-19,"51,147.45","51,428.98","51,008.96","51,398.39",48.23M
27-Dec-19,"51,023.93","51,626.29","51,017.88","51,147.45",82.54M
24-Dec-19,"50,876.11","51,040.67","50,732.23","51,023.93",30.65M
23-Dec-19,"51,151.12","51,151.12","50,580.11","50,876.11",77.27M
20-Dec-19,"51,268.61","51,483.13","50,994.13","51,151.12",223.73M
19-Dec-19,"51,462.50","51,749.55","51,145.44","51,268.61",373.14M
18-Dec-19,"50,994.19","51,715.48","50,965.30","51,462.50",155.97M
17-Dec-19,"50,499.02","51,456.96","50,499.02","50,994.19",187.40M
13-Dec-19,"49,603.06","50,869.30","49,603.06","50,499.02",164.32M
12-Dec-19,"49,537.29","49,943.03","49,517.84","49,603.06",130.40M
11-Dec-19,"49,225.73","49,546.29","49,140.00","49,537.29",129.70M
10-Dec-19,"49,019.88","49,225.73","48,378.63","49,225.73",126.99M
09-Dec-19,"49,065.21","49,272.26","48,789.50","49,019.88",80.32M
06-Dec-19,"48,589.71","49,200.34","48,585.41","49,065.21",123.47M
05-Dec-19,"48,809.33","48,951.33","48,506.82","48,589.71",147.68M
04-Dec-19,"48,299.66","48,946.78","48,233.74","48,809.33",131.43M
03-Dec-19,"48,609.00","48,618.39","48,230.43","48,299.66",184.45M
02-Dec-19,"49,093.16","49,249.25","48,528.55","48,609.00",167.27M
29-Nov-19,"49,470.55","49,473.27","48,804.03","49,093.16",135.61M
28-Nov-19,"49,910.57","49,959.99","49,470.55","49,470.55",108.82M
27-Nov-19,"49,818.42","50,389.32","49,800.84","49,910.57",136.92M
26-Nov-19,"50,474.91","50,654.64","49,818.42","49,818.42",547.90M
25-Nov-19,"50,484.88","50,784.71","50,323.18","50,474.91",126.51M
22-Nov-19,"50,235.68","50,602.64","49,979.42","50,484.88",102.91M
21-Nov-19,"50,971.63","50,971.63","50,123.64","50,235.68",136.26M
20-Nov-19,"51,060.34","51,063.69","50,560.60","50,971.63",134.28M
19-Nov-19,"50,191.03","51,077.36","50,190.87","51,060.34",130.35M
18-Nov-19,"49,784.83","50,536.59","49,784.83","50,191.03",98.67M
15-Nov-19,"50,012.48","50,249.95","49,775.62","49,784.83",97.21M
14-Nov-19,"50,115.49","50,305.74","49,921.26","50,012.48",108.06M
13-Nov-19,"50,210.49","50,263.83","49,714.14","50,115.49",146.57M
12-Nov-19,"49,976.02","50,431.23","49,929.94","50,210.49",133.24M
11-Nov-19,"50,406.94","50,426.63","49,743.79","49,976.02",136.00M
08-Nov-19,"51,223.34","51,223.34","50,291.34","50,406.94",153.45M
07-Nov-19,"51,410.32","51,777.96","51,125.06","51,223.34",125.12M
06-Nov-19,"50,984.38","51,619.86","50,878.91","51,410.32",144.70M
05-Nov-19,"50,673.73","51,166.62","50,565.01","50,984.38",147.60M
04-Nov-19,"50,428.14","50,795.89","50,397.79","50,673.73",119.79M
01-Nov-19,"50,168.48","50,530.60","50,062.23","50,428.14",101.37M
31-Oct-19,"49,629.32","50,524.03","49,629.32","50,168.48",233.70M
30-Oct-19,"49,477.44","49,706.94","48,515.32","49,629.32",187.46M
29-Oct-19,"49,516.50","49,685.85","49,133.82","49,477.44",116.17M
28-Oct-19,"48,858.47","49,674.43","48,852.45","49,516.50",115.27M
25-Oct-19,"49,124.43","49,355.87","48,704.74","48,858.47",97.86M
24-Oct-19,"49,244.55","49,752.53","49,111.67","49,124.43",137.94M
23-Oct-19,"49,610.14","49,610.14","49,069.29","49,244.55",123.16M
22-Oct-19,"49,834.61","49,974.75","49,541.24","49,610.14",137.83M
21-Oct-19,"49,510.90","50,020.46","49,398.82","49,834.61",100.78M
18-Oct-19,"49,715.30","49,846.29","49,432.24","49,510.90",145.09M
17-Oct-19,"49,855.06","50,323.40","49,659.77","49,715.30",167.48M
16-Oct-19,"49,391.20","49,894.98","49,178.96","49,855.06",147.10M
15-Oct-19,"49,110.74","49,507.63","49,094.58","49,391.20",94.59M
14-Oct-19,"49,404.06","49,560.58","48,855.55","49,110.74",102.96M
11-Oct-19,"49,032.54","49,639.38","49,032.54","49,404.06",139.50M
10-Oct-19,"48,310.69","49,102.09","48,271.40","49,032.54",139.56M
09-Oct-19,"48,465.32","48,491.78","48,135.32","48,310.69",123.04M
08-Oct-19,"48,635.63","48,724.50","48,387.35","48,465.32",138.76M
07-Oct-19,"47,975.44","48,705.69","47,917.01","48,635.63",123.94M
04-Oct-19,"47,743.89","48,111.18","47,679.25","47,975.44",157.94M
03-Oct-19,"48,005.41","48,050.10","47,535.65","47,743.89",146.80M
02-Oct-19,"48,938.16","48,973.10","47,925.54","48,005.41",174.18M
01-Oct-19,"48,813.59","49,094.39","48,662.68","48,938.16",131.28M
30-Sep-19,"49,167.52","49,237.04","48,593.96","48,813.59",140.15M
27-Sep-19,"49,243.65","49,440.11","49,014.01","49,167.52",104.93M
26-Sep-19,"48,865.06","49,588.11","48,830.95","49,243.65",123.78M
25-Sep-19,"49,559.37","49,559.37","48,569.44","48,865.06",181.63M
23-Sep-19,"50,341.64","50,378.54","49,292.95","49,559.37",139.68M
20-Sep-19,"50,077.78","50,501.69","50,062.29","50,341.64",329.43M
19-Sep-19,"50,134.23","50,189.49","49,701.41","50,077.78",384.50M
18-Sep-19,"50,873.91","50,876.67","49,958.41","50,134.23",128.81M
17-Sep-19,"51,801.53","51,801.53","50,873.91","50,873.91",157.24M
16-Sep-19,"51,145.56","51,811.65","51,024.65","51,801.53",218.56M
13-Sep-19,"50,768.84","51,416.60","50,701.31","51,145.56",130.05M
12-Sep-19,"50,359.15","51,100.80","50,358.10","50,768.84",141.30M
11-Sep-19,"49,484.56","50,364.59","49,472.09","50,359.15",139.98M
10-Sep-19,"49,602.20","49,602.20","49,129.74","49,484.56",101.73M
09-Sep-19,"49,673.77","49,906.26","49,382.92","49,602.20",94.14M
06-Sep-19,"49,576.77","50,010.56","49,426.81","49,673.77",109.08M
05-Sep-19,"49,031.01","49,833.90","49,024.92","49,576.77",127.93M
04-Sep-19,"48,872.85","49,263.06","48,780.04","49,031.01",111.58M
03-Sep-19,"48,889.37","48,936.15","48,463.18","48,872.85",114.06M
02-Sep-19,"49,320.23","49,443.07","48,889.37","48,889.37",100.36M
30-Aug-19,"48,561.36","49,399.82","48,394.17","49,320.23",136.04M
29-Aug-19,"48,429.35","49,011.84","48,324.07","48,561.36",117.20M
28-Aug-19,"48,147.85","48,429.35","47,768.77","48,429.35",119.79M
27-Aug-19,"48,042.94","48,213.20","47,793.52","48,147.85",241.32M
26-Aug-19,"48,247.95","48,354.93","47,618.09","48,042.94",87.75M
23-Aug-19,"48,435.04","48,646.89","48,028.45","48,247.95",109.50M
22-Aug-19,"48,837.01","48,929.70","48,260.87","48,435.04",149.27M
21-Aug-19,"48,545.63","48,896.43","48,354.39","48,837.01",156.56M
20-Aug-19,"48,646.95","48,886.28","48,390.35","48,545.63",122.23M
19-Aug-19,"48,158.38","48,889.51","48,158.38","48,646.95",111.99M
16-Aug-19,"48,116.97","48,204.58","47,726.30","48,158.38",124.02M
15-Aug-19,"48,277.82","48,590.02","47,560.53","48,116.97",174.29M
14-Aug-19,"49,448.44","49,507.55","48,162.41","48,277.82",132.97M
13-Aug-19,"49,512.94","49,584.74","49,045.98","49,448.44",123.01M
12-Aug-19,"49,619.58","50,214.00","49,413.94","49,512.94",118.10M
08-Aug-19,"49,253.74","49,923.31","49,253.74","49,619.58",124.94M
07-Aug-19,"49,113.36","49,479.92","49,003.79","49,253.74",149.17M
06-Aug-19,"49,066.14","49,590.51","48,994.03","49,113.36",117.58M
05-Aug-19,"50,332.33","50,338.82","48,932.70","49,066.14",129.84M
02-Aug-19,"51,331.52","51,331.52","49,980.28","50,332.33",148.92M
01-Aug-19,"50,798.70","51,331.52","50,306.02","51,331.52",150.78M
31-Jul-19,"51,206.88","51,242.54","50,798.70","50,798.70",132.13M
30-Jul-19,"51,977.41","52,080.38","51,028.29","51,206.88",100.40M
29-Jul-19,"51,522.69","52,027.86","51,522.05","51,977.41",70.11M
26-Jul-19,"51,563.21","51,682.29","51,307.65","51,522.69",86.12M
25-Jul-19,"51,626.64","52,157.99","51,266.29","51,563.21",113.47M
24-Jul-19,"52,209.63","52,285.50","51,534.22","51,626.64",89.01M
23-Jul-19,"51,890.58","52,399.16","51,880.18","52,209.63",110.60M
22-Jul-19,"52,107.18","52,107.18","51,567.51","51,890.58",89.69M
19-Jul-19,"51,733.36","52,387.44","51,733.36","52,107.18",88.56M
18-Jul-19,"51,565.16","51,873.17","51,174.27","51,733.36",91.91M
17-Jul-19,"51,958.04","52,028.62","51,491.21","51,565.16",116.69M
16-Jul-19,"51,447.25","51,958.04","51,276.01","51,958.04",95.59M
15-Jul-19,"51,189.53","51,447.25","50,953.86","51,447.25",66.30M
12-Jul-19,"51,188.17","51,464.05","50,988.39","51,189.53",85.71M
11-Jul-19,"51,491.95","51,921.60","51,035.05","51,188.17",103.69M
10-Jul-19,"50,908.51","51,752.26","50,907.33","51,491.95",93.36M
09-Jul-19,"51,649.36","51,676.50","50,850.77","50,908.51",89.44M
08-Jul-19,"51,539.30","51,695.47","51,335.11","51,649.36",67.89M
05-Jul-19,"51,746.94","51,746.94","51,446.89","51,539.30",81.33M
04-Jul-19,"51,960.56","52,073.98","51,532.03","51,746.94",94.47M
03-Jul-19,"52,093.35","52,199.13","51,873.99","51,960.56",93.76M
02-Jul-19,"52,464.75","52,678.45","51,998.71","52,093.35",89.26M
01-Jul-19,"52,198.94","52,979.46","52,198.94","52,464.75",101.68M
28-Jun-19,"52,056.36","52,258.85","51,974.83","52,198.94",85.78M
27-Jun-19,"52,407.30","52,795.31","52,056.36","52,056.36",86.52M
26-Jun-19,"52,279.51","52,586.76","52,159.20","52,407.30",94.35M
25-Jun-19,"52,760.96","52,775.58","52,185.79","52,279.51",83.79M
24-Jun-19,"52,902.88","53,234.09","52,532.82","52,760.96",73.07M
21-Jun-19,"52,960.80","53,165.68","52,660.40","52,902.88",257.09M
20-Jun-19,"52,534.39","53,143.58","52,534.39","52,960.80",344.63M
19-Jun-19,"52,593.97","53,109.02","52,477.32","52,534.39",154.67M
18-Jun-19,"52,166.68","52,725.74","52,157.03","52,593.97",149.10M
14-Jun-19,"52,592.43","52,728.77","51,926.53","52,166.68",125.24M
13-Jun-19,"52,619.43","52,920.01","52,343.47","52,592.43",114.33M
12-Jun-19,"52,656.33","52,695.09","52,232.39","52,619.43",126.27M
11-Jun-19,"52,357.04","52,829.53","52,322.79","52,656.33",96.96M
10-Jun-19,"51,976.89","52,536.91","51,945.56","52,357.04",93.42M
07-Jun-19,"50,988.44","52,134.97","50,979.23","51,976.89",98.38M
06-Jun-19,"50,975.72","51,244.95","50,833.58","50,988.44",106.09M
05-Jun-19,"50,452.38","51,227.14","50,452.38","50,975.72",104.61M
04-Jun-19,"50,213.46","50,510.65","49,618.84","50,452.38",163.28M
03-Jun-19,"49,587.47","50,213.46","49,574.94","50,213.46",123.56M
31-May-19,"49,666.85","49,742.53","49,115.83","49,587.47",156.37M
30-May-19,"49,003.06","49,746.81","48,946.32","49,666.85",144.67M
29-May-19,"48,464.67","49,066.87","48,231.26","49,003.06",120.98M
28-May-19,"48,497.10","48,870.59","48,333.73","48,464.67",287.66M
27-May-19,"48,427.67","48,748.66","48,337.79","48,497.10",63.81M
24-May-19,"48,290.13","48,749.24","48,287.91","48,427.67",155.07M
23-May-19,"49,193.90","49,193.90","48,117.62","48,290.13",137.70M
22-May-19,"49,486.29","49,545.85","49,151.55","49,193.90",116.17M
21-May-19,"49,551.15","49,891.60","49,389.98","49,486.29",142.73M
20-May-19,"50,081.18","50,133.61","49,380.33","49,551.15",93.75M
17-May-19,"50,360.28","50,473.19","49,779.19","50,081.18",118.07M
16-May-19,"49,877.10","50,470.27","49,800.82","50,360.28",107.79M
15-May-19,"50,078.01","50,545.45","49,183.71","49,877.10",143.38M
14-May-19,"50,181.40","50,571.93","50,078.01","50,078.01",124.01M
13-May-19,"50,533.59","50,852.97","50,001.01","50,181.40",124.25M
10-May-19,"50,264.20","51,185.56","50,264.20","50,533.59",126.67M
09-May-19,"51,707.15","51,707.15","50,264.20","50,264.20",142.44M
07-May-19,"52,335.69","52,635.71","51,707.15","51,707.15",87.20M
06-May-19,"53,028.35","53,028.35","51,795.79","52,335.69",86.39M
03-May-19,"52,495.40","53,080.82","52,446.14","53,028.35",81.92M
02-May-19,"52,274.03","52,556.33","52,123.32","52,495.40",95.64M
30-Apr-19,"52,385.68","52,659.79","52,237.57","52,274.03",102.28M
29-Apr-19,"52,572.04","52,708.35","52,268.61","52,385.68",66.39M
26-Apr-19,"52,470.36","52,572.04","52,208.50","52,572.04",53.23M
25-Apr-19,"52,785.57","52,785.57","52,309.71","52,470.36",85.64M
24-Apr-19,"53,184.19","53,184.19","52,463.60","52,785.57",103.38M
23-Apr-19,"52,872.78","53,184.19","52,683.57","53,184.19",79.56M
18-Apr-19,"52,561.43","52,872.78","52,279.60","52,872.78",94.84M
17-Apr-19,"52,590.28","52,634.18","52,136.87","52,561.43",103.37M
16-Apr-19,"51,960.68","52,650.97","51,960.68","52,590.28",126.26M
15-Apr-19,"52,141.52","52,180.18","51,790.04","51,960.68",99.94M
12-Apr-19,"51,942.03","52,270.30","51,793.49","52,141.52",90.00M
11-Apr-19,"52,161.05","52,239.01","51,625.33","51,942.03",81.49M
10-Apr-19,"51,564.09","52,161.05","51,547.04","52,161.05",118.71M
09-Apr-19,"51,705.98","51,872.28","51,548.81","51,564.09",91.46M
08-Apr-19,"51,517.73","51,853.68","51,511.63","51,705.98",56.76M
05-Apr-19,"51,449.27","51,721.69","51,449.27","51,517.73",99.00M
04-Apr-19,"51,640.70","51,645.15","51,415.86","51,449.27",87.56M
03-Apr-19,"50,952.08","51,793.03","50,940.89","51,640.70",131.62M
02-Apr-19,"50,879.64","51,025.76","50,596.94","50,952.08",115.91M
01-Apr-19,"50,273.93","51,096.48","50,273.93","50,879.64",125.75M
29-Mar-19,"49,903.31","50,400.74","49,903.31","50,273.93",134.40M
28-Mar-19,"49,897.32","50,136.76","49,707.97","49,903.31",100.58M
27-Mar-19,"49,372.21","50,320.48","49,363.07","49,897.32",0
26-Mar-19,"49,161.53","49,449.40","48,912.06","49,372.21",93.73M
25-Mar-19,"49,792.42","49,792.42","48,938.52","49,161.53",124.78M
22-Mar-19,"49,827.56","50,088.38","49,523.44","49,792.42",137.75M
20-Mar-19,"50,475.11","50,478.46","49,827.56","49,827.56",301.69M
19-Mar-19,"50,388.59","50,756.62","50,251.43","50,475.11",155.60M
18-Mar-19,"49,684.03","50,483.79","49,684.03","50,388.59",134.01M
15-Mar-19,"49,485.03","50,054.23","49,485.03","49,684.03",274.09M
14-Mar-19,"49,584.85","49,822.09","49,316.72","49,485.03",135.25M
13-Mar-19,"49,468.43","49,671.16","49,286.82","49,584.85",136.19M
12-Mar-19,"49,387.31","49,797.86","49,004.25","49,468.43",125.10M
11-Mar-19,"49,233.13","49,689.58","49,164.84","49,387.31",108.28M
08-Mar-19,"49,665.55","49,665.55","49,130.13","49,233.13",109.62M
07-Mar-19,"49,875.04","49,934.42","49,512.56","49,665.55",144.10M
06-Mar-19,"49,585.66","50,197.05","49,540.97","49,875.04",121.74M
05-Mar-19,"49,895.02","50,229.98","49,520.57","49,585.66",118.86M
04-Mar-19,"49,841.27","50,526.81","49,838.64","49,895.02",106.93M
01-Mar-19,"49,667.10","50,187.50","49,615.64","49,841.27",130.35M
28-Feb-19,"49,955.05","49,955.05","49,480.18","49,667.10",138.65M
27-Feb-19,"49,965.89","50,495.67","49,791.47","49,955.05",133.09M
26-Feb-19,"49,638.42","49,965.89","49,344.26","49,965.89",117.31M
25-Feb-19,"49,735.69","50,088.89","49,638.42","49,638.42",106.72M
22-Feb-19,"49,205.36","49,917.84","49,153.44","49,735.69",112.75M
21-Feb-19,"49,405.41","49,597.30","49,205.36","49,205.36",141.52M
20-Feb-19,"48,956.53","49,734.05","48,914.91","49,405.41",150.81M
19-Feb-19,"49,019.56","49,239.81","48,651.88","48,956.53",85.12M
18-Feb-19,"48,446.14","49,081.67","48,421.42","49,019.56",88.54M
15-Feb-19,"48,349.82","48,516.79","47,787.95","48,446.14",124.24M
14-Feb-19,"48,388.50","48,814.55","48,158.43","48,349.82",126.54M
13-Feb-19,"47,807.06","48,489.21","47,618.95","48,388.50",130.90M
12-Feb-19,"47,225.04","47,883.61","47,220.68","47,807.06",106.94M
11-Feb-19,"47,001.79","47,586.02","46,950.51","47,225.04",100.35M
08-Feb-19,"47,672.55","47,762.04","46,983.30","47,001.79",116.39M
07-Feb-19,"48,318.53","48,337.48","47,422.82","47,672.55",123.92M
06-Feb-19,"47,999.09","48,502.02","47,965.86","48,318.53",106.30M
05-Feb-19,"47,183.39","47,999.09","47,183.39","47,999.09",124.92M
04-Feb-19,"47,697.78","48,009.43","47,183.39","47,183.39",110.87M
01-Feb-19,"47,955.98","48,018.53","47,512.03","47,697.78",123.14M
31-Jan-19,"47,972.18","48,281.68","47,875.93","47,955.98",208.33M
30-Jan-19,"48,201.00","48,274.88","47,829.42","47,972.18",135.21M
29-Jan-19,"47,600.25","48,344.20","47,600.25","48,201.00",155.07M
28-Jan-19,"47,892.41","48,026.61","47,600.25","47,600.25",81.22M
25-Jan-19,"47,473.35","48,074.87","47,463.60","47,892.41",135.07M
24-Jan-19,"47,742.02","47,755.53","47,248.81","47,473.35",169.72M
23-Jan-19,"47,952.19","48,017.12","47,573.70","47,742.02",99.37M
22-Jan-19,"48,037.82","48,037.82","47,538.09","47,952.19",91.06M
21-Jan-19,"47,585.02","48,126.05","47,585.02","48,037.82",88.53M
18-Jan-19,"47,298.40","47,849.74","47,298.40","47,585.02",92.04M
17-Jan-19,"47,665.20","47,669.46","47,033.59","47,298.40",146.05M
16-Jan-19,"47,382.46","47,665.20","47,285.08","47,665.20",85.76M
15-Jan-19,"47,335.59","47,699.47","47,076.19","47,382.46",97.33M
14-Jan-19,"47,491.38","47,491.38","46,837.83","47,335.59",80.64M
11-Jan-19,"47,164.36","47,807.93","47,151.58","47,491.38",106.40M
10-Jan-19,"47,140.85","47,198.79","46,686.94","47,164.36",98.91M
09-Jan-19,"46,116.17","47,140.85","46,116.17","47,140.85",100.76M
08-Jan-19,"45,876.36","46,289.31","45,876.36","46,116.17",118.85M
07-Jan-19,"46,156.11","47,110.66","45,738.94","45,876.36",92.31M
04-Jan-19,"45,622.51","46,156.11","45,519.18","46,156.11",69.64M
03-Jan-19,"45,310.14","45,851.78","45,131.16","45,622.51",76.72M
02-Jan-19,"46,726.59","46,726.59","44,887.19","45,310.14",66.50M
