Date,Open,High,Low,Adj_Close,Vol.
10/27/2022,"11,781.16","11,839.81","11,704.87","11,709.50",187.31M
10/26/2022,"11,983.52","12,004.85","11,732.10","11,798.77",160.38M
10/25/2022,"12,080.05","12,099.60","11,909.36","11,973.86",164.79M
10/24/2022,"11,979.28","12,075.27","11,927.81","12,075.27",147.92M
10/23/2022,"12,035.59","12,076.04","11,989.53","12,006.59",129.98M
10/20/2022,"11,801.39","11,963.68","11,798.35","11,963.68",140.54M
10/19/2022,"11,814.28","11,851.16","11,769.38","11,795.10",130.25M
10/18/2022,"11,624.66","11,809.95","11,623.61","11,809.95",148.25M
10/17/2022,"11,421.96","11,591.61","11,416.30","11,566.38",111.56M
10/16/2022,"11,440.18","11,467.87","11,331.23","11,405.88",98.77M
10/13/2022,"11,548.12","11,564.52","11,421.78","11,421.78",112.89M
10/12/2022,"11,533.00","11,590.21","11,502.62","11,551.34",143.75M
10/11/2022,"11,542.79","11,560.08","11,456.51","11,514.26",124.15M
10/10/2022,"11,554.00","11,628.74","11,471.89","11,530.37",139.85M
10/09/2022,"11,758.44","11,769.26","11,555.15","11,566.45",115.45M
10/06/2022,"11,802.63","11,824.22","11,747.23","11,757.79",135.22M
10/05/2022,"11,862.97","11,880.52","11,709.64","11,770.32",186.50M
10/04/2022,"11,711.15","11,785.91","11,679.16","11,780.41",195.96M
10/03/2022,"11,544.69","11,647.41","11,533.94","11,607.96",184.54M
10/02/2022,"11,420.66","11,530.18","11,325.68","11,487.07",148.68M
09/29/2022,"11,253.33","11,411.35","11,252.80","11,405.32",172.24M
09/28/2022,"11,121.36","11,241.11","11,032.52","11,170.08",165.84M
09/27/2022,"10,981.28","11,085.96","10,932.34","11,017.38",161.14M
09/26/2022,"11,113.68","11,193.42","10,909.18","10,909.18",172.34M
09/25/2022,"11,201.19","11,218.09","11,121.94","11,161.38",128.31M
09/21/2022,"11,498.37","11,543.42","11,402.57","11,461.09",118.14M
09/20/2022,"11,523.93","11,615.45","11,503.60","11,503.60",126.95M
09/19/2022,"11,545.32","11,602.22","11,404.06","11,446.33",125.00M
09/18/2022,"11,807.59","11,814.84","11,554.56","11,572.18",137.87M
09/15/2022,"11,920.15","12,016.12","11,829.54","11,829.54",162.48M
09/14/2022,"11,871.41","11,987.71","11,846.15","11,893.27",121.83M
09/13/2022,"12,035.45","12,089.66","11,985.36","12,084.45",137.01M
09/12/2022,"11,956.63","12,022.12","11,930.63","12,022.12",112.07M
09/11/2022,"11,951.03","12,014.60","11,935.42","11,940.36",121.24M
09/08/2022,"11,886.51","11,927.63","11,748.50","11,834.26",126.52M
09/07/2022,"11,983.86","12,034.21","11,862.13","11,863.81",131.75M
09/06/2022,"12,115.74","12,169.16","11,994.72","11,994.72",135.14M
09/05/2022,"12,185.20","12,227.59","12,099.84","12,099.84",115.34M
09/04/2022,"12,107.74","12,225.87","12,073.12","12,194.29",112.38M
09/01/2022,"12,253.13","12,283.70","12,116.14","12,142.65",162.61M
08/31/2022,"12,431.98","12,453.18","12,273.49","12,283.33",192.38M
08/30/2022,"12,561.10","12,594.61","12,455.65","12,455.65",144.90M
08/29/2022,"12,534.53","12,597.63","12,516.97","12,530.66",161.93M
08/28/2022,"12,475.16","12,574.22","12,459.79","12,526.11",137.74M
08/25/2022,"12,480.55","12,591.74","12,473.61","12,591.74",135.27M
08/24/2022,"12,420.43","12,450.54","12,347.32","12,443.77",153.84M
08/23/2022,"12,541.38","12,616.13","12,420.77","12,420.77",156.64M
08/22/2022,"12,537.27","12,606.40","12,503.03","12,560.48",138.14M
08/21/2022,"12,626.98","12,644.37","12,549.02","12,554.50",129.65M
08/18/2022,"12,659.95","12,714.56","12,621.73","12,621.73",186.36M
08/17/2022,"12,554.49","12,652.44","12,550.12","12,646.74",182.26M
08/16/2022,"12,542.15","12,574.52","12,506.80","12,545.14",214.89M
08/15/2022,"12,512.98","12,543.77","12,454.21","12,543.77",192.54M
08/14/2022,"12,548.38","12,568.17","12,497.17","12,514.37",223.68M
08/11/2022,"12,471.84","12,538.32","12,469.15","12,530.76",213.74M
08/10/2022,"12,346.11","12,431.45","12,314.86","12,431.45",178.84M
08/09/2022,"12,314.47","12,344.08","12,277.38","12,329.99",167.98M
08/08/2022,"12,230.02","12,324.90","12,226.74","12,297.29",156.64M
08/07/2022,"12,314.08","12,315.97","12,201.49","12,216.84",147.51M
08/04/2022,"12,292.72","12,329.22","12,243.41","12,291.54",183.52M
08/03/2022,"12,290.30","12,299.24","12,202.37","12,291.93",200.01M
08/02/2022,"12,334.02","12,334.47","12,221.21","12,310.63",210.26M
08/01/2022,"12,236.73","12,338.95","12,197.35","12,338.95",209.35M
07/31/2022,"12,225.31","12,268.51","12,186.20","12,199.08",177.79M
07/28/2022,"12,122.98","12,195.68","12,111.81","12,155.02",316.77M
07/27/2022,"12,004.92","12,097.62","11,984.31","12,052.18",138.65M
07/26/2022,"11,912.85","11,977.68","11,886.08","11,964.21",164.32M
07/25/2022,"11,961.79","11,962.15","11,858.52","11,874.22",163.76M
07/24/2022,"11,982.09","12,052.90","11,955.54","11,975.14",152.86M
07/21/2022,"11,930.99","11,987.97","11,834.92","11,987.97",166.68M
07/20/2022,"11,810.10","11,995.29","11,780.48","11,864.34",217.39M
07/19/2022,"11,582.51","11,761.41","11,530.60","11,761.35",190.99M
07/18/2022,"11,297.43","11,555.08","11,296.62","11,555.08",163.24M
07/17/2022,"11,308.20","11,365.45","11,239.13","11,292.41",107.28M
07/14/2022,"11,280.09","11,316.89","11,096.74","11,163.02",121.22M
07/13/2022,"11,418.81","11,531.08","11,289.75","11,289.75",135.37M
07/06/2022,"11,261.91","11,420.19","11,223.69","11,416.54",144.20M
07/05/2022,"11,361.22","11,413.45","11,311.12","11,344.57",143.36M
07/04/2022,"11,466.33","11,480.42","11,294.91","11,358.40",136.34M
07/03/2022,"11,590.31","11,609.93","11,451.60","11,464.98",124.21M
06/30/2022,"11,740.17","11,756.30","11,523.25","11,523.25",177.87M
06/29/2022,"11,654.86","11,783.99","11,618.80","11,727.19",167.17M
06/28/2022,"11,425.50","11,671.15","11,380.67","11,671.15",149.62M
06/27/2022,"11,573.04","11,588.53","11,406.07","11,427.26",189.52M
06/26/2022,"11,515.18","11,566.69","11,480.31","11,513.01",155.31M
06/23/2022,"11,348.21","11,379.04","11,229.55","11,310.67",143.59M
06/22/2022,"11,641.56","11,641.56","11,319.88","11,319.88",219.79M
06/21/2022,"11,441.71","11,683.32","11,439.61","11,659.64",173.78M
06/20/2022,"11,298.97","11,456.11","11,217.91","11,361.53",155.67M
06/19/2022,"11,668.14","11,676.39","11,299.18","11,299.18",178.91M
06/16/2022,"12,029.14","12,116.94","11,809.80","11,824.42",219.61M
06/15/2022,"12,036.02","12,131.74","11,978.23","11,978.51",184.15M
06/14/2022,"12,038.42","12,114.78","11,708.78","12,020.68",231.21M
06/13/2022,"12,278.52","12,286.19","11,983.30","12,053.44",209.74M
06/12/2022,"12,530.66","12,530.66","12,322.35","12,322.35",173.57M
06/09/2022,"12,597.60","12,612.74","12,497.45","12,603.89",151.19M
06/08/2022,"12,690.72","12,748.90","12,584.27","12,596.30",141.34M
06/07/2022,"12,832.04","12,838.83","12,651.31","12,662.75",152.06M
06/06/2022,"12,679.49","12,851.70","12,677.87","12,821.96",180.13M
06/05/2022,"12,610.21","12,673.84","12,557.52","12,656.05",138.08M
06/02/2022,"12,766.20","12,768.96","12,605.01","12,605.01",178.89M
06/01/2022,"12,911.45","12,912.92","12,766.47","12,766.47",182.27M
05/31/2022,"12,967.78","13,034.50","12,806.05","12,921.74",386.64M
05/30/2022,"12,711.77","12,922.64","12,710.41","12,907.17",226.70M
05/29/2022,"12,633.85","12,717.13","12,633.84","12,689.01",151.47M
05/26/2022,"12,655.70","12,730.14","12,472.88","12,530.34",167.92M
05/25/2022,"12,333.28","12,631.44","12,325.13","12,588.89",184.34M
05/24/2022,"12,251.21","12,355.23","12,199.50","12,300.86",157.93M
05/23/2022,"12,386.10","12,456.70","12,178.51","12,235.91",178.94M
05/22/2022,"12,536.22","12,539.70","12,243.78","12,334.94",784.68M
05/19/2022,"12,484.90","12,545.06","12,349.28","12,427.96",191.15M
05/18/2022,"12,750.69","12,919.26","12,700.72","12,713.38",190.60M
05/17/2022,"12,937.48","12,953.89","12,575.65","12,689.87",204.80M
05/16/2022,"13,229.41","13,286.34","12,914.46","12,914.89",174.71M
05/15/2022,"13,017.07","13,211.58","12,895.88","13,149.29",141.54M
05/12/2022,"13,391.49","13,393.00","12,835.30","12,835.30",209.81M
05/11/2022,"13,493.01","13,595.40","13,377.69","13,379.08",164.50M
05/10/2022,"13,760.97","13,769.05","13,462.51","13,509.31",184.89M
05/09/2022,"13,853.06","13,949.13","13,812.63","13,814.85",223.50M
05/08/2022,"13,790.83","13,832.79","13,747.77","13,820.35",140.10M
04/28/2022,"13,708.73","13,765.70","13,652.95","13,733.87",151.72M
04/27/2022,"13,533.74","13,675.74","13,515.75","13,643.91",149.65M
04/26/2022,"13,585.58","13,635.76","13,417.10","13,503.49",158.46M
04/25/2022,"13,451.11","13,543.25","13,371.16","13,543.25",181.60M
04/24/2022,"13,491.86","13,504.82","13,388.65","13,463.09",124.07M
04/21/2022,"13,680.54","13,701.93","13,534.40","13,534.40",181.37M
04/20/2022,"13,552.67","13,672.81","13,483.54","13,668.54",182.21M
04/19/2022,"13,752.12","13,783.56","13,505.57","13,505.57",180.24M
04/18/2022,"13,670.20","13,742.25","13,658.11","13,733.14",158.34M
04/17/2022,"13,644.85","13,707.66","13,584.07","13,682.39",174.21M
04/14/2022,"13,540.10","13,621.08","13,436.45","13,621.08",201.09M
04/13/2022,"13,648.97","13,680.02","13,509.50","13,540.27",240.23M
04/12/2022,"13,500.72","13,646.12","13,489.47","13,646.12",241.92M
04/11/2022,"13,412.30","13,511.52","13,399.67","13,483.23",217.59M
04/10/2022,"13,350.90","13,422.59","13,342.83","13,395.46",169.83M
04/07/2022,"13,250.63","13,328.23","13,231.17","13,313.98",183.62M
04/06/2022,"13,198.42","13,271.95","13,167.81","13,255.96",285.12M
04/05/2022,"13,189.72","13,226.12","13,159.79","13,206.88",214.40M
04/04/2022,"13,087.63","13,165.34","13,057.01","13,165.34",183.40M
04/03/2022,"13,132.42","13,147.97","13,063.52","13,082.76",116.98M
03/31/2022,"13,029.14","13,090.40","12,981.91","13,090.40",209.38M
03/30/2022,"13,096.78","13,101.06","12,992.27","13,038.22",216.18M
03/29/2022,"13,065.16","13,114.89","13,039.64","13,101.36",235.20M
03/28/2022,"12,999.81","13,064.11","12,972.88","13,064.11",207.25M
03/27/2022,"12,916.10","13,000.10","12,901.30","12,999.73",198.57M
03/24/2022,"12,957.36","12,968.15","12,914.05","12,948.37",171.14M
03/23/2022,"12,875.40","12,944.16","12,862.60","12,944.16",158.20M
03/22/2022,"12,851.03","12,881.45","12,791.69","12,881.45",170.74M
03/21/2022,"12,905.55","12,959.96","12,828.81","12,831.69",211.83M
03/20/2022,"12,836.39","12,919.40","12,808.40","12,875.80",188.05M
03/17/2022,"12,719.76","12,831.80","12,674.05","12,769.21",345.68M
03/16/2022,"12,459.80","12,656.23","12,447.71","12,656.23",264.40M
03/15/2022,"12,458.87","12,484.80","12,390.65","12,407.60",156.49M
03/14/2022,"12,626.18","12,637.09","12,479.24","12,492.14",194.10M
03/13/2022,"12,725.43","12,771.51","12,605.18","12,605.40",209.29M
03/10/2022,"12,734.64","12,791.74","12,641.33","12,684.16",203.09M
03/09/2022,"12,864.11","12,928.00","12,738.59","12,738.59",229.46M
03/08/2022,"12,795.88","12,879.39","12,718.20","12,851.22",262.21M
03/07/2022,"12,858.59","12,881.92","12,684.33","12,808.03",285.82M
03/06/2022,"12,841.83","12,862.68","12,798.76","12,804.22",276.19M
03/03/2022,"12,724.96","12,781.46","12,694.91","12,756.31",303.81M
03/02/2022,"12,700.03","12,750.16","12,607.46","12,654.65",277.67M
03/01/2022,"12,594.70","12,748.00","12,583.64","12,674.34",266.79M
02/28/2022,"12,415.16","12,590.26","12,344.40","12,590.26",264.76M
02/27/2022,"12,497.38","12,570.31","12,400.58","12,417.56",235.88M
02/24/2022,"12,269.27","12,368.38","12,190.37","12,297.62",384.61M
02/23/2022,"12,521.36","12,591.46","12,470.81","12,527.63",254.69M
02/21/2022,"12,475.23","12,640.81","12,475.23","12,561.60",295.94M
02/20/2022,"12,530.44","12,616.61","12,463.17","12,463.17",228.18M
02/17/2022,"12,519.46","12,519.46","12,428.35","12,476.54",218.85M
02/16/2022,"12,362.75","12,511.58","12,344.33","12,495.22",243.45M
02/15/2022,"12,187.51","12,358.17","12,160.46","12,350.64",191.51M
02/14/2022,"12,020.46","12,204.58","11,967.50","12,204.58",190.16M
02/13/2022,"12,182.54","12,184.89","11,910.47","12,029.04",225.16M
02/10/2022,"12,203.52","12,268.71","12,174.29","12,268.71",153.95M
02/09/2022,"12,240.40","12,245.35","12,168.84","12,205.47",142.07M
02/08/2022,"12,258.41","12,274.94","12,181.75","12,225.88",154.87M
02/07/2022,"12,224.49","12,258.12","12,194.88","12,249.19",173.94M
02/06/2022,"12,179.84","12,214.97","12,109.64","12,204.45",147.30M
02/03/2022,"12,178.04","12,219.24","12,142.38","12,142.38",135.17M
02/02/2022,"12,287.44","12,316.26","12,192.61","12,192.61",166.19M
02/01/2022,"12,310.14","12,348.66","12,246.28","12,293.38",189.84M
01/31/2022,"12,269.92","12,359.97","12,269.92","12,271.84",229.53M
01/30/2022,"12,218.81","12,274.80","12,218.18","12,259.25",197.41M
01/27/2022,"12,156.23","12,195.82","12,147.34","12,179.32",162.82M
01/26/2022,"12,119.35","12,222.39","12,093.53","12,182.51",134.01M
01/25/2022,"12,051.95","12,108.56","11,976.56","12,108.56",117.98M
01/24/2022,"12,127.11","12,174.81","12,031.45","12,068.43",109.81M
01/23/2022,"12,276.16","12,276.18","12,113.09","12,139.83",130.94M
01/20/2022,"12,274.27","12,291.05","12,218.30","12,290.96",150.86M
01/19/2022,"12,186.30","12,260.13","12,135.34","12,260.13",170.34M
01/18/2022,"12,174.52","12,260.34","12,166.10","12,193.75",209.76M
01/17/2022,"12,137.57","12,165.84","12,048.81","12,165.84",192.86M
01/16/2022,"12,107.24","12,209.54","12,045.49","12,110.15",229.04M
01/13/2022,"11,965.23","12,079.01","11,946.97","12,079.01",197.93M
01/12/2022,"11,845.46","11,957.08","11,819.39","11,957.08",193.83M
01/11/2022,"11,675.81","11,843.55","11,641.70","11,843.55",185.96M
01/10/2022,"11,577.00","11,664.83","11,576.23","11,664.83",204.54M
01/09/2022,"11,452.98","11,560.47","11,451.54","11,560.47",172.46M
01/06/2022,"11,427.73","11,468.52","11,371.71","11,430.51",142.59M
01/05/2022,"11,358.58","11,453.08","11,358.58","11,453.08",139.97M
01/04/2022,"11,351.62","11,380.51","11,317.46","11,356.80",134.43M
01/03/2022,"11,320.25","11,407.66","11,264.42","11,327.52",188.43M
01/02/2022,"11,280.35","11,345.86","11,257.02","11,331.91",129.75M
12/30/2021,"11,199.56","11,281.71","11,167.14","11,281.71",132.21M
12/29/2021,"11,312.10","11,343.72","11,144.98","11,199.84",224.48M
12/28/2021,"11,193.93","11,315.32","11,193.48","11,315.32",144.98M
12/27/2021,"11,156.28","11,175.85","11,086.96","11,161.04",138.68M
12/26/2021,"11,272.55","11,298.18","11,158.05","11,168.30",113.81M
12/23/2021,"11,215.58","11,286.67","11,198.62","11,271.46",128.64M
12/22/2021,"11,287.75","11,336.45","11,181.22","11,204.43",165.94M
12/21/2021,"11,175.15","11,261.28","11,170.57","11,261.28",142.76M
12/20/2021,"11,121.06","11,171.23","11,036.30","11,170.48",188.17M
12/19/2021,"11,241.41","11,267.37","11,150.93","11,160.24",176.44M
12/16/2021,"11,200.75","11,365.33","11,199.77","11,311.89",255.18M
12/15/2021,"11,027.02","11,149.93","11,012.06","11,143.38",187.55M
12/14/2021,"11,035.48","11,058.95","10,975.46","11,024.68",182.35M
12/13/2021,"11,030.37","11,096.91","11,019.86","11,019.86",232.27M
12/12/2021,"10,916.08","10,974.35","10,880.00","10,969.06",305.58M
12/09/2021,"11,007.53","11,049.19","10,892.58","10,938.88",174.79M
12/08/2021,"11,130.97","11,132.34","10,991.80","10,991.80",218.19M
12/07/2021,"11,125.08","11,149.13","11,081.64","11,108.20",208.86M
12/06/2021,"11,196.72","11,278.37","11,021.07","11,021.07",236.30M
12/05/2021,"10,926.06","11,142.47","10,925.08","11,142.47",189.52M
12/02/2021,"10,838.11","10,914.82","10,796.27","10,882.79",139.64M
12/01/2021,"10,809.19","10,866.98","10,753.02","10,849.96",184.74M
11/30/2021,"10,789.10","10,789.82","10,599.73","10,761.80",289.15M
11/29/2021,"10,870.62","10,986.56","10,779.79","10,810.60",189.95M
11/28/2021,"10,668.40","10,952.01","10,668.40","10,787.79",223.13M
11/25/2021,"11,368.18","11,472.35","11,299.45","11,299.45",140.07M
11/24/2021,"11,328.02","11,425.49","11,281.56","11,369.38",150.24M
11/23/2021,"11,127.25","11,302.18","11,036.61","11,256.52",184.89M
11/22/2021,"11,457.98","11,514.12","11,149.32","11,171.76",206.07M
11/21/2021,"11,640.63","11,641.56","11,417.58","11,485.94",161.49M
11/18/2021,"11,814.19","11,839.30","11,700.78","11,710.45",144.06M
11/17/2021,"11,805.93","11,850.57","11,778.88","11,833.54",143.33M
11/16/2021,"11,839.63","11,859.67","11,752.43","11,827.48",159.59M
11/15/2021,"11,903.08","11,920.15","11,836.58","11,836.58",170.20M
11/14/2021,"11,928.49","11,936.00","11,883.74","11,913.05",115.99M
11/11/2021,"11,855.57","11,914.13","11,841.94","11,898.94",131.89M
11/10/2021,"11,751.22","11,863.19","11,741.23","11,857.51",151.15M
11/09/2021,"11,856.67","11,872.28","11,753.18","11,753.18",181.47M
11/08/2021,"11,849.82","11,912.44","11,794.09","11,846.53",191.61M
11/07/2021,"11,785.15","11,843.27","11,755.86","11,841.60",140.86M
11/04/2021,"11,674.99","11,752.23","11,636.34","11,752.23",130.22M
11/03/2021,"11,750.75","11,758.64","11,627.38","11,685.66",156.97M
11/02/2021,"11,726.19","11,789.21","11,724.45","11,752.12",130.70M
11/01/2021,"11,708.62","11,759.74","11,695.97","11,722.95",129.59M
10/31/2021,"11,757.16","11,807.27","11,699.36","11,704.14",153.68M
10/28/2021,"11,745.50","11,783.00","11,671.08","11,758.82",185.91M
10/27/2021,"11,851.68","11,886.26","11,779.29","11,807.79",174.45M
10/26/2021,"11,890.40","11,922.07","11,846.69","11,846.69",156.85M
10/25/2021,"11,845.93","11,898.66","11,783.48","11,889.84",178.92M
10/24/2021,"11,950.65","11,954.88","11,832.90","11,848.05",221.43M
10/21/2021,"11,919.29","11,939.58","11,877.53","11,939.58",202.42M
10/20/2021,"11,822.56","11,903.74","11,810.26","11,903.74",189.75M
10/19/2021,"11,781.66","11,836.30","11,744.66","11,792.54",198.61M
10/18/2021,"11,759.13","11,774.78","11,707.94","11,758.02",193.49M
10/17/2021,"11,748.27","11,782.79","11,741.11","11,773.36",218.21M
10/14/2021,"11,641.39","11,699.11","11,636.99","11,699.11",194.66M
10/13/2021,"11,539.14","11,624.98","11,531.96","11,624.98",172.52M
10/12/2021,"11,559.14","11,568.89","11,485.92","11,542.88",213.59M
10/11/2021,"11,571.51","11,590.24","11,330.63","11,512.11",261.10M
10/10/2021,"11,602.39","11,675.48","11,502.08","11,566.02",205.60M
10/07/2021,"11,585.34","11,629.35","11,544.45","11,591.33",167.67M
10/06/2021,"11,577.36","11,654.98","11,538.45","11,571.88",219.52M
10/05/2021,"11,471.08","11,573.13","11,470.70","11,555.53",198.93M
10/04/2021,"11,448.40","11,514.99","11,421.53","11,466.91",198.02M
10/03/2021,"11,494.11","11,497.74","11,428.09","11,453.25",182.58M
09/30/2021,"11,388.12","11,495.76","11,379.61","11,495.76",181.90M
09/29/2021,"11,363.01","11,390.53","11,331.35","11,383.65",181.26M
09/28/2021,"11,383.72","11,444.20","11,355.83","11,382.41",263.19M
09/27/2021,"11,366.55","11,391.32","11,333.48","11,369.09",238.15M
09/26/2021,"11,342.94","11,370.83","11,323.12","11,352.86",169.40M
09/22/2021,"11,311.15","11,345.43","11,270.57","11,270.57",140.81M
09/21/2021,"11,284.49","11,354.53","11,239.29","11,315.81",176.89M
09/20/2021,"11,370.58","11,372.66","11,293.66","11,328.33",183.13M
09/19/2021,"11,424.20","11,434.98","11,371.22","11,397.84",184.05M
09/16/2021,"11,409.92","11,435.57","11,378.08","11,422.11",223.09M
09/15/2021,"11,382.46","11,414.58","11,358.61","11,410.98",176.40M
09/14/2021,"11,394.42","11,418.70","11,357.22","11,373.18",180.28M
09/13/2021,"11,343.27","11,386.38","11,294.72","11,386.38",182.78M
09/12/2021,"11,424.40","11,428.09","11,325.60","11,342.85",159.47M
09/09/2021,"11,446.05","11,450.78","11,397.65","11,417.79",181.57M
09/08/2021,"11,425.54","11,455.65","11,408.30","11,455.65",174.31M
09/07/2021,"11,416.58","11,458.68","11,402.92","11,414.34",192.92M
09/06/2021,"11,336.74","11,407.91","11,332.93","11,407.91",195.90M
09/05/2021,"11,324.38","11,346.87","11,315.71","11,335.92",192.65M
09/02/2021,"11,300.76","11,324.09","11,285.01","11,319.87",175.08M
09/01/2021,"11,315.66","11,327.88","11,292.74","11,310.54",166.58M
08/31/2021,"11,253.82","11,319.24","11,251.63","11,319.24",224.83M
08/30/2021,"11,195.48","11,255.05","11,169.83","11,255.05",153.93M
08/29/2021,"11,141.95","11,180.19","11,138.77","11,180.19",138.49M
08/26/2021,"11,169.27","11,169.54","11,104.03","11,128.59",118.04M
08/25/2021,"11,153.24","11,183.11","11,103.23","11,156.63",139.78M
08/24/2021,"11,092.11","11,141.03","11,057.57","11,141.03",133.77M
08/23/2021,"11,090.76","11,179.24","11,032.67","11,062.99",160.58M
08/22/2021,"11,191.11","11,213.56","11,049.05","11,076.55",150.36M
08/19/2021,"11,305.12","11,305.22","11,164.89","11,201.64",196.94M
08/18/2021,"11,391.31","11,402.65","11,308.31","11,344.94",143.80M
08/17/2021,"11,310.09","11,392.83","11,270.85","11,392.83",167.30M
08/16/2021,"11,341.49","11,384.89","11,312.08","11,321.85",171.47M
08/15/2021,"11,314.71","11,354.22","11,295.43","11,351.63",165.02M
08/12/2021,"11,326.86","11,391.58","11,270.50","11,323.70",220.67M
08/11/2021,"11,299.41","11,348.66","11,292.19","11,325.10",206.42M
08/10/2021,"11,200.80","11,299.87","11,198.33","11,299.87",189.87M
08/09/2021,"11,215.37","11,225.30","11,174.61","11,197.97",225.56M
08/08/2021,"11,202.59","11,235.41","11,191.77","11,215.33",205.47M
08/05/2021,"11,155.34","11,209.42","11,066.77","11,209.42",213.78M
08/04/2021,"11,206.21","11,210.54","11,128.71","11,162.38",207.79M
08/03/2021,"11,151.66","11,208.76","11,123.50","11,208.76",247.57M
08/02/2021,"11,091.66","11,157.02","11,091.66","11,157.02",265.06M
08/01/2021,"11,041.85","11,100.03","11,033.71","11,066.93",252.17M
07/29/2021,"10,939.51","11,012.71","10,921.11","11,012.71",208.60M
07/28/2021,"10,911.05","10,948.81","10,905.02","10,933.73",205.67M
07/27/2021,"10,899.75","10,927.70","10,887.34","10,916.67",223.38M
07/26/2021,"10,920.55","10,923.11","10,841.99","10,897.87",223.77M
07/25/2021,"10,867.22","10,955.97","10,867.22","10,876.36",216.68M
07/15/2021,"10,792.03","10,873.82","10,782.74","10,794.51",236.23M
07/14/2021,"10,734.27","10,802.04","10,721.09","10,778.07",199.00M
07/13/2021,"10,707.60","10,767.84","10,690.68","10,735.85",192.04M
07/12/2021,"10,670.05","10,766.35","10,589.38","10,698.54",245.17M
07/11/2021,"10,871.24","10,883.32","10,659.12","10,688.34",248.87M
07/08/2021,"10,946.67","10,946.78","10,814.90","10,825.01",304.56M
07/07/2021,"10,953.35","10,967.35","10,904.90","10,958.55",277.04M
07/06/2021,"11,002.77","11,020.99","10,971.21","10,971.21",285.68M
07/05/2021,"11,031.33","11,043.25","10,955.75","11,001.03",381.63M
07/04/2021,"10,993.75","11,063.86","10,993.59","11,031.73",364.68M
07/01/2021,"10,987.13","11,006.66","10,968.11","10,979.05",352.20M
06/30/2021,"11,002.74","11,009.70","10,940.44","10,984.15",374.66M
06/29/2021,"10,963.93","10,996.38","10,934.73","10,996.38",366.37M
06/28/2021,"10,981.20","10,985.79","10,939.69","10,957.07",373.94M
06/27/2021,"10,926.64","10,990.14","10,925.30","10,966.71",429.81M
06/24/2021,"10,913.06","10,932.73","10,895.66","10,919.68",390.34M
06/23/2021,"10,922.57","10,935.89","10,881.28","10,894.20",474.87M
06/22/2021,"10,874.08","10,916.90","10,873.95","10,891.64",345.73M
06/21/2021,"10,777.96","10,872.90","10,745.92","10,859.18",328.09M
06/20/2021,"10,858.15","10,863.73","10,770.63","10,790.75",342.02M
06/17/2021,"10,862.49","10,894.61","10,847.31","10,853.12",419.03M
06/16/2021,"10,848.73","10,870.13","10,811.08","10,855.95",264.27M
06/15/2021,"10,918.19","10,932.82","10,816.73","10,831.38",370.35M
06/14/2021,"10,908.89","10,989.61","10,844.63","10,913.56",426.15M
06/13/2021,"10,825.72","10,903.42","10,816.87","10,897.47",382.23M
06/10/2021,"10,796.99","10,839.24","10,780.47","10,796.33",387.08M
06/09/2021,"10,749.78","10,790.24","10,746.95","10,790.24",431.16M
06/08/2021,"10,719.30","10,753.71","10,599.15","10,735.39",512.09M
06/07/2021,"10,689.92","10,719.85","10,681.94","10,719.85",418.63M
06/06/2021,"10,705.47","10,743.26","10,676.95","10,685.45",441.91M
06/03/2021,"10,657.78","10,700.84","10,648.23","10,698.30",412.52M
06/02/2021,"10,617.28","10,680.20","10,610.29","10,656.81",267.44M
06/01/2021,"10,560.85","10,644.34","10,552.67","10,597.42",499.94M
05/31/2021,"10,561.46","10,569.50","10,514.97","10,551.23",464.24M
05/30/2021,"10,529.76","10,571.98","10,519.24","10,547.67",408.59M
05/27/2021,"10,472.41","10,519.52","10,461.53","10,519.52",382.97M
05/26/2021,"10,452.61","10,490.16","10,447.57","10,471.55",302.15M
05/25/2021,"10,332.21","10,448.00","10,331.98","10,448.00",319.70M
05/24/2021,"10,349.07","10,375.53","10,318.51","10,318.51",382.71M
05/23/2021,"10,352.67","10,367.67","10,307.83","10,343.86",356.68M
05/20/2021,"10,369.58","10,381.15","10,313.11","10,339.85",297.88M
05/19/2021,"10,427.04","10,431.19","10,360.29","10,372.54",263.02M
05/18/2021,"10,424.23","10,492.97","10,401.38","10,423.51",317.84M
05/17/2021,"10,332.98","10,413.19","10,318.47","10,396.44",298.20M
05/10/2021,"10,235.72","10,322.68","10,233.15","10,322.68",222.05M
05/09/2021,"10,244.86","10,273.28","10,209.91","10,228.19",172.40M
05/06/2021,"10,254.88","10,258.27","10,170.53","10,228.35",245.64M
05/05/2021,"10,324.70","10,332.38","10,252.15","10,252.15",241.25M
05/04/2021,"10,320.96","10,354.03","10,253.32","10,318.94",238.91M
05/03/2021,"10,381.40","10,386.34","10,309.37","10,309.37",270.27M
05/02/2021,"10,406.06","10,416.48","10,330.72","10,365.51",321.05M
04/29/2021,"10,493.64","10,503.33","10,382.49","10,418.98",356.29M
04/28/2021,"10,328.49","10,540.17","10,308.60","10,531.22",457.40M
04/27/2021,"10,226.35","10,267.17","10,205.03","10,267.17",359.50M
04/26/2021,"10,155.11","10,231.06","10,139.97","10,231.06",309.56M
04/25/2021,"10,139.08","10,173.30","10,128.99","10,142.48",275.14M
04/22/2021,"10,109.59","10,136.66","10,092.22","10,134.08",260.56M
04/21/2021,"10,127.94","10,142.16","10,095.36","10,095.36",251.78M
04/20/2021,"10,097.01","10,125.57","10,086.86","10,116.98",345.98M
04/19/2021,"10,062.16","10,097.65","10,007.38","10,097.65",338.52M
04/18/2021,"10,009.61","10,065.05","10,006.10","10,048.70",237.44M
04/15/2021,"9,863.29","9,987.92","9,862.29","9,987.92",225.51M
04/14/2021,"9,820.03","9,847.62","9,767.01","9,847.62",202.95M
04/13/2021,"9,911.53","9,922.00","9,838.28","9,838.28",254.23M
04/12/2021,"9,927.02","9,929.65","9,846.57","9,907.62",285.60M
04/11/2021,"10,010.59","10,015.76","9,921.27","9,938.32",302.39M
04/08/2021,"10,011.35","10,039.23","9,977.15","10,012.13",282.44M
04/07/2021,"9,992.51","10,030.35","9,979.16","10,014.30",336.29M
04/06/2021,"9,965.18","9,995.84","9,958.93","9,988.98",396.76M
04/05/2021,"9,969.51","9,984.14","9,939.60","9,964.84",364.40M
04/04/2021,"9,891.10","9,986.16","9,862.77","9,962.77",373.20M
04/01/2021,"9,908.07","9,938.50","9,869.47","9,895.56",328.30M
03/31/2021,"9,810.52","9,909.64","9,762.37","9,907.82",507.95M
03/30/2021,"9,610.66","9,635.34","9,592.28","9,635.34",355.30M
03/29/2021,"9,496.36","9,615.63","9,492.07","9,615.63",314.74M
03/28/2021,"9,438.60","9,508.20","9,422.91","9,482.95",252.81M
03/25/2021,"9,463.52","9,495.43","9,417.71","9,417.71",253.31M
03/24/2021,"9,462.58","9,498.71","9,430.66","9,464.08",290.92M
03/23/2021,"9,546.12","9,571.88","9,489.63","9,489.63",376.55M
03/22/2021,"9,500.56","9,565.69","9,466.84","9,547.42",344.72M
03/21/2021,"9,462.19","9,508.42","9,454.25","9,498.85",289.28M
03/18/2021,"9,604.45","9,624.14","9,485.96","9,485.96",355.78M
03/17/2021,"9,666.49","9,673.57","9,566.66","9,602.26",472.28M
03/16/2021,"9,640.31","9,698.68","9,619.71","9,660.27",727.29M
03/15/2021,"9,678.50","9,678.70","9,610.72","9,645.74",508.45M
03/14/2021,"9,611.32","9,666.58","9,611.32","9,664.61",450.29M
03/11/2021,"9,605.62","9,639.88","9,549.62","9,587.79",455.91M
03/10/2021,"9,486.59","9,617.31","9,486.09","9,595.45",536.31M
03/09/2021,"9,381.64","9,487.65","9,380.74","9,473.20",571.87M
03/08/2021,"9,353.07","9,397.17","9,320.35","9,374.37",582.33M
03/07/2021,"9,320.56","9,375.35","9,320.19","9,351.08",572.99M
03/04/2021,"9,311.16","9,311.92","9,242.28","9,242.28",507.27M
03/03/2021,"9,267.84","9,314.75","9,257.27","9,310.28",531.20M
03/02/2021,"9,159.46","9,266.99","9,158.98","9,248.28",570.40M
03/01/2021,"9,161.80","9,222.98","9,132.03","9,138.37",497.68M
02/28/2021,"9,115.61","9,198.65","9,099.14","9,144.99",408.62M
02/25/2021,"9,161.60","9,263.16","9,161.14","9,194.92",449.56M
02/24/2021,"9,166.81","9,217.03","9,078.54","9,115.76",545.87M
02/23/2021,"9,096.86","9,177.91","9,095.43","9,151.71",465.77M
02/22/2021,"9,090.13","9,114.01","9,064.02","9,077.62",382.52M
02/21/2021,"9,067.92","9,108.32","9,061.80","9,085.97",313.22M
02/18/2021,"9,084.31","9,118.23","9,024.23","9,024.23",382.32M
02/17/2021,"9,101.96","9,134.41","9,058.28","9,084.31",489.11M
02/16/2021,"9,081.78","9,117.63","9,027.34","9,101.96",480.10M
02/15/2021,"9,035.53","9,142.21","9,054.76","9,081.78",386.14M
02/14/2021,"8,943.85","9,047.70","8,956.49","9,035.53",324.15M
02/11/2021,"8,901.63","8,943.85","8,891.48","8,943.85",292.08M
02/10/2021,"8,892.92","8,972.26","8,889.92","8,901.63",304.66M
02/09/2021,"8,809.34","8,918.16","8,825.72","8,892.92",313.30M
02/08/2021,"8,687.93","8,822.20","8,692.74","8,809.34",276.19M
02/07/2021,"8,617.87","8,719.62","8,619.72","8,687.93",200.02M
02/04/2021,"8,542.55","8,626.29","8,464.47","8,617.87",233.52M
02/03/2021,"8,618.57","8,622.71","8,542.55","8,542.55",230.93M
02/02/2021,"8,648.43","8,714.79","8,611.06","8,618.57",206.58M
02/01/2021,"8,702.55","8,755.98","8,648.43","8,648.43",218.64M
01/31/2021,"8,807.02","8,781.46","8,677.51","8,702.55",251.18M
01/28/2021,"8,784.12","8,816.76","8,739.40","8,807.02",177.80M
01/27/2021,"8,789.87","8,820.48","8,784.12","8,784.12",142.29M
01/26/2021,"8,846.95","8,844.73","8,789.87","8,789.87",160.05M
01/25/2021,"8,829.52","8,872.71","8,837.69","8,846.95",169.00M
01/24/2021,"8,876.49","8,886.02","8,819.56","8,829.52",188.99M
01/21/2021,"8,878.30","8,909.86","8,876.49","8,876.49",183.09M
01/20/2021,"8,901.87","8,916.39","8,878.30","8,878.30",206.20M
01/19/2021,"8,931.29","8,955.44","8,901.87","8,901.87",229.89M
01/18/2021,"8,874.90","8,931.29","8,853.89","8,931.29",332.27M
01/17/2021,"8,898.68","8,901.48","8,866.66","8,874.90",242.17M
01/14/2021,"8,914.29","8,912.78","8,873.42","8,898.68",222.48M
01/13/2021,"8,884.46","8,914.29","8,880.91","8,914.29",257.00M
01/12/2021,"8,869.47","8,884.46","8,854.34","8,884.46",221.95M
01/11/2021,"8,817.05","8,869.47","8,804.26","8,869.47",301.60M
01/10/2021,"8,737.20","8,841.22","8,768.89","8,817.05",280.20M
01/07/2021,"8,670.80","8,737.20","8,659.60","8,737.20",256.25M
01/06/2021,"8,682.11","8,692.90","8,664.94","8,670.80",198.22M
01/05/2021,"8,667.66","8,695.23","8,632.67","8,682.11",220.96M
01/04/2021,"8,612.82","8,670.77","8,621.55","8,667.66",245.61M
01/03/2021,"8,689.53","8,698.34","8,600.56","8,612.82",264.78M
12/31/2020,"8,760.08","8,755.49","8,689.53","8,689.53",210.65M
12/30/2020,"8,746.76","8,760.08","8,718.17","8,760.08",247.09M
12/29/2020,"8,715.38","8,746.76","8,692.25","8,746.76",282.54M
12/28/2020,"8,740.66","8,750.53","8,709.62","8,715.38",326.68M
12/27/2020,"8,702.68","8,751.97","8,707.61","8,740.66",396.77M
12/24/2020,"8,720.67","8,733.10","8,678.80","8,702.68",365.22M
12/23/2020,"8,680.45","8,730.70","8,648.44","8,720.67",367.34M
12/22/2020,"8,538.68","8,680.45","8,527.39","8,680.45",349.39M
12/21/2020,"8,686.89","8,585.99","8,464.32","8,538.68",482.15M
12/20/2020,"8,711.58","8,761.84","8,684.42","8,686.89",365.92M
12/17/2020,"8,721.18","8,765.80","8,711.58","8,711.58",424.72M
12/16/2020,"8,659.37","8,721.18","8,673.84","8,721.18",372.83M
12/15/2020,"8,660.31","8,699.62","8,649.13","8,659.37",347.10M
12/14/2020,"8,644.47","8,660.31","8,632.52","8,660.31",315.50M
12/13/2020,"8,643.97","8,680.98","8,633.77","8,644.47",321.96M
12/10/2020,"8,660.21","8,667.98","8,637.23","8,643.97",338.73M
12/09/2020,"8,612.13","8,663.86","8,613.57","8,660.21",367.76M
12/08/2020,"8,633.38","8,636.37","8,584.49","8,612.13",391.85M
12/07/2020,"8,581.68","8,633.38","8,536.92","8,633.38",369.44M
12/06/2020,"8,674.97","8,703.33","8,580.92","8,581.68",376.34M
12/03/2020,"8,694.13","8,691.96","8,638.27","8,674.97",352.91M
12/02/2020,"8,722.12","8,720.33","8,658.75","8,694.13",357.24M
12/01/2020,"8,747.09","8,731.36","8,692.59","8,722.12",649.87M
11/30/2020,"8,708.59","8,747.09","8,660.72","8,747.09",505.90M
11/29/2020,"8,693.47","8,730.54","8,694.84","8,708.59",444.73M
11/26/2020,"8,628.06","8,693.47","8,608.45","8,693.47",487.46M
11/25/2020,"8,636.14","8,721.45","8,667.60","8,688.76",533.91M
11/24/2020,"8,610.84","8,675.36","8,618.84","8,636.14",496.53M
11/23/2020,"8,588.17","8,623.69","8,547.51","8,610.84",483.85M
11/22/2020,"8,578.42","8,629.18","8,580.83","8,588.17",452.25M
11/19/2020,"8,621.19","8,616.23","8,571.47","8,578.42",429.89M
11/18/2020,"8,572.73","8,621.19","8,548.28","8,621.19",529.22M
11/17/2020,"8,526.64","8,582.48","8,534.19","8,572.73",551.70M
11/16/2020,"8,501.58","8,526.64","8,458.45","8,526.64",507.40M
11/15/2020,"8,434.90","8,507.67","8,454.27","8,501.58",456.27M
11/12/2020,"8,449.66","8,449.94","8,409.17","8,434.90",346.24M
11/11/2020,"8,405.04","8,453.01","8,376.97","8,449.66",407.55M
11/10/2020,"8,366.46","8,510.68","8,326.01","8,405.04",618.92M
11/09/2020,"8,160.35","8,366.46","8,178.33","8,366.46",440.96M
11/08/2020,"8,089.15","8,160.35","8,065.27","8,160.35",287.36M
11/05/2020,"8,088.73","8,091.58","8,029.84","8,089.15",262.88M
11/04/2020,"7,998.59","8,118.73","8,046.48","8,088.73",319.79M
11/03/2020,"8,021.02","8,082.83","7,998.59","7,998.59",291.33M
11/02/2020,"7,864.78","8,032.99","7,874.30","8,021.02",305.73M
11/01/2020,"7,907.72","7,920.53","7,842.69","7,864.78",229.68M
10/29/2020,"8,123.05","8,039.41","7,907.72","7,907.72",356.35M
10/28/2020,"8,198.90","8,223.60","8,113.19","8,123.05",319.83M
10/27/2020,"8,155.31","8,198.90","8,101.02","8,198.90",318.75M
10/26/2020,"8,154.59","8,267.09","8,020.41","8,155.31",498.72M
10/25/2020,"8,505.18","8,487.49","8,154.59","8,154.59",364.10M
10/22/2020,"8,496.85","8,505.18","8,439.43","8,505.18",324.88M
10/21/2020,"8,533.00","8,567.30","8,496.85","8,496.85",372.73M
10/20/2020,"8,547.61","8,533.00","8,466.28","8,533.00",440.55M
10/19/2020,"8,560.81","8,581.55","8,531.23","8,547.61",377.31M
10/18/2020,"8,553.79","8,598.58","8,546.84","8,560.81",415.13M
10/15/2020,"8,592.10","8,593.62","8,516.64","8,553.79",533.11M
10/14/2020,"8,601.07","8,613.77","8,577.13","8,592.10",543.23M
10/13/2020,"8,544.94","8,614.50","8,533.30","8,601.07",477.83M
10/12/2020,"8,513.26","8,548.52","8,481.29","8,544.94",479.30M
10/11/2020,"8,412.55","8,513.97","8,436.83","8,513.26",454.64M
10/08/2020,"8,358.79","8,420.14","8,349.61","8,412.55",436.52M
10/07/2020,"8,369.33","8,381.18","8,338.31","8,358.79",431.48M
10/06/2020,"8,257.67","8,369.33","8,249.48","8,369.33",482.53M
10/05/2020,"8,177.76","8,257.67","8,095.88","8,257.67",505.84M
10/04/2020,"8,295.05","8,287.97","8,177.76","8,177.76",496.82M
10/01/2020,"8,299.08","8,340.31","8,263.37","8,295.05",712.34M
09/30/2020,"8,284.34","8,312.54","8,272.59","8,299.08",542.69M
09/29/2020,"8,334.65","8,360.93","8,284.34","8,284.34",627.75M
09/28/2020,"8,293.62","8,373.34","8,313.04","8,334.65",672.46M
09/27/2020,"8,236.17","8,302.50","8,244.56","8,293.62",560.80M
09/24/2020,"8,244.82","8,265.33","8,199.48","8,236.17",407.32M
09/22/2020,"8,291.35","8,287.44","8,213.14","8,244.82",407.81M
09/21/2020,"8,364.61","8,390.25","8,291.35","8,291.35",512.40M
09/20/2020,"8,337.88","8,376.83","8,332.59","8,364.61",439.64M
09/17/2020,"8,311.21","8,339.29","8,279.64","8,337.88",519.54M
09/16/2020,"8,321.74","8,377.97","8,290.20","8,311.21",593.96M
09/15/2020,"8,256.07","8,328.53","8,252.09","8,321.74",613.21M
09/14/2020,"8,203.57","8,265.53","8,140.16","8,256.07",782.26M
09/13/2020,"8,135.16","8,206.00","8,157.22","8,203.57",516.12M
09/10/2020,"8,079.74","8,151.61","8,090.21","8,135.16",543.59M
09/09/2020,"8,089.54","8,079.74","8,022.46","8,079.74",508.05M
09/08/2020,"8,050.14","8,103.94","8,054.74","8,089.54",529.05M
09/07/2020,"8,024.62","8,066.24","8,026.06","8,050.14",433.54M
09/06/2020,"8,045.09","8,034.54","7,977.37","8,024.62",401.63M
09/03/2020,"8,013.44","8,053.71","8,001.43","8,045.09",564.10M
09/02/2020,"7,898.86","8,013.44","7,861.61","8,013.44",497.72M
09/01/2020,"7,940.70","7,995.55","7,898.86","7,898.86",514.15M
08/31/2020,"7,983.82","8,017.28","7,940.70","7,940.70",546.49M
08/30/2020,"7,934.43","7,984.27","7,929.61","7,983.82",369.58M
08/27/2020,"7,955.04","7,977.04","7,924.68","7,934.43",420.28M
08/26/2020,"7,938.36","7,955.04","7,908.01","7,955.04",388.65M
08/25/2020,"7,957.38","7,995.71","7,938.36","7,938.36",393.94M
08/24/2020,"7,901.93","7,957.38","7,892.48","7,957.38",396.87M
08/23/2020,"7,842.84","7,901.93","7,848.70","7,901.93",364.92M
08/20/2020,"7,853.05","7,848.30","7,812.27","7,842.84",299.45M
08/19/2020,"7,853.57","7,890.79","7,842.15","7,853.05",388.12M
08/18/2020,"7,757.26","7,853.57","7,734.22","7,853.57",328.38M
08/17/2020,"7,759.48","7,800.91","7,700.90","7,757.26",407.84M
08/16/2020,"7,704.25","7,760.35","7,716.02","7,759.48",312.37M
08/13/2020,"7,645.55","7,708.78","7,652.35","7,704.25",339.68M
08/12/2020,"7,626.23","7,646.51","7,601.67","7,645.55",312.72M
08/11/2020,"7,535.96","7,626.23","7,536.34","7,626.23",386.55M
08/10/2020,"7,530.31","7,545.31","7,517.30","7,535.96",297.46M
08/09/2020,"7,499.97","7,533.86","7,490.80","7,530.31",282.12M
08/06/2020,"7,470.26","7,518.13","7,486.39","7,499.97",242.26M
08/05/2020,"7,459.21","7,505.22","7,459.77","7,470.26",229.08M
07/28/2020,"7,455.74","7,459.26","7,437.54","7,459.21",201.69M
07/27/2020,"7,434.05","7,463.16","7,423.95","7,455.74",186.59M
07/26/2020,"7,426.78","7,444.21","7,403.78","7,434.05",223.26M
07/23/2020,"7,427.89","7,430.47","7,406.71","7,426.78",232.58M
07/22/2020,"7,417.26","7,436.03","7,411.93","7,427.89",320.82M
07/21/2020,"7,377.36","7,417.26","7,373.83","7,417.26",328.00M
07/20/2020,"7,423.23","7,409.89","7,257.16","7,377.36",419.03M
07/19/2020,"7,426.76","7,449.29","7,417.46","7,423.23",273.94M
07/16/2020,"7,418.04","7,439.32","7,416.85","7,426.76",272.74M
07/15/2020,"7,380.35","7,418.04","7,383.01","7,418.04",269.85M
07/14/2020,"7,412.21","7,410.09","7,357.00","7,380.35",267.92M
07/13/2020,"7,431.58","7,443.47","7,406.01","7,412.21",341.35M
07/12/2020,"7,416.67","7,453.52","7,425.33","7,431.58",303.43M
07/09/2020,"7,394.26","7,439.73","7,405.27","7,416.67",314.26M
07/08/2020,"7,400.53","7,415.52","7,391.47","7,394.26",317.68M
07/07/2020,"7,390.59","7,427.42","7,391.17","7,400.53",267.13M
07/06/2020,"7,388.49","7,424.79","7,375.01","7,390.59",395.53M
07/05/2020,"7,312.24","7,388.67","7,329.71","7,388.49",303.52M
07/02/2020,"7,253.33","7,312.24","7,271.41","7,312.24",211.10M
07/01/2020,"7,224.09","7,283.68","7,213.99","7,253.33",215.52M
06/30/2020,"7,287.41","7,328.28","7,224.09","7,224.09",315.09M
06/29/2020,"7,292.62","7,307.54","7,269.49","7,287.41",326.47M
06/28/2020,"7,232.34","7,298.86","7,259.66","7,292.62",217.66M
06/25/2020,"7,213.36","7,244.35","7,155.32","7,232.34",223.50M
06/24/2020,"7,265.08","7,272.55","7,196.69","7,213.36",246.31M
06/23/2020,"7,260.09","7,276.70","7,218.63","7,265.08",217.19M
06/22/2020,"7,345.88","7,342.07","7,244.51","7,260.09",265.53M
06/21/2020,"7,355.66","7,381.98","7,343.93","7,345.88",255.00M
06/18/2020,"7,309.67","7,355.66","7,293.39","7,355.66",398.58M
06/17/2020,"7,308.21","7,355.14","7,291.95","7,309.67",331.25M
06/16/2020,"7,263.65","7,358.16","7,284.40","7,308.21",351.33M
06/15/2020,"7,292.54","7,272.18","7,229.17","7,263.65",296.98M
06/14/2020,"7,309.80","7,306.50","7,252.78","7,292.54",2.35B
06/11/2020,"7,328.09","7,309.80","7,254.85","7,309.80",259.73M
06/10/2020,"7,329.38","7,339.29","7,287.17","7,328.09",264.53M
06/09/2020,"7,300.48","7,329.38","7,277.88","7,329.38",264.66M
06/08/2020,"7,267.86","7,306.43","7,247.47","7,300.48",275.32M
06/07/2020,"7,207.78","7,277.70","7,233.67","7,267.86",225.87M
06/04/2020,"7,222.41","7,207.78","7,129.25","7,207.78",234.18M
06/03/2020,"7,285.23","7,311.85","7,202.39","7,222.41",286.85M
06/02/2020,"7,288.81","7,321.36","7,277.63","7,285.23",343.52M
06/01/2020,"7,213.03","7,288.81","7,202.14","7,288.81",349.59M
05/31/2020,"7,050.66","7,338.96","7,149.71","7,213.03",307.44M
05/21/2020,"7,050.17","7,084.00","7,037.81","7,050.66",274.85M
05/20/2020,"7,044.56","7,073.50","7,014.65","7,050.17",190.72M
05/19/2020,"6,921.15","7,057.61","6,961.79","7,044.56",242.30M
05/18/2020,"6,824.70","6,944.16","6,862.50","6,921.15",230.18M
05/17/2020,"6,716.98","6,825.47","6,778.75","6,824.70",198.54M
05/14/2020,"6,721.24","6,731.82","6,680.75","6,716.98",158.06M
05/13/2020,"6,684.42","6,762.71","6,719.65","6,721.24",192.59M
05/12/2020,"6,603.96","6,724.78","6,622.86","6,684.42",222.87M
05/11/2020,"6,682.91","6,634.91","6,448.66","6,603.96",223.16M
05/10/2020,"6,628.53","6,706.51","6,658.13","6,682.91",148.05M
05/07/2020,"6,655.11","6,677.85","6,602.67","6,628.53",177.48M
05/06/2020,"6,710.51","6,810.46","6,655.11","6,655.11",223.46M
05/05/2020,"6,595.97","6,762.41","6,700.88","6,710.51",228.55M
05/04/2020,"6,585.58","6,672.83","6,492.53","6,595.97",252.06M
05/03/2020,"7,112.90","6,726.67","6,575.31","6,585.58",305.74M
04/30/2020,"6,985.33","7,112.90","7,024.98","7,112.90",300.44M
04/29/2020,"6,884.82","7,013.95","6,898.68","6,985.33",271.51M
04/28/2020,"6,827.80","6,884.82","6,809.36","6,884.82",233.88M
04/27/2020,"6,838.67","6,899.32","6,813.67","6,827.80",268.82M
04/26/2020,"6,604.90","6,843.59","6,698.51","6,838.67",234.07M
04/23/2020,"6,541.47","6,640.64","6,587.31","6,604.90",201.61M
04/22/2020,"6,496.72","6,564.00","6,444.71","6,541.47",199.49M
04/21/2020,"6,601.07","6,554.60","6,454.93","6,496.72",189.54M
04/20/2020,"6,678.44","6,665.35","6,576.20","6,601.07",152.06M
04/19/2020,"6,631.69","6,712.47","6,652.98","6,678.44",140.65M
04/16/2020,"6,813.67","6,806.35","6,631.69","6,631.69",162.60M
04/15/2020,"6,874.64","6,913.88","6,804.97","6,813.67",176.55M
04/14/2020,"6,804.54","6,874.64","6,791.82","6,874.64",175.01M
04/13/2020,"6,865.74","6,914.17","6,804.54","6,804.54",169.32M
04/12/2020,"7,006.24","7,012.51","6,855.85","6,865.74",195.00M
04/09/2020,"6,999.34","7,073.95","6,988.96","7,006.24",239.31M
04/08/2020,"6,986.40","6,999.34","6,926.61","6,999.34",238.61M
04/07/2020,"6,860.92","6,986.40","6,854.15","6,986.40",262.77M
04/06/2020,"6,752.19","6,860.92","6,731.47","6,860.92",212.84M
04/05/2020,"6,749.69","6,881.39","6,738.70","6,752.19",278.74M
04/02/2020,"6,569.39","6,749.69","6,600.57","6,749.69",262.64M
04/01/2020,"6,505.35","6,569.39","6,479.28","6,569.39",170.89M
03/31/2020,"6,373.29","6,529.26","6,396.27","6,505.35",219.73M
03/30/2020,"6,376.62","6,404.41","6,354.35","6,373.29",164.72M
03/29/2020,"6,326.92","6,385.94","6,260.45","6,376.62",161.30M
03/26/2020,"6,208.65","6,326.92","6,254.81","6,326.92",146.67M
03/25/2020,"6,193.66","6,401.82","6,171.91","6,208.65",330.44M
03/24/2020,"5,990.23","6,213.22","6,095.29","6,193.66",204.97M
03/23/2020,"6,171.91","6,173.11","5,974.78","5,990.23",190.44M
03/22/2020,"6,267.56","6,284.40","6,159.21","6,171.91",165.16M
03/19/2020,"6,154.85","6,347.89","6,105.16","6,267.56",359.73M
03/18/2020,"6,107.05","6,235.30","6,097.61","6,154.85",226.12M
03/17/2020,"5,959.69","6,182.01","5,971.61","6,107.05",258.60M
03/16/2020,"6,287.36","6,184.37","5,959.69","5,959.69",253.77M
03/15/2020,"6,357.06","6,497.71","6,287.36","6,287.36",211.46M
03/12/2020,"6,552.49","6,456.65","6,178.07","6,357.06",255.98M
03/11/2020,"6,762.03","6,828.11","6,492.32","6,552.49",282.57M
03/10/2020,"6,315.51","6,779.43","6,486.95","6,762.03",345.46M
03/09/2020,"6,846.36","6,461.50","6,196.98","6,315.51",283.91M
03/08/2020,"7,467.52","7,027.98","6,835.33","6,846.36",295.73M
03/05/2020,"7,524.50","7,571.19","7,457.62","7,467.52",145.77M
03/04/2020,"7,556.52","7,531.43","7,416.59","7,524.50",174.56M
03/03/2020,"7,349.19","7,561.31","7,475.49","7,556.52",171.03M
03/02/2020,"7,345.10","7,561.90","7,349.19","7,349.19",198.26M
03/01/2020,"7,628.34","7,461.16","7,314.88","7,345.10",184.11M
02/27/2020,"7,711.12","7,678.51","7,561.50","7,628.34",179.73M
02/26/2020,"7,758.15","7,729.36","7,655.84","7,711.12",157.35M
02/25/2020,"7,747.10","7,776.30","7,687.54","7,758.15",143.73M
02/24/2020,"7,982.95","7,965.56","7,745.51","7,747.10",181.57M
02/23/2020,"8,007.39","8,015.03","7,953.81","7,982.95",122.26M
02/20/2020,"7,967.60","8,031.02","7,975.18","8,007.39",147.73M
02/19/2020,"7,858.93","7,967.60","7,862.47","7,967.60",111.91M
02/18/2020,"7,872.55","7,877.64","7,845.24","7,858.93",96.87M
02/17/2020,"7,836.96","7,895.61","7,843.56","7,872.55",99.23M
02/16/2020,"7,874.41","7,886.89","7,819.31","7,836.96",121.36M
02/13/2020,"7,915.36","7,937.53","7,839.47","7,874.41",188.56M
02/12/2020,"7,895.64","7,923.06","7,876.81","7,915.36",148.13M
02/11/2020,"7,971.93","7,956.38","7,895.64","7,895.64",136.60M
02/10/2020,"7,952.52","7,979.68","7,919.58","7,971.93",120.65M
02/09/2020,"8,053.09","8,085.39","7,890.09","7,952.52",152.18M
02/06/2020,"8,094.36","8,123.87","8,036.52","8,053.09",171.72M
02/05/2020,"8,138.40","8,179.31","8,084.91","8,094.36",153.27M
02/04/2020,"8,112.69","8,149.08","8,120.95","8,138.40",148.54M
02/03/2020,"8,157.51","8,194.73","8,112.69","8,112.69",151.23M
02/02/2020,"8,246.59","8,187.98","8,138.62","8,157.51",157.67M
01/30/2020,"8,185.51","8,255.41","8,166.76","8,246.59",145.69M
01/29/2020,"8,166.08","8,216.66","8,156.42","8,185.51",143.04M
01/28/2020,"8,178.47","8,206.14","8,153.03","8,166.08",133.75M
01/27/2020,"8,326.97","8,335.20","8,178.47","8,178.47",174.69M
01/26/2020,"8,386.35","8,360.52","8,319.22","8,326.97",175.17M
01/23/2020,"8,428.21","8,412.60","8,356.32","8,386.35",181.02M
01/22/2020,"8,445.33","8,470.57","8,428.21","8,428.21",170.02M
01/21/2020,"8,469.71","8,465.72","8,431.01","8,445.33",174.82M
01/20/2020,"8,449.29","8,473.50","8,437.69","8,469.71",174.43M
01/19/2020,"8,459.80","8,490.38","8,441.55","8,449.29",158.06M
01/16/2020,"8,432.56","8,459.80","8,423.46","8,459.80",168.72M
01/15/2020,"8,474.81","8,480.85","8,432.56","8,432.56",217.03M
01/14/2020,"8,441.14","8,479.35","8,419.82","8,474.81",206.94M
01/13/2020,"8,371.13","8,455.24","8,370.12","8,441.14",189.62M
01/12/2020,"8,345.77","8,406.23","8,358.88","8,371.13",168.53M
01/09/2020,"8,124.11","8,345.77","8,226.28","8,345.77",183.50M
01/08/2020,"8,198.97","8,169.16","8,076.79","8,124.11",160.90M
01/07/2020,"8,206.13","8,269.31","8,181.94","8,198.97",143.52M
01/06/2020,"8,193.72","8,210.81","8,123.91","8,206.13",157.83M
01/05/2020,"8,397.01","8,305.33","8,189.95","8,193.72",175.92M
01/02/2020,"8,358.85","8,397.01","8,368.21","8,397.01",147.58M
01/01/2020,"8,389.23","8,389.86","8,354.95","8,358.85",146.53M
12/31/2019,"8,345.01","8,389.23","8,323.89","8,389.23",156.03M
12/30/2019,"8,411.94","8,419.75","8,345.01","8,345.01",179.16M
12/29/2019,"8,353.14","8,423.37","8,358.33","8,411.94",190.68M
12/26/2019,"8,342.79","8,370.23","8,316.75","8,353.14",155.85M
12/25/2019,"8,419.84","8,424.00","8,333.28","8,342.79",200.42M
12/24/2019,"8,416.39","8,439.75","8,389.19","8,419.84",222.34M
12/23/2019,"8,300.73","8,416.39","8,303.94","8,416.39",219.69M
12/22/2019,"8,291.39","8,300.73","8,272.77","8,300.73",173.49M
12/19/2019,"8,253.43","8,307.85","8,223.73","8,291.39",294.00M
12/18/2019,"8,197.39","8,267.72","8,169.96","8,253.43",243.30M
12/17/2019,"8,138.99","8,197.39","8,130.05","8,197.39",281.27M
12/16/2019,"8,049.50","8,211.73","8,056.76","8,138.99",234.28M
12/15/2019,"8,005.77","8,100.40","8,023.60","8,049.50",194.84M
12/12/2019,"8,133.72","8,161.05","8,005.77","8,005.77",540.68M
12/11/2019,"8,066.42","8,167.94","8,078.78","8,133.72",179.05M
12/10/2019,"8,120.01","8,132.86","8,066.42","8,066.42",107.85M
12/09/2019,"8,098.74","8,209.32","8,112.32","8,120.01",160.57M
12/08/2019,"7,905.51","8,114.20","7,907.58","8,098.74",129.82M
12/05/2019,"7,871.20","7,924.94","7,845.77","7,905.51",94.27M
12/04/2019,"7,883.03","7,885.72","7,808.54","7,871.20",102.35M
12/03/2019,"7,833.38","7,888.41","7,831.18","7,883.03",103.27M
12/02/2019,"7,901.93","7,916.51","7,827.66","7,833.38",80.78M
12/01/2019,"7,859.06","7,910.63","7,859.16","7,901.93",62.06M
11/28/2019,"7,853.08","7,889.10","7,823.28","7,859.06",82.00M
11/27/2019,"7,877.83","7,927.60","7,825.72","7,853.08",90.16M
11/26/2019,"8,013.69","8,024.69","7,877.83","7,877.83",190.10M
11/25/2019,"7,999.57","8,026.62","7,944.93","8,013.69",104.95M
11/24/2019,"8,062.61","8,084.89","7,999.57","7,999.57",82.46M
11/21/2019,"8,054.06","8,062.61","8,030.91","8,062.61",177.28M
11/20/2019,"8,045.32","8,054.49","8,018.21","8,054.06",105.73M
11/19/2019,"8,000.33","8,045.32","7,993.01","8,045.32",120.00M
11/18/2019,"7,927.95","8,000.33","7,933.83","8,000.33",110.37M
11/17/2019,"7,924.19","7,952.64","7,871.28","7,927.95",76.37M
11/14/2019,"7,932.52","7,988.02","7,908.04","7,924.19",149.47M
11/13/2019,"7,981.31","8,020.88","7,907.46","7,932.52",119.67M
11/12/2019,"7,922.41","7,990.68","7,909.86","7,981.31",112.32M
11/11/2019,"7,874.58","7,922.41","7,878.76","7,922.41",106.19M
11/10/2019,"7,798.25","7,904.07","7,819.72","7,874.58",106.85M
11/07/2019,"7,749.26","7,844.70","7,739.75","7,798.25",117.21M
11/06/2019,"7,782.28","7,793.88","7,737.81","7,749.26",87.95M
11/05/2019,"7,653.21","7,782.28","7,642.52","7,782.28",108.45M
11/04/2019,"7,590.33","7,653.21","7,559.16","7,653.21",92.04M
11/03/2019,"7,744.08","7,691.94","7,558.08","7,590.33",85.80M
10/31/2019,"7,792.76","7,777.37","7,719.04","7,744.08",80.83M
10/30/2019,"7,693.61","7,792.76","7,659.01","7,792.76",103.38M
10/29/2019,"7,784.71","7,786.66","7,652.91","7,693.61",131.12M
10/28/2019,"7,891.73","7,893.14","7,779.95","7,784.71",104.96M
10/27/2019,"7,913.28","7,924.14","7,879.14","7,891.73",86.70M
10/24/2019,"7,887.36","7,913.28","7,858.45","7,913.28",101.37M
10/23/2019,"7,872.74","7,892.63","7,824.51","7,887.36",116.69M
10/22/2019,"7,764.09","7,877.62","7,766.81","7,872.74",134.32M
10/21/2019,"7,784.94","7,796.25","7,693.26","7,764.09",109.21M
10/20/2019,"7,635.82","7,812.39","7,708.91","7,784.94",132.96M
10/17/2019,"7,518.37","7,635.82","7,493.51","7,635.82",100.82M
10/16/2019,"7,481.53","7,524.85","7,396.60","7,518.37",104.24M
10/15/2019,"7,599.06","7,604.54","7,481.53","7,481.53",90.45M
10/14/2019,"7,631.02","7,645.81","7,578.05","7,599.06",133.34M
10/13/2019,"7,695.48","7,763.44","7,631.02","7,631.02",74.35M
10/10/2019,"7,715.89","7,727.04","7,634.78","7,695.48",89.30M
10/09/2019,"7,832.93","7,833.03","7,715.89","7,715.89",91.70M
10/08/2019,"7,878.23","7,884.58","7,771.34","7,832.93",109.80M
10/07/2019,"7,962.77","7,973.32","7,878.23","7,878.23",106.33M
10/06/2019,"7,921.15","7,985.77","7,941.12","7,962.77",103.92M
10/03/2019,"7,984.43","7,957.37","7,903.09","7,921.15",111.62M
10/02/2019,"8,052.71","8,056.33","7,964.95","7,984.43",116.90M
10/01/2019,"8,091.76","8,128.37","8,052.71","8,052.71",121.90M
09/30/2019,"8,055.26","8,111.61","8,059.91","8,091.76",135.00M
09/29/2019,"8,028.19","8,068.73","8,022.98","8,055.26",86.25M
09/26/2019,"8,030.29","8,060.03","8,010.28","8,028.19",100.49M
09/25/2019,"8,069.55","8,073.26","7,994.92","8,030.29",129.77M
09/24/2019,"7,954.14","8,073.25","7,948.93","8,069.55",109.72M
09/22/2019,"7,926.82","7,959.52","7,884.04","7,954.14",78.13M
09/19/2019,"7,821.23","7,926.82","7,769.18","7,926.82",260.85M
09/18/2019,"7,770.55","7,835.06","7,783.55","7,821.23",104.28M
09/17/2019,"7,827.17","7,834.09","7,713.89","7,770.55",107.87M
09/16/2019,"7,749.46","7,835.22","7,720.15","7,827.17",121.06M
09/15/2019,"7,831.80","7,770.92","7,589.50","7,749.46",106.95M
09/12/2019,"7,855.30","7,873.70","7,803.63","7,831.80",97.31M
09/11/2019,"7,965.13","7,953.49","7,767.37","7,855.30",121.56M
09/10/2019,"8,055.24","8,049.93","7,939.27","7,965.13",118.05M
09/09/2019,"8,050.88","8,055.24","7,999.18","8,055.24",104.48M
09/08/2019,"8,054.75","8,099.63","8,040.52","8,050.88",110.92M
09/05/2019,"8,058.39","8,122.08","8,010.35","8,054.75",146.05M
09/04/2019,"7,924.18","8,058.39","7,929.17","8,058.39",137.37M
09/03/2019,"7,971.14","8,000.72","7,924.18","7,924.18",133.47M
09/02/2019,"7,912.30","7,972.98","7,857.96","7,971.14",132.72M
09/01/2019,"8,019.77","8,032.77","7,893.45","7,912.30",93.70M
08/29/2019,"8,171.17","8,193.19","8,013.69","8,019.77",146.93M
08/28/2019,"8,285.54","8,268.78","8,149.13","8,171.17",167.14M
08/27/2019,"8,257.86","8,320.96","8,086.91","8,285.54",766.04M
08/26/2019,"8,241.67","8,264.81","8,143.40","8,257.86",125.95M
08/25/2019,"8,445.66","8,410.60","8,233.49","8,241.67",99.55M
08/22/2019,"8,508.93","8,530.40","8,371.29","8,445.66",202.65M
08/21/2019,"8,589.75","8,596.92","8,508.93","8,508.93",106.71M
08/20/2019,"8,565.79","8,627.47","8,574.35","8,589.75",117.84M
08/19/2019,"8,527.41","8,625.18","8,544.74","8,565.79",118.62M
08/18/2019,"8,550.23","8,571.63","8,505.39","8,527.41",94.99M
08/08/2019,"8,482.95","8,554.44","8,448.84","8,550.23",118.81M
08/07/2019,"8,394.07","8,517.28","8,412.94","8,482.95",111.43M
08/06/2019,"8,465.25","8,412.13","8,320.49","8,394.07",120.84M
08/05/2019,"8,557.09","8,560.03","8,441.27","8,465.25",116.22M
08/04/2019,"8,666.39","8,621.36","8,514.74","8,557.09",95.57M
08/01/2019,"8,732.62","8,719.61","8,631.70","8,666.39",87.62M
07/31/2019,"8,740.93","8,771.11","8,723.75","8,732.62",91.64M
07/30/2019,"8,729.12","8,771.75","8,704.17","8,740.93",108.52M
07/29/2019,"8,859.32","8,843.62","8,714.27","8,729.12",121.22M
07/28/2019,"8,819.00","8,859.32","8,755.79","8,859.32",80.31M
07/25/2019,"8,785.74","8,819.00","8,731.72","8,819.00",135.18M
07/24/2019,"8,796.06","8,838.15","8,763.56","8,785.74",89.68M
07/23/2019,"8,907.46","8,921.18","8,796.06","8,796.06",87.87M
07/22/2019,"8,957.80","8,985.85","8,907.46","8,907.46",95.93M
07/21/2019,"9,033.83","8,986.71","8,907.85","8,957.80",109.32M
07/18/2019,"9,075.55","9,070.14","9,033.83","9,033.83",131.20M
07/17/2019,"9,073.01","9,089.43","9,053.83","9,075.55",125.26M
07/16/2019,"9,044.21","9,090.40","9,035.76","9,073.01",125.90M
07/15/2019,"9,015.16","9,048.27","8,969.85","9,044.21",114.43M
07/14/2019,"8,968.23","9,050.56","8,974.50","9,015.16",124.49M
07/11/2019,"8,905.57","8,970.00","8,903.89","8,968.23",135.09M
07/10/2019,"8,854.49","8,906.26","8,850.94","8,905.57",121.12M
07/09/2019,"8,827.01","8,854.49","8,823.93","8,854.49",131.49M
07/08/2019,"8,811.11","8,827.01","8,767.16","8,827.01",116.16M
07/07/2019,"8,846.53","8,855.87","8,804.89","8,811.11",89.28M
07/04/2019,"8,853.47","8,880.73","8,834.87","8,846.53",87.54M
07/03/2019,"8,834.26","8,854.76","8,807.34","8,853.47",84.28M
07/02/2019,"8,852.69","8,861.88","8,811.18","8,834.26",119.61M
07/01/2019,"8,821.76","8,852.69","8,808.62","8,852.69",102.87M
06/30/2019,"8,796.61","8,889.00","8,813.78","8,821.76",109.29M
06/27/2019,"8,687.08","8,811.76","8,703.64","8,796.61",100.53M
06/26/2019,"8,649.88","8,719.61","8,661.17","8,687.08",177.39M
06/25/2019,"8,598.97","8,649.88","8,532.50","8,649.88",155.95M
06/24/2019,"8,739.16","8,748.91","8,495.80","8,598.97",138.03M
06/23/2019,"8,869.70","8,884.35","8,734.91","8,739.16",111.21M
06/20/2019,"8,936.26","8,953.39","8,812.21","8,869.70",307.05M
06/19/2019,"9,000.43","9,036.54","8,936.26","8,936.26",219.11M
06/18/2019,"8,975.63","9,018.71","8,924.70","9,000.43",204.73M
06/17/2019,"8,886.84","9,001.87","8,894.56","8,975.63",218.81M
06/16/2019,"8,941.54","8,978.27","8,864.59","8,886.84",130.37M
06/13/2019,"9,084.75","9,047.43","8,939.72","8,941.54",183.48M
06/12/2019,"8,989.72","9,084.75","8,948.65","9,084.75",184.87M
06/11/2019,"8,849.21","8,989.72","8,821.72","8,989.72",178.94M
06/10/2019,"8,699.22","8,866.10","8,702.34","8,849.21",170.00M
06/09/2019,"8,516.48","8,699.22","8,549.37","8,699.22",99.68M
05/30/2019,"8,413.88","8,516.48","8,391.44","8,516.48",95.07M
05/29/2019,"8,550.90","8,510.36","8,366.95","8,413.88",114.84M
05/28/2019,"8,381.97","8,550.90","8,316.25","8,550.90",731.69M
05/27/2019,"8,360.19","8,419.55","8,215.29","8,381.97",116.56M
05/26/2019,"8,531.16","8,539.26","8,270.05","8,360.19",106.22M
05/23/2019,"8,656.17","8,662.96","8,494.43","8,531.16",153.10M
05/22/2019,"8,609.35","8,718.27","8,624.03","8,656.17",160.75M
05/21/2019,"8,468.93","8,609.35","8,480.58","8,609.35",117.71M
05/20/2019,"8,525.22","8,531.37","8,374.81","8,468.93",125.37M
05/19/2019,"8,621.85","8,694.12","8,511.81","8,525.22",101.36M
05/16/2019,"8,480.70","8,621.85","8,506.42","8,621.85",137.22M
05/15/2019,"8,374.27","8,621.39","8,457.76","8,480.70",177.73M
05/14/2019,"8,366.64","8,545.35","8,189.98","8,374.27",208.30M
05/13/2019,"8,674.66","8,629.93","8,366.64","8,366.64",184.47M
05/12/2019,"8,856.94","8,855.53","8,647.13","8,674.66",111.70M
05/09/2019,"8,899.80","8,936.12","8,801.80","8,856.94",119.03M
05/08/2019,"8,968.86","8,967.62","8,860.51","8,899.80",101.00M
05/07/2019,"9,043.22","9,082.73","8,944.39","8,968.86",106.99M
05/06/2019,"9,178.96","9,141.63","8,866.78","9,043.22",148.05M
05/05/2019,"9,336.90","9,327.25","9,142.09","9,178.96",124.84M
05/02/2019,"9,361.96","9,403.05","9,329.82","9,336.90",139.85M
05/01/2019,"9,304.20","9,361.96","9,270.51","9,361.96",143.16M
04/30/2019,"9,276.50","9,364.83","9,279.88","9,304.20",216.90M
04/29/2019,"9,265.79","9,288.75","9,230.36","9,276.50",108.57M
04/28/2019,"9,275.54","9,304.71","9,249.44","9,265.79",91.38M
04/25/2019,"9,237.77","9,275.69","9,198.33","9,275.54",176.82M
04/24/2019,"9,227.93","9,255.10","9,204.16","9,237.77",119.59M
04/23/2019,"9,195.02","9,252.79","9,195.97","9,227.93",122.49M
04/22/2019,"9,239.67","9,258.77","9,186.09","9,195.02",158.64M
04/21/2019,"9,196.53","9,241.18","9,182.54","9,239.67",119.73M
04/18/2019,"9,238.05","9,245.63","9,177.63","9,196.53",106.73M
04/17/2019,"9,139.55","9,238.05","9,133.27","9,238.05",166.56M
04/16/2019,"9,088.13","9,141.67","9,082.87","9,139.55",133.34M
04/15/2019,"9,055.34","9,092.96","9,051.27","9,088.13",123.84M
04/14/2019,"9,087.97","9,083.27","9,042.65","9,055.34",100.69M
04/11/2019,"9,077.20","9,099.81","9,064.85","9,087.97",132.54M
04/10/2019,"9,047.58","9,077.20","9,020.38","9,077.20",116.31M
04/09/2019,"9,037.97","9,054.45","9,022.69","9,047.58",112.13M
04/08/2019,"9,011.11","9,037.97","8,944.45","9,037.97",117.54M
04/07/2019,"9,063.88","9,100.83","8,988.42","9,011.11",120.48M
04/04/2019,"8,985.48","9,065.69","8,936.21","9,063.88",141.25M
04/03/2019,"8,934.69","8,989.67","8,934.99","8,985.48",178.06M
04/02/2019,"8,896.55","8,934.69","8,865.25","8,934.69",129.98M
04/01/2019,"8,819.44","8,896.55","8,816.91","8,896.55",109.89M
03/31/2019,"8,788.84","8,826.71","8,782.24","8,819.44",108.42M
03/28/2019,"8,766.33","8,826.65","8,749.24","8,788.84",123.03M
03/27/2019,"8,678.88","8,766.33","8,667.87","8,766.33",122.12M
03/26/2019,"8,666.69","8,685.35","8,647.96","8,678.88",130.81M
03/25/2019,"8,647.17","8,668.81","8,591.03","8,666.69",127.64M
03/24/2019,"8,708.66","8,686.15","8,643.66","8,647.17",115.43M
03/21/2019,"8,640.52","8,714.13","8,635.17","8,708.66",118.73M
03/20/2019,"8,658.95","8,655.16","8,614.32","8,640.52",164.17M
03/19/2019,"8,653.16","8,666.54","8,630.13","8,658.95",177.61M
03/18/2019,"8,563.44","8,653.16","8,539.12","8,653.16",159.30M
03/17/2019,"8,582.88","8,606.45","8,553.37","8,563.44",135.47M
03/14/2019,"8,526.68","8,585.70","8,536.94","8,582.88",185.79M
03/13/2019,"8,446.07","8,526.68","8,456.93","8,526.68",136.06M
03/12/2019,"8,426.29","8,446.07","8,412.16","8,446.07",115.38M
03/11/2019,"8,465.75","8,466.86","8,410.81","8,426.29",113.14M
03/10/2019,"8,479.16","8,515.25","8,461.33","8,465.75",130.40M
03/07/2019,"8,534.16","8,524.55","8,437.93","8,479.16",119.02M
03/06/2019,"8,561.37","8,560.38","8,516.00","8,534.16",99.04M
03/05/2019,"8,565.42","8,567.16","8,539.40","8,561.37",118.91M
03/04/2019,"8,534.27","8,565.42","8,517.21","8,565.42",112.20M
03/03/2019,"8,492.70","8,554.72","8,497.18","8,534.27",112.92M
02/28/2019,"8,472.50","8,502.42","8,444.31","8,492.70",111.64M
02/27/2019,"8,456.22","8,472.50","8,389.99","8,472.50",104.28M
02/26/2019,"8,433.09","8,456.95","8,375.44","8,456.22",81.85M
02/25/2019,"8,513.27","8,515.51","8,410.34","8,433.09",112.05M
02/24/2019,"8,547.48","8,556.25","8,513.27","8,513.27",93.87M
02/21/2019,"8,567.24","8,573.82","8,512.72","8,547.48",77.32M
02/20/2019,"8,516.60","8,567.24","8,509.32","8,567.24",75.20M
02/19/2019,"8,569.83","8,570.77","8,506.26","8,516.60",105.88M
02/18/2019,"8,592.01","8,607.45","8,562.65","8,569.83",123.10M
02/17/2019,"8,626.28","8,635.98","8,589.03","8,592.01",77.33M
02/14/2019,"8,617.22","8,630.01","8,579.10","8,626.28",92.49M
02/13/2019,"8,600.32","8,661.31","8,600.90","8,617.22",104.58M
02/12/2019,"8,543.39","8,600.32","8,532.35","8,600.32",119.74M
02/11/2019,"8,573.21","8,586.86","8,531.39","8,543.39",91.53M
02/10/2019,"8,612.84","8,633.77","8,558.43","8,573.21",91.36M
02/07/2019,"8,633.33","8,648.79","8,609.26","8,612.84",101.43M
02/06/2019,"8,623.92","8,677.73","8,616.50","8,633.33",125.90M
02/05/2019,"8,520.64","8,624.77","8,523.98","8,623.92",131.29M
02/04/2019,"8,526.71","8,568.61","8,506.78","8,520.64",108.30M
02/03/2019,"8,559.95","8,590.66","8,514.63","8,526.71",109.55M
01/31/2019,"8,583.63","8,623.18","8,559.95","8,559.95",149.82M
01/30/2019,"8,581.48","8,604.01","8,556.43","8,583.63",152.17M
01/29/2019,"8,623.93","8,635.59","8,539.60","8,581.48",152.13M
01/28/2019,"8,509.43","8,623.93","8,504.78","8,623.93",199.58M
01/27/2019,"8,434.89","8,528.30","8,408.84","8,509.43",166.69M
01/24/2019,"8,466.10","8,456.43","8,420.28","8,434.89",106.39M
01/23/2019,"8,399.40","8,466.10","8,406.08","8,466.10",115.25M
01/22/2019,"8,402.04","8,419.71","8,386.43","8,399.40",114.27M
01/21/2019,"8,383.52","8,402.04","8,267.63","8,402.04",173.72M
01/20/2019,"8,448.02","8,468.62","8,372.51","8,383.52",104.90M
01/17/2019,"8,406.47","8,448.02","8,380.58","8,448.02",107.18M
01/16/2019,"8,347.25","8,423.62","8,356.88","8,406.47",137.61M
01/15/2019,"8,270.55","8,352.62","8,261.97","8,347.25",117.89M
01/14/2019,"8,291.66","8,306.51","8,262.87","8,270.55",121.52M
01/13/2019,"8,210.16","8,310.99","8,195.05","8,291.66",118.55M
01/10/2019,"8,146.68","8,230.13","8,153.88","8,210.16",134.56M
01/09/2019,"8,057.04","8,146.68","8,058.03","8,146.68",141.93M
01/08/2019,"8,047.58","8,071.97","8,007.34","8,057.04",139.84M
01/07/2019,"7,932.24","8,050.72","7,936.02","8,047.58",130.10M
01/06/2019,"7,830.47","7,933.90","7,894.05","7,932.24",98.08M
01/03/2019,"7,790.86","7,834.53","7,774.88","7,830.47",72.17M
01/02/2019,"7,798.39","7,795.83","7,765.84","7,790.86",66.31M
01/01/2019,"7,826.73","7,832.24","7,795.02","7,798.39",62.44M
