Date,Open,High,Low,Close,Adj_Close,Volume
02/01/2017,3.2532,3.2797,3.2427,3.2532,3.2532,0
03/01/2017,3.2841,3.2897,3.2475,3.284,3.284,0
04/01/2017,3.2635,3.2643,3.2188,3.2635,3.2635,0
05/01/2017,3.2149,3.2276,3.1998,3.2141,3.2141,0
06/01/2017,3.1975,3.2118,3.1894,3.1977,3.1977,0
09/01/2017,3.2224,3.227,3.1961,3.2222,3.2222,0
10/01/2017,3.1931,3.197,3.1794,3.1955,3.1955,0
11/01/2017,3.1944,3.2225,3.1883,3.1945,3.1945,0
12/01/2017,3.196,3.1972,3.1566,3.1963,3.1963,0
13/01/2017,3.1864,3.2192,3.1799,3.1868,3.1868,0
16/01/2017,3.2198,3.2308,3.2115,3.1868,3.1868,0
17/01/2017,3.2399,3.2413,3.1985,3.2405,3.2405,0
18/01/2017,3.2099,3.2278,3.1805,3.2098,3.2098,0
19/01/2017,3.2303,3.2334,3.1989,3.2296,3.2296,0
20/01/2017,3.1929,3.1983,3.184,3.1949,3.1949,0
23/01/2017,3.1689,3.1716,3.1551,3.1423,3.1423,0
24/01/2017,3.1615,3.1711,3.1569,3.1617,3.1617,0
25/01/2017,3.1687,3.1709,3.1591,3.1687,3.1687,0
26/01/2017,3.1689,3.1878,3.1483,3.1685,3.1685,0
27/01/2017,3.1757,3.1798,3.1441,3.1761,3.1761,0
30/01/2017,3.1387,3.1512,3.1183,3.1096,3.1096,0
31/01/2017,3.1252,3.1353,3.1056,3.1255,3.1255,0
01/02/2017,3.1479,3.1603,3.1344,3.1501,3.1501,0
02/02/2017,3.1281,3.1299,3.1078,3.128,3.128,0
03/02/2017,3.1222,3.1356,3.1046,3.1225,3.1225,0
06/02/2017,3.116,3.1239,3.1064,3.1195,3.1195,0
07/02/2017,3.1148,3.1333,3.1117,3.1137,3.1137,0
08/02/2017,3.1167,3.1268,3.1155,3.1167,3.1167,0
09/02/2017,3.1161,3.1251,3.1126,3.1159,3.1159,0
10/02/2017,3.1286,3.1293,3.1071,3.1288,3.1288,0
13/02/2017,3.1158,3.121,3.1096,3.1071,3.1071,0
14/02/2017,3.11,3.1152,3.0912,3.1101,3.1101,0
15/02/2017,3.0835,3.0897,3.0581,3.0812,3.0812,0
16/02/2017,3.056,3.0581,3.0413,3.0561,3.0561,0
17/02/2017,3.0853,3.1055,3.0807,3.0875,3.0875,0
20/02/2017,3.1035,3.1036,3.0828,3.0955,3.0955,0
21/02/2017,3.0855,3.102,3.0829,3.0855,3.0855,0
22/02/2017,3.0941,3.0967,3.0724,3.0939,3.0939,0
23/02/2017,3.0624,3.072,3.0504,3.0623,3.0623,0
24/02/2017,3.0601,3.1039,3.0557,3.0603,3.0603,0
27/02/2017,3.1095,3.1119,3.1048,3.0946,3.0946,0
28/02/2017,3.1075,3.1087,3.0858,3.1053,3.1053,0
01/03/2017,3.1081,3.1169,3.1055,3.108,3.108,0
02/03/2017,3.0895,3.1256,3.0774,3.0882,3.0882,0
03/03/2017,3.1552,3.1571,3.1279,3.1546,3.1546,0
06/03/2017,3.1153,3.1204,3.0949,3.12,3.12,0
07/03/2017,3.1374,3.1385,3.11,3.1372,3.1372,0
08/03/2017,3.1184,3.1519,3.1156,3.1159,3.1159,0
09/03/2017,3.1614,3.1827,3.1578,3.1593,3.1593,0
10/03/2017,3.1914,3.194,3.1505,3.1913,3.1913,0
13/03/2017,3.1382,3.1576,3.131,3.1475,3.1475,0
14/03/2017,3.1522,3.1664,3.1372,3.1524,3.1524,0
15/03/2017,3.1635,3.178,3.1425,3.1637,3.1637,0
16/03/2017,3.1022,3.1172,3.087,3.0999,3.0999,0
17/03/2017,3.1192,3.1206,3.0903,3.1193,3.1193,0
20/03/2017,3.0918,3.1135,3.0789,3.0866,3.0866,0
21/03/2017,3.0709,3.0907,3.0535,3.071,3.071,0
22/03/2017,3.0867,3.1041,3.082,3.0868,3.0868,0
23/03/2017,3.0826,3.1321,3.0719,3.0848,3.0848,0
24/03/2017,3.1382,3.1469,3.1141,3.1381,3.1381,0
27/03/2017,3.1063,3.1334,3.0915,3.1097,3.1097,0
28/03/2017,3.1217,3.1348,3.1207,3.1252,3.1252,0
29/03/2017,3.1371,3.1411,3.1142,3.1384,3.1384,0
30/03/2017,3.122,3.1335,3.0963,3.1221,3.1221,0
31/03/2017,3.1476,3.1747,3.1255,3.1477,3.1477,0
03/04/2017,3.1203,3.1315,3.1012,3.1218,3.1218,0
04/04/2017,3.1133,3.1358,3.1106,3.113,3.113,0
05/04/2017,3.0931,3.0972,3.0718,3.0956,3.0956,0
06/04/2017,3.12,3.125,3.0982,3.1196,3.1196,0
07/04/2017,3.1415,3.1436,3.1216,3.1415,3.1415,0
10/04/2017,3.146,3.1525,3.1301,3.1447,3.1447,0
11/04/2017,3.1283,3.1518,3.1256,3.1318,3.1318,0
12/04/2017,3.1369,3.1504,3.1315,3.1368,3.1368,0
13/04/2017,3.1236,3.1357,3.1177,3.1235,3.1235,0
14/04/2017,3.1437,3.1441,3.141,3.1424,3.1424,0
17/04/2017,3.1402,3.1447,3.0993,3.1437,3.1437,0
18/04/2017,3.1402,3.1402,3.0812,3.1303,3.1303,0
19/04/2017,3.1065,3.1391,3.0944,3.1065,3.1065,0
20/04/2017,3.1485,3.1504,3.1253,3.1483,3.1483,0
21/04/2017,3.147,3.1545,3.1441,3.1471,3.1471,0
24/04/2017,3.1468,3.1485,3.0779,3.1468,3.1468,0
25/04/2017,3.1235,3.1633,3.1095,3.127,3.127,0
26/04/2017,3.1471,3.1898,3.1305,3.1472,3.1472,0
27/04/2017,3.171,3.1879,3.157,3.1711,3.1711,0
28/04/2017,3.1775,3.2087,3.1585,3.1811,3.1811,0
01/05/2017,3.1733,3.1754,3.1676,3.1761,3.1761,0
02/05/2017,3.1751,3.1875,3.1607,3.1751,3.1751,0
03/05/2017,3.15,3.1591,3.136,3.1502,3.1502,0
04/05/2017,3.1625,3.1839,3.1372,3.1621,3.1621,0
05/05/2017,3.1849,3.1907,3.1683,3.1849,3.1849,0
08/05/2017,3.1665,3.1958,3.1665,3.1777,3.1777,0
09/05/2017,3.1965,3.1976,3.1786,3.1964,3.1964,0
10/05/2017,3.1889,3.1895,3.1537,3.1868,3.1868,0
11/05/2017,3.166,3.1669,3.1463,3.1657,3.1657,0
12/05/2017,3.1388,3.1505,3.1185,3.139,3.139,0
15/05/2017,3.1241,3.1245,3.0949,3.1777,3.1777,0
16/05/2017,3.1047,3.1089,3.0889,3.1082,3.1082,0
17/05/2017,3.0957,3.1118,3.0928,3.0958,3.0958,0
18/05/2017,3.1357,3.4052,3.1311,3.1334,3.1334,0
19/05/2017,3.3688,3.3694,3.2743,3.369,3.369,0
22/05/2017,3.2559,3.3047,3.2297,3.2533,3.2533,0
23/05/2017,3.2655,3.2765,3.2559,3.2654,3.2654,0
24/05/2017,3.2652,3.275,3.2503,3.2686,3.2686,0
25/05/2017,3.274,3.2886,3.2659,3.2742,3.2742,0
26/05/2017,3.2735,3.29,3.2496,3.2735,3.2735,0
29/05/2017,3.2581,3.2729,3.2563,3.1777,3.1777,0
30/05/2017,3.2552,3.2675,3.2527,3.2554,3.2554,0
31/05/2017,3.2563,3.2585,3.237,3.2562,3.2562,0
01/06/2017,3.2252,3.237,3.2188,3.2251,3.2251,0
02/06/2017,3.2491,3.25,3.2283,3.249,3.249,0
05/06/2017,3.2469,3.2919,3.2421,3.2492,3.2492,0
06/06/2017,3.2926,3.299,3.2718,3.2961,3.2961,0
07/06/2017,3.276,3.283,3.2668,3.276,3.276,0
08/06/2017,3.2653,3.2868,3.2649,3.2673,3.2673,0
09/06/2017,3.2598,3.2794,3.2547,3.2596,3.2596,0
12/06/2017,3.2937,3.3098,3.274,3.1777,3.1777,0
13/06/2017,3.3167,3.3313,3.2979,3.3167,3.3167,0
14/06/2017,3.311,3.3152,3.2704,3.3144,3.3144,0
15/06/2017,3.2727,3.2828,3.2702,3.2726,3.2726,0
16/06/2017,3.2756,3.2938,3.2713,3.2736,3.2736,0
19/06/2017,3.2893,3.3118,3.2811,3.2886,3.2886,0
20/06/2017,3.281,3.3194,3.2789,3.2811,3.2811,0
21/06/2017,3.322,3.3275,3.3142,3.3255,3.3255,0
22/06/2017,3.3333,3.344,3.3224,3.3334,3.3334,0
23/06/2017,3.3382,3.3418,3.3258,3.3397,3.3397,0
26/06/2017,3.3397,3.3424,3.3074,3.3415,3.3415,0
27/06/2017,3.2949,3.3242,3.2728,3.2948,3.2948,0
28/06/2017,3.312,3.313,3.2972,3.312,3.312,0
29/06/2017,3.2798,3.302,3.2768,3.2795,3.2795,0
30/06/2017,3.3028,3.3116,3.2912,3.3027,3.3027,0
03/07/2017,3.2968,3.3198,3.2804,3.1777,3.1777,0
04/07/2017,3.297,3.3098,3.2957,3.3005,3.3005,0
05/07/2017,3.2779,3.329,3.2779,3.3092,3.3092,0
06/07/2017,3.2835,3.3155,3.2835,3.287,3.287,0
07/07/2017,3.2972,3.2984,3.2743,3.2973,3.2973,0
10/07/2017,3.2789,3.3,3.2574,3.1777,3.1777,0
11/07/2017,null,null,null,null,null,null
12/07/2017,3.2531,3.2538,3.216,3.2531,3.2531,0
13/07/2017,3.2072,3.2168,3.1992,3.2068,3.2068,0
14/07/2017,3.2065,3.2106,3.1827,3.21,3.21,0
17/07/2017,3.1815,3.1853,3.1749,3.1777,3.1777,0
18/07/2017,3.1543,3.182,3.153,3.1812,3.1812,0
19/07/2017,3.1528,3.1606,3.1478,3.1527,3.1527,0
20/07/2017,3.1498,3.1528,3.1262,3.1477,3.1477,0
21/07/2017,3.0947,3.1258,3.0947,3.1184,3.1184,0
24/07/2017,3.1395,3.1493,3.1344,3.1777,3.1777,0
25/07/2017,3.1427,3.1652,3.1386,3.1444,3.1444,0
26/07/2017,3.1692,3.174,3.1511,3.1712,3.1712,0
27/07/2017,3.134,3.1574,3.1161,3.1375,3.1375,0
28/07/2017,3.1525,3.1565,3.1398,3.1526,3.1526,0
31/07/2017,3.1304,3.1414,3.122,3.1777,3.1777,0
01/08/2017,3.1257,3.1268,3.1097,3.1258,3.1258,0
02/08/2017,3.1261,3.1343,3.12,3.1228,3.1228,0
03/08/2017,3.0998,3.1252,3.0924,3.1122,3.1122,0
04/08/2017,3.1115,3.1273,3.1038,3.1115,3.1115,0
07/08/2017,3.1162,3.1308,3.1079,3.1293,3.1293,0
08/08/2017,3.1243,3.1344,3.12,3.1242,3.1242,0
09/08/2017,3.1262,3.148,3.1237,3.1259,3.1259,0
10/08/2017,3.1542,3.159,3.1482,3.1523,3.1523,0
11/08/2017,3.1737,3.1753,3.1622,3.1736,3.1736,0
14/08/2017,3.1888,3.2027,3.173,3.1777,3.1777,0
15/08/2017,3.187,3.2018,3.1846,3.1872,3.1872,0
16/08/2017,3.1677,3.1747,3.1636,3.1676,3.1676,0
17/08/2017,3.1285,3.1642,3.1285,3.1514,3.1514,0
18/08/2017,3.1734,3.1743,3.1531,3.1733,3.1733,0
21/08/2017,3.1449,3.1493,3.1345,3.1777,3.1777,0
22/08/2017,3.1628,3.1635,3.1472,3.163,3.163,0
23/08/2017,3.1606,3.1666,3.1521,3.1605,3.1605,0
24/08/2017,3.1392,3.1443,3.1333,3.1393,3.1393,0
25/08/2017,3.1431,3.1498,3.1356,3.1465,3.1465,0
28/08/2017,3.1558,3.16,3.1482,3.1587,3.1587,0
29/08/2017,3.1657,3.1742,3.1589,3.1658,3.1658,0
30/08/2017,3.1643,3.1696,3.1604,3.1642,3.1642,0
31/08/2017,3.1589,3.166,3.1398,3.1588,3.1588,0
01/09/2017,3.1265,3.1467,3.1228,3.146,3.146,0
04/09/2017,3.1358,3.1435,3.1348,3.1777,3.1777,0
05/09/2017,3.1392,3.1406,3.1136,3.1394,3.1394,0
06/09/2017,3.1156,3.1174,3.1086,3.1158,3.1158,0
07/09/2017,3.0975,3.107,3.0951,3.0979,3.0979,0
08/09/2017,3.0978,3.0991,3.0851,3.0976,3.0976,0
11/09/2017,3.0885,3.099,3.0788,3.1777,3.1777,0
12/09/2017,3.1015,3.1216,3.0824,3.0997,3.0997,0
13/09/2017,3.1238,3.1378,3.1215,3.1219,3.1219,0
14/09/2017,3.1326,3.1437,3.1159,3.1316,3.1316,0
15/09/2017,3.1162,3.1296,3.1154,3.1181,3.1181,0
18/09/2017,3.112,3.1302,3.1055,3.1097,3.1097,0
19/09/2017,3.1314,3.1357,3.1254,3.1349,3.1349,0
20/09/2017,3.1331,3.1359,3.1218,3.1328,3.1328,0
21/09/2017,3.1308,3.1389,3.127,3.1306,3.1306,0
22/09/2017,3.1328,3.138,3.122,3.1345,3.1345,0
25/09/2017,3.1172,3.1501,3.1172,3.1235,3.1235,0
26/09/2017,3.1573,3.1709,3.153,3.1573,3.1573,0
27/09/2017,3.1659,3.1976,3.1546,3.1639,3.1639,0
28/09/2017,3.1915,3.1947,3.1742,3.1919,3.1919,0
29/09/2017,3.1712,3.1882,3.1565,3.1809,3.1809,0
02/10/2017,3.1622,3.1711,3.1567,3.1634,3.1634,0
03/10/2017,3.1533,3.1615,3.1398,3.1529,3.1529,0
04/10/2017,3.141,3.1432,3.1213,3.1408,3.1408,0
05/10/2017,3.1334,3.1376,3.1198,3.1332,3.1332,0
06/10/2017,3.1523,3.1708,3.149,3.1524,3.1524,0
09/10/2017,3.1233,3.1866,3.1233,3.1555,3.1555,0
10/10/2017,3.1833,3.1874,3.1612,3.1868,3.1868,0
11/10/2017,3.1779,3.1784,3.1488,3.1778,3.1778,0
12/10/2017,3.1696,3.1701,3.1483,3.1697,3.1697,0
13/10/2017,3.1692,3.1777,3.1494,3.169,3.169,0
16/10/2017,3.1443,3.1668,3.1287,3.1462,3.1462,0
17/10/2017,3.1668,3.1801,3.1568,3.1703,3.1703,0
18/10/2017,3.1542,3.1784,3.1428,3.1561,3.1561,0
19/10/2017,3.17,3.1775,3.1565,3.1701,3.1701,0
20/10/2017,3.1627,3.1922,3.1627,3.1649,3.1649,0
23/10/2017,3.1911,3.2144,3.1874,3.1909,3.1909,0
24/10/2017,3.2366,3.2626,3.2268,3.2344,3.2344,0
25/10/2017,3.2154,3.2505,3.2154,3.2426,3.2426,0
26/10/2017,3.2293,3.2599,3.2293,3.2312,3.2312,0
27/10/2017,3.2613,3.2968,3.2613,3.2865,3.2865,0
30/10/2017,3.2348,3.2631,3.233,3.2348,3.2348,0
31/10/2017,3.2872,3.2882,3.2671,3.2873,3.2873,0
01/11/2017,3.2695,3.2857,3.2591,3.2696,3.2696,0
02/11/2017,3.2658,3.267,3.2424,3.2662,3.2662,0
03/11/2017,3.2664,3.3315,3.2505,3.2646,3.2646,0
06/11/2017,3.3127,3.3137,3.2733,3.2926,3.2926,0
07/11/2017,3.248,3.286,3.246,3.2479,3.2479,0
08/11/2017,3.2699,3.274,3.2407,3.2701,3.2701,0
09/11/2017,3.2513,3.2651,3.237,3.2513,3.2513,0
10/11/2017,3.2487,3.2709,3.2471,3.2487,3.2487,0
13/11/2017,3.2766,3.2957,3.2575,3.2764,3.2764,0
14/11/2017,3.2781,3.3028,3.2667,3.2759,3.2759,0
15/11/2017,3.3099,3.3132,3.3097,3.3119,3.3119,0
16/11/2017,null,null,null,null,null,null
17/11/2017,3.2722,3.286,3.2626,3.2706,3.2706,0
20/11/2017,3.2558,3.2729,3.2536,3.2545,3.2545,0
21/11/2017,3.254,3.264,3.2434,3.254,3.254,0
22/11/2017,3.2574,3.2635,3.2307,3.2573,3.2573,0
23/11/2017,3.2227,3.2414,3.2207,3.2229,3.2229,0
24/11/2017,3.2205,3.2343,3.2185,3.2203,3.2203,0
27/11/2017,3.2318,3.2323,3.2124,3.2329,3.2329,0
28/11/2017,3.2264,3.2298,3.2014,3.2264,3.2264,0
29/11/2017,3.2115,3.2297,3.2007,3.2097,3.2097,0
30/11/2017,3.2449,3.2858,3.2352,3.2448,3.2448,0
01/12/2017,3.2713,3.2797,3.2477,3.2712,3.2712,0
04/12/2017,3.2566,3.26,3.2434,3.2574,3.2574,0
05/12/2017,3.2426,3.2441,3.2193,3.2426,3.2426,0
06/12/2017,3.2404,3.245,3.2253,3.2403,3.2403,0
07/12/2017,3.2339,3.3161,3.2307,3.2343,3.2343,0
08/12/2017,3.2892,3.3086,3.2579,3.2872,3.2872,0
11/12/2017,3.2878,3.2952,3.2729,3.2878,3.2878,0
12/12/2017,3.3034,3.3307,3.2881,3.3033,3.3033,0
13/12/2017,3.3045,3.3193,3.2794,3.3031,3.3031,0
14/12/2017,3.3086,3.3444,3.3063,3.3086,3.3086,0
15/12/2017,3.3404,3.3412,3.3081,3.3404,3.3404,0
18/12/2017,3.2935,3.3023,3.2785,3.292,3.292,0
19/12/2017,3.2905,3.305,3.2809,3.2905,3.2905,0
20/12/2017,3.2886,3.2983,3.2569,3.2885,3.2885,0
21/12/2017,3.2943,3.3143,3.2884,3.2965,3.2965,0
22/12/2017,3.3069,3.3281,3.2793,3.3068,3.3068,0
25/12/2017,3.336,3.3364,3.3354,3.338,3.338,0
26/12/2017,3.3355,3.3361,3.3102,3.3355,3.3355,0
27/12/2017,3.3097,3.3114,3.2932,3.3097,3.3097,0
28/12/2017,3.3135,3.3161,3.2795,3.3133,3.3133,0
29/12/2017,3.311,3.3122,3.282,3.3111,3.3111,0
01/01/2018,3.3105,3.3117,3.3093,3.3076,3.3076,0
02/01/2018,3.3108,3.3127,3.2585,3.311,3.311,0
03/01/2018,3.2574,3.2638,3.241,3.2578,3.2578,0
04/01/2018,3.2356,3.241,3.2214,3.2355,3.2355,0
05/01/2018,3.2328,3.2479,3.2256,3.2331,3.2331,0
08/01/2018,3.2281,3.2435,3.2235,3.2266,3.2266,0
09/01/2018,3.2392,3.2535,3.2281,3.239,3.239,0
10/01/2018,3.2466,3.2539,3.2356,3.2468,3.2468,0
11/01/2018,3.2265,3.2365,3.2203,3.2264,3.2264,0
12/01/2018,3.2142,3.2287,3.1972,3.2142,3.2142,0
15/01/2018,3.2024,3.2056,3.1761,3.2007,3.2007,0
16/01/2018,3.2132,3.2358,3.205,3.2132,3.2132,0
17/01/2018,3.2228,3.2374,3.2179,3.2227,3.2227,0
18/01/2018,3.2224,3.2233,3.2013,3.2222,3.2222,0
19/01/2018,3.2048,3.2127,3.2011,3.2051,3.2051,0
22/01/2018,3.1938,3.2063,3.1828,3.1947,3.1947,0
23/01/2018,3.2007,3.2364,3.1986,3.2007,3.2007,0
24/01/2018,3.2337,3.2382,3.1757,3.2355,3.2355,0
25/01/2018,3.1451,3.1484,3.1215,3.1451,3.1451,0
26/01/2018,3.1454,3.1543,3.1312,3.1469,3.1469,0
29/01/2018,3.1526,3.1704,3.1449,3.151,3.151,0
30/01/2018,3.1538,3.1937,3.1456,3.1536,3.1536,0
31/01/2018,3.1796,3.1831,3.1438,3.1795,3.1795,0
01/02/2018,3.1844,3.1938,3.1615,3.1847,3.1847,0
02/02/2018,3.1637,3.2206,3.1619,3.1637,3.1637,0
05/02/2018,3.2169,3.2455,3.2138,3.2154,3.2154,0
06/02/2018,3.2611,3.2759,3.2175,3.2611,3.2611,0
07/02/2018,3.2333,3.263,3.2314,3.2334,3.2334,0
08/02/2018,3.2696,3.2926,3.2562,3.2699,3.2699,0
09/02/2018,3.2844,3.3075,3.2708,3.2846,3.2846,0
12/02/2018,3.2925,3.2949,3.2635,3.2908,3.2908,0
13/02/2018,3.2939,3.2947,3.2918,3.294,3.294,0
14/02/2018,3.2944,3.2987,3.2509,3.2942,3.2942,0
15/02/2018,3.2141,3.2349,3.1916,3.2162,3.2162,0
16/02/2018,3.2265,3.2461,3.2166,3.2264,3.2264,0
19/02/2018,3.2298,3.2362,3.2215,3.2282,3.2282,0
20/02/2018,3.2332,3.2554,3.2314,3.2331,3.2331,0
21/02/2018,3.2542,3.2602,3.2304,3.2543,3.2543,0
22/02/2018,3.2674,3.2708,3.2487,3.2676,3.2676,0
23/02/2018,3.2489,3.2494,3.2309,3.2487,3.2487,0
26/02/2018,3.2385,3.2434,3.2255,3.2372,3.2372,0
27/02/2018,3.2225,3.253,3.2205,3.2225,3.2225,0
28/02/2018,3.25,3.253,3.2233,3.2485,3.2485,0
01/03/2018,3.2447,3.2692,3.2362,3.2448,3.2448,0
02/03/2018,3.2482,3.2651,3.248,3.25,3.25,0
05/03/2018,3.2505,3.2623,3.2494,3.2496,3.2496,0
06/03/2018,3.241,3.2428,3.2163,3.241,3.241,0
07/03/2018,3.2064,3.2395,3.2061,3.208,3.208,0
08/03/2018,3.2413,3.2652,3.2087,3.2429,3.2429,0
09/03/2018,3.2661,3.2674,3.2388,3.2661,3.2661,0
12/03/2018,3.2561,3.2638,3.2498,3.2561,3.2561,0
13/03/2018,3.2601,3.2644,3.2386,3.2603,3.2603,0
14/03/2018,3.2586,3.2652,3.2357,3.2587,3.2587,0
15/03/2018,3.2586,3.293,3.2566,3.2585,3.2585,0
16/03/2018,3.2822,3.2972,3.2811,3.2821,3.2821,0
19/03/2018,3.2786,3.2949,3.2753,3.2801,3.2801,0
20/03/2018,3.2842,3.3035,3.2797,3.2841,3.2841,0
21/03/2018,3.3104,3.3118,3.2823,3.3087,3.3087,0
22/03/2018,3.2709,3.306,3.2673,3.2727,3.2727,0
23/03/2018,3.3142,3.3148,3.2733,3.3141,3.3141,0
26/03/2018,3.3087,3.3132,3.2897,3.3145,3.3145,0
27/03/2018,3.3101,3.3307,3.308,3.3103,3.3103,0
28/03/2018,3.3211,3.343,3.3197,3.3229,3.3229,0
29/03/2018,3.3193,3.3275,3.3125,3.3193,3.3193,0
30/03/2018,3.3035,3.3042,3.3015,3.3035,3.3035,0
02/04/2018,3.3028,3.3159,3.2964,3.302,3.302,0
03/04/2018,3.2993,3.3219,3.2993,3.3094,3.3094,0
04/04/2018,3.336,3.3665,3.3207,3.3394,3.3394,0
05/04/2018,3.3201,3.3321,3.2988,3.3277,3.3277,0
06/04/2018,3.3398,3.3772,3.3214,3.3416,3.3416,0
09/04/2018,3.369,3.3955,3.3603,3.3675,3.3675,0
10/04/2018,3.4175,3.4344,3.3854,3.421,3.421,0
11/04/2018,3.4075,3.421,3.3908,3.4073,3.4073,0
12/04/2018,3.3729,3.3906,3.3644,3.3731,3.3731,0
13/04/2018,3.4111,3.4265,3.3851,3.411,3.411,0
16/04/2018,3.3897,3.4332,3.3897,3.4243,3.4243,0
17/04/2018,3.3999,3.4184,3.3955,3.4161,3.4161,0
18/04/2018,3.4039,3.4088,3.378,3.4058,3.4058,0
19/04/2018,3.379,3.4033,3.3606,3.3771,3.3771,0
20/04/2018,3.3856,3.4152,3.374,3.3827,3.3827,0
23/04/2018,3.4138,3.447,3.4041,3.4137,3.4137,0
24/04/2018,3.4507,3.4783,3.4296,3.4489,3.4489,0
25/04/2018,3.4717,3.5135,3.4302,3.4715,3.4715,0
26/04/2018,3.4827,3.5052,3.4603,3.4809,3.4809,0
27/04/2018,3.4741,3.479,3.4593,3.4742,3.4742,0
30/04/2018,3.4569,3.4876,3.4538,3.4581,3.4581,0
01/05/2018,3.5042,3.5059,3.5042,3.5058,3.5058,0
02/05/2018,3.504,3.5524,3.4862,3.5061,3.5061,0
03/05/2018,3.5496,3.5644,3.5094,3.5496,3.5496,0
04/05/2018,3.5268,3.546,3.508,3.5266,3.5266,0
07/05/2018,3.5107,3.5561,3.5107,3.5255,3.5255,0
08/05/2018,3.5457,3.5914,3.5457,3.5492,3.5492,0
09/05/2018,3.5618,3.5995,3.5523,3.5619,3.5619,0
10/05/2018,3.59,3.594,3.5467,3.5903,3.5903,0
11/05/2018,3.5492,3.5969,3.5435,3.5495,3.5495,0
14/05/2018,3.603,3.6248,3.5684,3.6029,3.6029,0
15/05/2018,3.6192,3.6903,3.6191,3.6216,3.6216,0
16/05/2018,3.648,3.686,3.63,3.6487,3.6487,0
17/05/2018,3.6747,3.7057,3.6568,3.6744,3.6744,0
18/05/2018,3.6953,3.7656,3.6757,3.6951,3.6951,0
21/05/2018,3.7357,3.7373,3.6932,3.7384,3.7384,0
22/05/2018,3.6757,3.677,3.6321,3.6757,3.6757,0
23/05/2018,3.6461,3.6762,3.6388,3.646,3.646,0
24/05/2018,3.6261,3.6519,3.6,3.6256,3.6256,0
25/05/2018,3.6481,3.676,3.6423,3.6481,3.6481,0
28/05/2018,3.6262,3.7155,3.625,3.6262,3.6262,0
29/05/2018,3.7307,3.7607,3.712,3.7342,3.7342,0
30/05/2018,3.7219,3.7659,3.674,3.7241,3.7241,0
31/05/2018,3.6925,3.7257,3.6925,3.7221,3.7221,0
01/06/2018,3.7185,3.7613,3.6978,3.722,3.722,0
04/06/2018,3.7622,3.7662,3.733,3.7616,3.7616,0
05/06/2018,3.745,3.8043,3.7418,3.7445,3.7445,0
06/06/2018,3.8046,3.8415,3.7724,3.8043,3.8043,0
07/06/2018,3.8453,3.942,3.8422,3.8434,3.8434,0
08/06/2018,3.9007,3.903,3.7415,3.9007,3.9007,0
11/06/2018,3.707,3.726,3.6742,3.7049,3.7049,0
12/06/2018,3.7087,3.7269,3.6704,3.7088,3.7088,0
13/06/2018,3.7115,3.7185,3.6944,3.715,3.715,0
14/06/2018,3.7187,3.72,3.6848,3.7188,3.7188,0
15/06/2018,3.8041,3.8045,3.7499,3.804,3.804,0
18/06/2018,3.7304,3.7634,3.7258,3.7287,3.7287,0
19/06/2018,3.7427,3.7785,3.719,3.7462,3.7462,0
20/06/2018,3.7141,3.753,3.7068,3.745,3.745,0
21/06/2018,3.7694,3.8004,3.7542,3.7691,3.7691,0
22/06/2018,3.7651,3.7789,3.7368,3.7651,3.7651,0
25/06/2018,3.7793,3.7868,3.7595,3.7863,3.7863,0
26/06/2018,3.7486,3.7838,3.745,3.7751,3.7751,0
27/06/2018,3.7962,3.8565,3.777,3.7958,3.7958,0
28/06/2018,3.8598,3.8723,3.8279,3.8601,3.8601,0
29/06/2018,3.8617,3.8729,3.8298,3.8595,3.8595,0
02/07/2018,3.8753,3.9179,3.8593,3.8756,3.8756,0
03/07/2018,3.9129,3.9137,3.8729,3.9126,3.9126,0
04/07/2018,3.8884,3.9167,3.8811,3.8963,3.8963,0
05/07/2018,3.9115,3.9306,3.8851,3.911,3.911,0
06/07/2018,3.931,3.9506,3.8969,3.9313,3.9313,0
09/07/2018,3.857,3.8694,3.8376,3.8659,3.8659,0
10/07/2018,3.8694,3.883,3.8229,3.8713,3.8713,0
11/07/2018,3.8153,3.8646,3.8118,3.8151,3.8151,0
12/07/2018,3.876,3.877,3.836,3.8761,3.8761,0
13/07/2018,3.8781,3.8985,3.8556,3.8807,3.8807,0
16/07/2018,3.8508,3.8705,3.8153,3.8494,3.8494,0
17/07/2018,3.8309,3.876,3.8309,3.856,3.856,0
18/07/2018,3.8365,3.8621,3.8342,3.8359,3.8359,0
19/07/2018,3.8495,3.8898,3.8461,3.8492,3.8492,0
20/07/2018,3.8292,3.8294,3.7604,3.8285,3.8285,0
23/07/2018,3.7622,3.801,3.7622,3.7708,3.7708,0
24/07/2018,3.7535,3.7854,3.732,3.7804,3.7804,0
25/07/2018,3.746,3.7468,3.6975,3.7461,3.7461,0
26/07/2018,3.6865,3.7296,3.6688,3.6864,3.6864,0
27/07/2018,3.7441,3.7456,3.7047,3.7443,3.7443,0
30/07/2018,3.7099,3.728,3.6866,3.7111,3.7111,0
31/07/2018,3.7244,3.7619,3.7113,3.7281,3.7281,0
01/08/2018,3.7528,3.7676,3.7342,3.753,3.753,0
02/08/2018,3.7403,3.7792,3.7307,3.747,3.747,0
03/08/2018,3.7491,3.7514,3.7042,3.7484,3.7484,0
06/08/2018,3.7059,3.7307,3.6908,3.7023,3.7023,0
07/08/2018,3.7348,3.7366,3.7035,3.7345,3.7345,0
08/08/2018,3.7506,3.7698,3.7346,3.7505,3.7505,0
09/08/2018,3.7702,3.8186,3.7435,3.7701,3.7701,0
10/08/2018,3.773,3.8682,3.773,3.7996,3.7996,0
13/08/2018,3.8582,3.913,3.8526,3.8654,3.8654,0
14/08/2018,3.8822,3.8865,3.8603,3.882,3.882,0
15/08/2018,3.8644,3.9256,3.8622,3.8644,3.8644,0
16/08/2018,3.901,3.9184,3.8657,3.9006,3.9006,0
17/08/2018,3.8775,3.95,3.8775,3.9039,3.9039,0
20/08/2018,3.9075,3.9539,3.9073,3.9098,3.9098,0
21/08/2018,3.9664,3.9951,3.9325,3.966,3.966,0
22/08/2018,4.0483,4.089,4.0323,4.0485,4.0485,0
23/08/2018,4.036,4.0917,4.016,4.0369,4.0369,0
24/08/2018,4.1106,4.1151,4.0732,4.1123,4.1123,0
27/08/2018,4.0709,4.1123,4.0493,4.1028,4.1028,0
28/08/2018,4.0766,4.1422,4.0539,4.0775,4.0775,0
29/08/2018,4.1339,4.1572,4.1131,4.1339,4.1339,0
30/08/2018,4.0982,4.2076,4.0982,4.1055,4.1055,0
31/08/2018,4.1484,4.1739,4.1139,4.1486,4.1486,0
03/09/2018,4.0525,4.1373,4.0306,4.0537,4.0537,0
04/09/2018,4.1558,4.1848,4.1396,4.1548,4.1548,0
05/09/2018,4.1255,4.1806,4.1255,4.1537,4.1537,0
06/09/2018,4.1412,4.1628,4.1012,4.1431,4.1431,0
07/09/2018,4.0582,4.059,4.0552,4.0573,4.0573,0
10/09/2018,4.0547,4.1117,4.0547,4.0438,4.0438,0
11/09/2018,4.0848,4.1768,4.0822,4.0846,4.0846,0
12/09/2018,4.1514,4.1522,4.1033,4.1516,4.1516,0
13/09/2018,4.1602,4.1786,4.1267,4.1598,4.1598,0
14/09/2018,4.2055,4.2068,4.1643,4.205,4.205,0
17/09/2018,4.1697,4.2024,4.1412,4.172,4.172,0
18/09/2018,4.1326,4.1491,4.1204,4.1321,4.1321,0
19/09/2018,4.1587,4.17,4.1114,4.1584,4.1584,0
20/09/2018,4.1301,4.1317,4.0789,4.1303,4.1303,0
21/09/2018,4.0757,4.0929,4.0497,4.076,4.076,0
24/09/2018,4.0497,4.0757,4.0244,4.05,4.05,0
25/09/2018,4.0878,4.1395,4.0678,4.0913,4.0913,0
26/09/2018,4.0742,4.0913,4.0335,4.0736,4.0736,0
27/09/2018,4.0307,4.053,3.9698,4.0308,4.0308,0
28/09/2018,4.0116,4.0472,3.9897,4.012,4.012,0
01/10/2018,4.0456,4.0602,4.0041,4.0527,4.0527,0
02/10/2018,4.0165,4.0172,3.9181,4.0164,4.0164,0
03/10/2018,3.94,3.941,3.824,3.9395,3.9395,0
04/10/2018,3.8993,3.9312,3.8806,3.9004,3.9004,0
05/10/2018,3.8735,3.8923,3.8379,3.8739,3.8739,0
08/10/2018,3.8343,3.8438,3.6625,3.8358,3.8358,0
09/10/2018,3.7776,3.7872,3.7269,3.7772,3.7772,0
10/10/2018,3.7147,3.7624,3.7123,3.7148,3.7148,0
11/10/2018,3.7548,3.7677,3.6763,3.7548,3.7548,0
12/10/2018,3.7815,3.7823,3.7718,3.7815,3.7815,0
15/10/2018,3.7815,3.7824,3.7192,3.7816,3.7816,0
16/10/2018,3.7344,3.7348,3.6924,3.7339,3.7339,0
17/10/2018,3.7144,3.7378,3.6792,3.7236,3.7236,0
18/10/2018,3.686,3.707,3.6734,3.6862,3.6862,0
19/10/2018,3.72,3.7232,3.6882,3.7203,3.7203,0
22/10/2018,3.7104,3.7187,3.6698,3.7109,3.7109,0
23/10/2018,3.6845,3.721,3.661,3.6823,3.6823,0
24/10/2018,3.6953,3.7303,3.683,3.6924,3.6924,0
25/10/2018,3.731,3.7329,3.6851,3.7311,3.7311,0
26/10/2018,3.7048,3.7221,3.6683,3.7049,3.7049,0
29/10/2018,3.6416,3.6725,3.5861,3.6416,3.6416,0
30/10/2018,3.7156,3.7174,3.6471,3.7158,3.7158,0
31/10/2018,3.6945,3.7422,3.6883,3.6946,3.6946,0
01/11/2018,3.7188,3.7215,3.6801,3.7207,3.7207,0
02/11/2018,3.6951,3.6966,3.6819,3.6949,3.6949,0
05/11/2018,3.7003,3.7152,3.6918,3.7,3.7,0
06/11/2018,3.7247,3.7672,3.7002,3.7246,3.7246,0
07/11/2018,3.7603,3.7841,3.7222,3.7599,3.7599,0
08/11/2018,3.7299,3.7564,3.717,3.7304,3.7304,0
09/11/2018,3.7588,3.767,3.7328,3.7592,3.7592,0
12/11/2018,3.7294,3.7601,3.7291,3.7294,3.7294,0
13/11/2018,3.7661,3.81,3.7513,3.7664,3.7664,0
14/11/2018,3.7994,3.8163,3.7674,3.8014,3.8014,0
15/11/2018,3.7822,3.784,3.77,3.7824,3.7824,0
16/11/2018,3.7825,3.7836,3.7285,3.7824,3.7824,0
19/11/2018,3.7425,3.769,3.7182,3.7425,3.7425,0
20/11/2018,3.7545,3.7614,3.7473,3.7544,3.7544,0
21/11/2018,3.7559,3.7973,3.7523,3.7557,3.7557,0
22/11/2018,3.7966,3.8245,3.7856,3.7961,3.7961,0
23/11/2018,3.8022,3.8233,3.7953,3.8031,3.8031,0
26/11/2018,3.8257,3.8922,3.8196,3.673,3.673,0
27/11/2018,3.9394,3.94,3.8748,3.9397,3.9397,0
28/11/2018,3.8735,3.8854,3.847,3.8735,3.8735,0
29/11/2018,3.8491,3.8723,3.8327,3.8492,3.8492,0
30/11/2018,3.8514,3.8857,3.8383,3.851,3.851,0
03/12/2018,3.8652,3.8659,3.8162,3.8652,3.8652,0
04/12/2018,3.8408,3.8415,3.8174,3.8408,3.8408,0
05/12/2018,3.8491,3.8815,3.8349,3.8511,3.8511,0
06/12/2018,3.8668,3.9408,3.8493,3.8674,3.8674,0
07/12/2018,3.8781,3.9215,3.8585,3.8778,3.8778,0
10/12/2018,3.9063,3.9332,3.8911,3.9058,3.9058,0
11/12/2018,3.9165,3.9185,3.8885,3.9167,3.9167,0
12/12/2018,3.9026,3.9051,3.838,3.9026,3.9026,0
13/12/2018,3.8519,3.8929,3.8311,3.8541,3.8541,0
14/12/2018,3.8891,3.92,3.8867,3.8907,3.8907,0
17/12/2018,3.9159,3.9266,3.8865,3.9155,3.9155,0
18/12/2018,3.8984,3.9154,3.8839,3.8976,3.8976,0
19/12/2018,3.911,3.9117,3.8639,3.9109,3.9109,0
20/12/2018,3.8957,3.8975,3.8305,3.8962,3.8962,0
21/12/2018,3.8389,3.8804,3.8379,3.8389,3.8389,0
24/12/2018,3.9031,3.9036,3.8776,3.8434,3.8434,0
25/12/2018,3.9026,3.9029,3.8997,3.9026,3.9026,0
26/12/2018,3.9028,3.9383,3.8947,3.9028,3.9028,0
27/12/2018,3.9206,3.9419,3.8867,3.9206,3.9206,0
28/12/2018,3.8724,3.8929,3.8286,3.8715,3.8715,0
31/12/2018,3.8794,3.8817,3.8698,3.8742,3.8742,0
01/01/2019,3.88,3.88,3.8799,3.88,3.88,0
02/01/2019,3.8799,3.8959,3.8043,3.8799,3.8799,0
03/01/2019,3.7866,3.8047,3.7377,3.7863,3.7863,0
04/01/2019,3.755,3.7836,3.7115,3.7551,3.7551,0
07/01/2019,3.7137,3.7229,3.6906,3.6612,3.6612,0
08/01/2019,3.7342,3.738,3.7052,3.7341,3.7341,0
09/01/2019,3.712,3.7137,3.6757,3.7124,3.7124,0
10/01/2019,3.6795,3.6948,3.6738,3.68,3.68,0
11/01/2019,3.7066,3.7268,3.6933,3.7079,3.7079,0
14/01/2019,3.71,3.7294,3.6929,3.6596,3.6596,0
15/01/2019,3.6982,3.722,3.6903,3.6975,3.6975,0
16/01/2019,3.7159,3.736,3.7097,3.7164,3.7164,0
17/01/2019,3.7351,3.772,3.7247,3.7343,3.7343,0
18/01/2019,3.7491,3.766,3.7141,3.7489,3.7489,0
21/01/2019,3.7502,3.7779,3.7405,3.7502,3.7502,0
22/01/2019,3.7517,3.7846,3.7398,3.7514,3.7514,0
23/01/2019,3.8137,3.8143,3.778,3.812,3.812,0
24/01/2019,3.7626,3.7944,3.7386,3.7623,3.7623,0
25/01/2019,3.7698,3.7718,3.7103,3.7698,3.7698,0
28/01/2019,3.7533,3.7853,3.7513,3.7696,3.7696,0
29/01/2019,3.7602,3.7629,3.7247,3.7596,3.7596,0
30/01/2019,3.7187,3.7239,3.702,3.7185,3.7185,0
31/01/2019,3.6816,3.6857,3.6372,3.6814,3.6814,0
01/02/2019,3.6402,3.6807,3.6352,3.6428,3.6428,0
04/02/2019,3.6573,3.6866,3.6557,3.6573,3.6573,0
05/02/2019,3.6672,3.6828,3.6623,3.667,3.667,0
06/02/2019,3.6682,3.7143,3.6575,3.6683,3.6683,0
07/02/2019,3.6932,3.7346,3.669,3.6947,3.6947,0
08/02/2019,3.7131,3.7456,3.7032,3.7149,3.7149,0
11/02/2019,3.7279,3.7717,3.7244,3.7286,3.7286,0
12/02/2019,3.756,3.7571,3.7087,3.7552,3.7552,0
13/02/2019,3.7081,3.7563,3.6979,3.708,3.708,0
14/02/2019,3.7526,3.7913,3.732,3.7532,3.7532,0
15/02/2019,3.7217,3.7243,3.7022,3.722,3.722,0
18/02/2019,3.6987,3.7405,3.6856,3.6468,3.6468,0
19/02/2019,3.7318,3.7424,3.7,3.7317,3.7317,0
20/02/2019,3.7226,3.7314,3.6914,3.722,3.722,0
21/02/2019,3.7237,3.7697,3.7174,3.724,3.724,0
22/02/2019,3.7667,3.7676,3.732,3.7665,3.7665,0
25/02/2019,3.7463,3.747,3.7191,3.7463,3.7463,0
26/02/2019,3.7501,3.7645,3.729,3.7504,3.7504,0
27/02/2019,3.7471,3.7484,3.722,3.7471,3.7471,0
28/02/2019,3.7271,3.7544,3.7166,3.7273,3.7273,0
01/03/2019,3.7474,3.7939,3.7367,3.7475,3.7475,0
04/03/2019,3.7727,3.7751,3.7705,3.7214,3.7214,0
05/03/2019,3.7738,3.7752,3.7717,3.7741,3.7741,0
06/03/2019,3.7745,3.8214,3.7588,3.7744,3.7744,0
07/03/2019,3.8381,3.8884,3.7758,3.8368,3.8368,0
08/03/2019,3.8691,3.8997,3.8514,3.8693,3.8693,0
11/03/2019,3.8667,3.8671,3.8311,3.8134,3.8134,0
12/03/2019,3.8371,3.8424,3.802,3.8373,3.8373,0
13/03/2019,3.8117,3.8321,3.8006,3.8116,3.8116,0
14/03/2019,3.8129,3.8386,3.8045,3.8133,3.8133,0
15/03/2019,3.8405,3.8686,3.81,3.8405,3.8405,0
18/03/2019,3.8115,3.8257,3.8028,3.813,3.813,0
19/03/2019,3.7904,3.7917,3.7657,3.79,3.79,0
20/03/2019,3.7878,3.7968,3.7772,3.7877,3.7877,0
21/03/2019,3.774,3.8249,3.74,3.7742,3.7742,0
22/03/2019,3.7909,3.8947,3.7746,3.791,3.791,0
25/03/2019,3.9029,3.9308,3.8598,3.906,3.906,0
26/03/2019,3.8538,3.8768,3.8286,3.8536,3.8536,0
27/03/2019,3.8756,3.9594,3.8545,3.875,3.875,0
28/03/2019,3.9887,4.0064,3.9513,3.9882,3.9882,0
29/03/2019,3.8977,3.9092,3.8642,3.8977,3.8977,0
01/04/2019,3.8837,3.9216,3.8599,3.9225,3.9225,0
02/04/2019,3.849,3.8768,3.822,3.8485,3.8485,0
03/04/2019,3.8495,3.8554,3.8347,3.8523,3.8523,0
04/04/2019,3.8687,3.8854,3.8603,3.8683,3.8683,0
05/04/2019,3.8496,3.8696,3.83,3.8559,3.8559,0
08/04/2019,3.8718,3.8742,3.855,3.874,3.874,0
09/04/2019,3.8456,3.8623,3.8385,3.8482,3.8482,0
10/04/2019,3.831,3.8536,3.8209,3.848,3.848,0
11/04/2019,3.8242,3.8572,3.8061,3.824,3.824,0
12/04/2019,3.8567,3.8784,3.8326,3.8558,3.8558,0
15/04/2019,3.8809,3.8882,3.8618,3.8803,3.8803,0
16/04/2019,3.8707,3.9053,3.8664,3.8704,3.8704,0
17/04/2019,3.9037,3.9443,3.875,3.9038,3.9038,0
18/04/2019,3.9374,3.9492,3.8987,3.9367,3.9367,0
19/04/2019,3.9263,3.9352,3.926,3.9267,3.9267,0
22/04/2019,3.9196,3.9302,3.9,3.9345,3.9345,0
23/04/2019,3.9337,3.9613,3.9252,3.9341,3.9341,0
24/04/2019,3.9184,3.9822,3.9,3.9183,3.9183,0
25/04/2019,3.9891,4.0026,3.9529,3.9896,3.9896,0
26/04/2019,3.9534,3.9671,3.9183,3.9527,3.9527,0
29/04/2019,3.9237,3.9433,3.9175,3.9292,3.9292,0
30/04/2019,3.9445,3.9549,3.9209,3.9443,3.9443,0
01/05/2019,3.922,3.9391,3.9161,3.9169,3.9169,0
02/05/2019,3.9268,3.9699,3.9072,3.9193,3.9193,0
03/05/2019,3.9666,3.9672,3.9305,3.9662,3.9662,0
06/05/2019,3.9338,3.9732,3.9289,3.9366,3.9366,0
07/05/2019,3.9678,3.9974,3.9472,3.9682,3.9682,0
08/05/2019,3.9712,3.9915,3.925,3.9687,3.9687,0
09/05/2019,3.9261,3.9791,3.906,3.9263,3.9263,0
10/05/2019,3.9457,3.9708,3.9364,3.9454,3.9454,0
13/05/2019,3.9242,4.0008,3.9242,3.9597,3.9597,0
14/05/2019,3.9891,3.9936,3.9688,3.9905,3.9905,0
15/05/2019,3.9756,4.0208,3.9724,3.9751,3.9751,0
16/05/2019,3.9996,4.0243,3.9843,3.9999,3.9999,0
17/05/2019,4.0463,4.0977,4.0223,4.0462,4.0462,0
20/05/2019,4.0958,4.1193,4.082,4.0974,4.0974,0
21/05/2019,4.0951,4.1106,4.0596,4.0949,4.0949,0
22/05/2019,null,null,null,null,null,null
23/05/2019,4.0369,4.0693,4.0262,4.0368,4.0368,0
24/05/2019,4.0384,4.0454,4.0187,4.0387,4.0387,0
27/05/2019,4.012,4.0267,4.0063,4.0212,4.0212,0
28/05/2019,4.0415,4.0506,4.0135,4.0421,4.0421,0
29/05/2019,4.0241,4.0358,3.9859,4.0236,4.0236,0
30/05/2019,3.9735,3.9902,3.9514,3.9734,3.9734,0
31/05/2019,3.9755,3.9957,3.9087,3.98,3.98,0
03/06/2019,3.9198,3.929,3.8898,3.9242,3.9242,0
04/06/2019,3.8795,3.8868,3.8551,3.8841,3.8841,0
05/06/2019,3.8536,3.8805,3.8371,3.8536,3.8536,0
06/06/2019,3.8464,3.8862,3.8464,3.8794,3.8794,0
07/06/2019,3.8785,3.8826,3.8499,3.8784,3.8784,0
10/06/2019,3.8829,3.8944,3.8669,3.8765,3.8765,0
11/06/2019,3.8521,3.8857,3.8521,3.8845,3.8845,0
12/06/2019,3.8552,3.8616,3.8302,3.8551,3.8551,0
13/06/2019,3.8652,3.8669,3.8342,3.8659,3.8659,0
14/06/2019,3.8478,3.898,3.8452,3.8482,3.8482,0
17/06/2019,3.8937,3.904,3.8797,3.8945,3.8945,0
18/06/2019,3.8877,3.8879,3.849,3.887,3.887,0
19/06/2019,3.8593,3.8824,3.8573,3.8595,3.8595,0
20/06/2019,3.829,3.8381,3.829,3.8354,3.8354,0
21/06/2019,3.8406,3.8429,3.8116,3.8377,3.8377,0
24/06/2019,3.792,3.8349,3.792,3.8205,3.8205,0
25/06/2019,3.8255,3.8358,3.8148,3.8256,3.8256,0
26/06/2019,3.811,3.8521,3.811,3.8455,3.8455,0
27/06/2019,3.8428,3.871,3.8403,3.8429,3.8429,0
28/06/2019,3.8158,3.8373,3.7974,3.816,3.816,0
01/07/2019,3.8494,3.8503,3.8064,3.8495,3.8495,0
02/07/2019,3.8395,3.8782,3.8357,3.8396,3.8396,0
03/07/2019,3.8424,3.8731,3.8201,3.8439,3.8439,0
04/07/2019,3.8251,3.8285,3.7835,3.825,3.825,0
05/07/2019,3.8007,3.836,3.7985,3.8008,3.8008,0
08/07/2019,3.8189,3.8212,3.8003,3.8191,3.8191,0
09/07/2019,3.7992,3.8205,3.7984,3.7991,3.7991,0
10/07/2019,3.8007,3.8103,3.7617,3.799,3.799,0
11/07/2019,3.7503,3.79,3.7207,3.7503,3.7503,0
12/07/2019,3.7547,3.7609,3.7354,3.7548,3.7548,0
15/07/2019,3.7295,3.752,3.7196,3.7344,3.7344,0
16/07/2019,3.7247,3.7678,3.7247,3.7537,3.7537,0
17/07/2019,3.7367,3.7678,3.7367,3.7672,3.7672,0
18/07/2019,3.7621,3.764,3.7447,3.7618,3.7618,0
19/07/2019,3.7175,3.7428,3.702,3.7174,3.7174,0
22/07/2019,3.7467,3.7501,3.7331,3.7459,3.7459,0
23/07/2019,3.7307,3.7697,3.7168,3.7398,3.7398,0
24/07/2019,3.7724,3.7725,3.7508,3.7724,3.7724,0
25/07/2019,3.772,3.8029,3.7478,3.7713,3.7713,0
26/07/2019,3.7487,3.7903,3.7487,3.7752,3.7752,0
29/07/2019,3.7732,3.7975,3.7543,3.7735,3.7735,0
30/07/2019,3.7463,3.7969,3.7463,3.7801,3.7801,0
31/07/2019,3.7892,3.7916,3.7527,3.7893,3.7893,0
01/08/2019,3.8116,3.8366,3.7879,3.8117,3.8117,0
02/08/2019,3.8373,3.8915,3.8131,3.8373,3.8373,0
05/08/2019,3.8877,3.9452,3.8817,3.8839,3.8839,0
06/08/2019,3.973,3.9827,3.9364,3.9731,3.9731,0
07/08/2019,3.9567,3.9903,3.9349,3.9587,3.9587,0
08/08/2019,3.9675,3.9678,3.9278,3.9674,3.9674,0
09/08/2019,3.9178,3.9448,3.8981,3.9176,3.9176,0
12/08/2019,3.9389,4.0113,3.9187,3.9402,3.9402,0
13/08/2019,3.9833,4.0108,3.942,3.9839,3.9839,0
14/08/2019,3.9617,4.0155,3.96,3.9624,3.9624,0
15/08/2019,4.0502,4.0505,4.0031,4.0503,4.0503,0
16/08/2019,3.9901,4.0019,3.9745,3.9901,3.9901,0
19/08/2019,4.0044,4.0388,3.9904,4.0046,4.0046,0
20/08/2019,4.0733,4.0742,4.0244,4.0732,4.0732,0
21/08/2019,4.0466,4.0531,4.011,4.0517,4.0517,0
22/08/2019,4.0243,4.0583,4.0178,4.024,4.024,0
23/08/2019,4.0678,4.1109,4.0528,4.068,4.068,0
26/08/2019,4.1196,4.156,4.098,4.1262,4.1262,0
27/08/2019,4.1515,4.1812,4.1215,4.1515,4.1515,0
28/08/2019,4.1232,4.1655,4.102,4.1228,4.1228,0
29/08/2019,4.167,4.1752,4.1418,4.1677,4.1677,0
30/08/2019,4.1677,4.1695,4.1218,4.1681,4.1681,0
02/09/2019,4.1427,4.1647,4.1412,4.1439,4.1439,0
03/09/2019,4.1845,4.1848,4.1455,4.1844,4.1844,0
04/09/2019,4.1499,4.1659,4.1095,4.1651,4.1651,0
05/09/2019,4.0911,4.0956,4.0668,4.0932,4.0932,0
06/09/2019,4.0801,4.1067,4.0516,4.106,4.106,0
09/09/2019,4.063,4.091,4.0467,4.0613,4.0613,0
10/09/2019,4.0933,4.1263,4.0869,4.0934,4.0934,0
11/09/2019,4.0796,4.0847,4.05,4.0795,4.0795,0
12/09/2019,4.056,4.067,4.0246,4.0642,4.0642,0
13/09/2019,4.0329,4.0635,4.0329,4.0589,4.0589,0
16/09/2019,4.0826,4.1032,4.0755,4.0855,4.0855,0
17/09/2019,4.0744,4.1144,4.0744,4.0793,4.0793,0
18/09/2019,4.0402,4.1013,4.0402,4.076,4.076,0
19/09/2019,4.1072,4.1439,4.089,4.1073,4.1073,0
20/09/2019,4.167,4.1811,4.1435,4.1666,4.1666,0
23/09/2019,4.147,4.1768,4.142,4.1483,4.1483,0
24/09/2019,4.1223,4.1787,4.1223,4.1615,4.1615,0
25/09/2019,4.1305,4.193,4.1305,4.1617,4.1617,0
26/09/2019,4.148,4.1574,4.1214,4.1471,4.1471,0
27/09/2019,4.1693,4.1699,4.1457,4.1692,4.1692,0
30/09/2019,4.1552,4.169,4.1218,4.1571,4.1571,0
01/10/2019,4.1458,4.1826,4.1458,4.1548,4.1548,0
02/10/2019,4.1549,4.177,4.1186,4.1546,4.1546,0
03/10/2019,4.1196,4.1281,4.0841,4.1244,4.1244,0
04/10/2019,4.083,4.0849,4.0519,4.0829,4.0829,0
07/10/2019,4.053,4.0849,4.0519,4.0546,4.0546,0
08/10/2019,4.1048,4.106,4.0792,4.1051,4.1051,0
09/10/2019,4.0927,4.1084,4.0706,4.0909,4.0909,0
10/10/2019,4.1082,4.1334,4.0896,4.1083,4.1083,0
11/10/2019,4.113,4.1227,4.0859,4.1084,4.1084,0
14/10/2019,4.112502,4.1355,4.1014,4.1085,4.1085,0
15/10/2019,4.085912,4.1514,4.085912,4.1237,4.1237,0
16/10/2019,4.1783,4.1857,4.1565,4.1786,4.1786,0
17/10/2019,4.138741,4.1614,4.124645,4.1486,4.1486,0
18/10/2019,4.123051,4.1615,4.123051,4.1611,4.1611,0
21/10/2019,4.1161,4.149,4.108087,4.1111,4.1111,0
22/10/2019,4.124375,4.1306,4.0636,4.124764,4.124764,0
23/10/2019,4.0788,4.0899,4.0601,4.0784,4.0784,0
24/10/2019,4.0329,4.0364,3.9993,4.0331,4.0331,0
25/10/2019,4.0412,4.0412,3.9909,4.0393,4.0393,0
28/10/2019,4.0031,4.0066,3.9716,4.0029,4.0029,0
29/10/2019,3.9888,4.0028,3.983024,3.9888,3.9888,0
30/10/2019,3.9966,4.029,3.961403,3.9967,3.9967,0
31/10/2019,3.9861,4.0156,3.9554,3.9862,3.9862,0
01/11/2019,4.0159,4.0196,3.969,4.016,4.016,0
04/11/2019,3.9881,4.0004,3.9742,3.9894,3.9894,0
05/11/2019,4.0109,4.0222,3.9806,4.0108,4.0108,0
06/11/2019,3.9921,4.0789,3.9729,3.992,3.992,0
07/11/2019,4.0829,4.1001,4.040895,4.0823,4.0823,0
08/11/2019,4.097043,4.1543,4.07334,4.0995,4.0995,0
11/11/2019,4.1334,4.1691,4.1334,4.1334,4.1334,0
12/11/2019,4.1513,4.1836,4.1433,4.1513,4.1513,0
13/11/2019,4.1677,4.1837,4.1633,4.1679,4.1679,0
14/11/2019,4.1684,4.1949,4.1595,4.1686,4.1686,0
15/11/2019,4.1943,4.1949,4.192028,4.1943,4.1943,0
18/11/2019,4.1948,4.1949,4.167247,4.1948,4.1948,0
19/11/2019,4.2164,4.2172,4.1861,4.2164,4.2164,0
20/11/2019,4.1919,4.1967,4.1796,4.1917,4.1917,0
21/11/2019,4.195,4.2197,4.1842,4.195,4.195,0
22/11/2019,4.1915,4.1969,4.169653,4.1917,4.1917,0
25/11/2019,4.1954,4.219,4.1744,4.195,4.195,0
26/11/2019,4.2254,4.2673,4.223194,4.2254,4.2254,0
27/11/2019,4.2317,4.2685,4.2271,4.2318,4.2318,0
28/11/2019,4.2626,4.2645,4.238782,4.2627,4.2627,0
29/11/2019,4.188,4.2393,4.1833,4.188,4.188,0
02/12/2019,4.2361,4.2472,4.211,4.2361,4.2361,0
03/12/2019,4.2222,4.2233,4.1857,4.2223,4.2223,0
04/12/2019,4.2042,4.2075,4.181273,4.204,4.204,0
05/12/2019,4.2061,4.2216,4.1849,4.2061,4.2061,0
06/12/2019,4.1844,4.1896,4.166475,4.1846,4.1846,0
09/12/2019,4.1189,4.1582,4.1189,4.1189,4.1189,0
10/12/2019,4.1411,4.1488,4.1206,4.1411,4.1411,0
11/12/2019,4.1447,4.1454,4.1091,4.1446,4.1446,0
12/12/2019,4.1224,4.1289,4.0951,4.1237,4.1237,0
13/12/2019,4.0892,4.1096,4.073503,4.087248,4.087248,0
16/12/2019,4.0858,4.109,4.063575,4.0858,4.0858,0
17/12/2019,4.0619,4.0752,4.0503,4.0619,4.0619,0
18/12/2019,4.0706,4.0728,4.04527,4.0702,4.0702,0
19/12/2019,4.0617,4.0665,4.037999,4.059663,4.059663,0
20/12/2019,4.0685,4.0862,4.042321,4.0688,4.0688,0
23/12/2019,4.0799,4.1027,4.0564,4.0799,4.0799,0
24/12/2019,4.0822,4.0827,4.0612,4.082,4.082,0
25/12/2019,4.0828,4.083,4.056834,4.0828,4.0828,0
26/12/2019,4.083,4.0836,4.045,4.083,4.083,0
27/12/2019,4.0547,4.075362,4.032774,4.0547,4.0547,0
30/12/2019,4.0223,4.045137,4.0094,4.0223,4.0223,0
31/12/2019,4.015712,4.0255,4.014895,4.015711,4.015711,0
01/01/2020,4.016786,4.0182,4.0163,4.016786,4.016786,0
02/01/2020,4.0163,4.0387,4.00082,4.0163,4.0163,0
03/01/2020,4.0237,4.067005,4.021125,4.0234,4.0234,0
06/01/2020,4.057,4.0662,4.044942,4.057,4.057,0
07/01/2020,4.0605,4.0906,4.043024,4.0604,4.0604,0
08/01/2020,4.0662,4.0764,4.0441,4.0662,4.0662,0
09/01/2020,4.0628,4.0847,4.037521,4.0628,4.0628,0
10/01/2020,4.0922,4.0925,4.061031,4.0921,4.0921,0
13/01/2020,4.0904,4.1388,4.088028,4.0705,4.0705,0
14/01/2020,4.1459,4.1575,4.12605,4.1458,4.1458,0
15/01/2020,4.1313,4.1819,4.1102,4.1313,4.1313,0
16/01/2020,4.1744,4.1905,4.1594,4.1742,4.1742,0
17/01/2020,4.1837,4.1887,4.171507,4.1836,4.1836,0
20/01/2020,4.1616,4.1862,4.1574,4.1616,4.1616,0
21/01/2020,4.1887,4.2052,4.166776,4.1885,4.1885,0
22/01/2020,4.2109,4.2113,4.1794,4.2109,4.2109,0
23/01/2020,4.1814,4.1878,4.1556,4.1813,4.1813,0
24/01/2020,4.1688,4.1876,4.1474,4.1691,4.1691,0
27/01/2020,4.1595,4.2297,4.1595,4.1595,4.1595,0
28/01/2020,4.2061,4.2157,4.1869,4.2061,4.2061,0
29/01/2020,4.1933,4.2211,4.1817,4.1934,4.1934,0
30/01/2020,4.2288,4.2692,4.226698,4.2289,4.2289,0
31/01/2020,4.2422,4.2842,4.240011,4.2422,4.2422,0
03/02/2020,4.2826,4.2826,4.228579,4.2826,4.2826,0
04/02/2020,4.2465,4.2475,4.2232,4.2468,4.2468,0
05/02/2020,4.2539,4.2586,4.22381,4.2537,4.2537,0
06/02/2020,4.2336,4.2709,4.207225,4.2336,4.2336,0
07/02/2020,4.2809,4.3221,4.2772,4.2808,4.2808,0
10/02/2020,4.3204,4.3255,4.30438,4.3204,4.3204,0
11/02/2020,4.3232,4.3355,4.2965,4.320975,4.320975,0
12/02/2020,4.327531,4.3473,4.3235,4.327531,4.327531,0
13/02/2020,4.3546,4.3801,4.309545,4.3545,4.3545,0
14/02/2020,4.346647,4.3489,4.3005,4.346767,4.346767,0
17/02/2020,4.297,4.3237,4.294353,4.297,4.297,0
18/02/2020,4.3266,4.3539,4.321498,4.3265,4.3265,0
19/02/2020,4.3549,4.3754,4.352478,4.3548,4.3548,0
20/02/2020,4.3644,4.3956,4.329676,4.364,4.364,0
21/02/2020,4.390741,4.4032,4.3711,4.3923,4.3923,0
24/02/2020,4.3898,4.3995,4.365236,4.3898,4.3898,0
25/02/2020,4.3868,4.3887,4.366822,4.3866,4.3866,0
26/02/2020,4.3868,4.4322,4.350477,4.3868,4.3868,0
27/02/2020,4.4495,4.4979,4.446161,4.4491,4.4491,0
28/02/2020,4.482665,4.5123,4.461548,4.4848,4.4848,0
02/03/2020,4.4413,4.5026,4.4413,4.4413,4.4413,0
03/03/2020,4.4725,4.5071,4.448661,4.4724,4.4724,0
04/03/2020,4.5132,4.5558,4.501889,4.5132,4.5132,0
05/03/2020,4.5834,4.6533,4.580981,4.5834,4.5834,0
06/03/2020,4.604031,4.6691,4.602803,4.6062,4.6062,0
09/03/2020,4.6255,4.7889,4.62118,4.5898,4.5898,0
10/03/2020,4.723,4.7249,4.6552,4.7229,4.7229,0
11/03/2020,4.6425,4.6831,4.6152,4.6421,4.6421,0
12/03/2020,4.8134,5.0157,4.810665,4.8138,4.8138,0
13/03/2020,4.7904,4.7914,4.6483,4.7902,4.7902,0
16/03/2020,4.8526,4.988126,4.8526,4.8526,4.8526,0
17/03/2020,4.9994,5.0778,4.996051,4.999,4.999,0
18/03/2020,5.0099,5.1989,4.9835,5.0097,5.0097,0
19/03/2020,5.103829,5.2105,5.102208,5.103962,5.103962,0
20/03/2020,5.0948,5.097,4.9902,5.0942,5.0942,0
23/03/2020,5.0455,5.1332,5.006,5.0455,5.0455,0
24/03/2020,5.1417,5.1429,5.0388,5.1417,5.1417,0
25/03/2020,5.0986,5.10321,5.051,5.0981,5.0981,0
26/03/2020,5.031478,5.060156,4.9739,5.0337,5.0337,0
27/03/2020,5.0218,5.1162,4.981573,5.0226,5.0226,0
30/03/2020,5.1003,5.1756,5.077654,5.104629,5.104629,0
31/03/2020,5.190701,5.204,5.1665,5.1927,5.1927,0
01/04/2020,5.2039,5.2489,5.19839,5.2035,5.2035,0
02/04/2020,5.248,5.2759,5.2208,5.2482,5.2482,0
03/04/2020,5.255,5.3206,5.252046,5.2553,5.2553,0
06/04/2020,5.3404,5.3487,5.224,5.3485,5.3485,0
07/04/2020,5.2849,5.2864,5.185842,5.2853,5.2853,0
08/04/2020,5.2216,5.2447,5.1613,5.2217,5.2217,0
09/04/2020,5.1218,5.1505,5.05,5.1235,5.1235,0
10/04/2020,5.1058,5.1059,5.071152,5.1058,5.1058,0
13/04/2020,5.1056,5.2039,5.1048,5.1055,5.1055,0
14/04/2020,5.1986,5.2085,5.071872,5.1985,5.1985,0
15/04/2020,5.160036,5.2644,5.159709,5.162,5.162,0
16/04/2020,5.2382,5.2603,5.2025,5.237,5.237,0
17/04/2020,5.2325,5.2721,5.1995,5.2309,5.2309,0
20/04/2020,5.2337,5.2985,5.233072,5.2327,5.2327,0
21/04/2020,5.316,5.3173,5.312491,5.3154,5.3154,0
22/04/2020,5.3155,5.3975,5.3038,5.315,5.315,0
23/04/2020,5.4566,5.481,5.401,5.4569,5.4569,0
24/04/2020,5.5336,5.7135,5.5012,5.5331,5.5331,0
27/04/2020,5.5921,5.6825,5.5383,5.5726,5.5726,0
28/04/2020,5.6532,5.654,5.5472,5.6526,5.6526,0
29/04/2020,5.4966,5.520564,5.37303,5.4974,5.4974,0
30/04/2020,5.3349,5.4417,5.331065,5.3348,5.3348,0
01/05/2020,5.486,5.4895,5.4848,5.486,5.486,0
04/05/2020,5.4853,5.5991,5.481905,5.477,5.477,0
05/05/2020,5.539295,5.5627,5.481327,5.5406,5.5406,0
06/05/2020,5.5782,5.6865,5.57552,5.5781,5.5781,0
07/05/2020,5.7144,5.871,5.71152,5.7152,5.7152,0
08/05/2020,5.8308,5.8319,5.72125,5.828719,5.828719,0
11/05/2020,5.7308,5.8146,5.729079,5.477,5.477,0
12/05/2020,5.8171,5.821,5.7432,5.8171,5.8171,0
13/05/2020,5.885,5.9287,5.8181,5.8848,5.8848,0
14/05/2020,5.8863,5.966484,5.882761,5.8864,5.8864,0
15/05/2020,5.8094,5.8647,5.7611,5.8094,5.8094,0
18/05/2020,5.8547,5.8551,5.7065,5.8552,5.8552,0
19/05/2020,5.7192,5.7593,5.683305,5.719,5.719,0
20/05/2020,5.7549,5.7574,5.672,5.7552,5.7552,0
21/05/2020,5.6922,5.699414,5.566444,5.6905,5.6905,0
22/05/2020,5.5524,5.6182,5.5486,5.5524,5.5524,0
25/05/2020,5.4771,5.5338,5.440687,5.5287,5.5287,0
26/05/2020,5.4433,5.4449,5.3455,5.4434,5.4434,0
27/05/2020,5.3447,5.3523,5.268927,5.344,5.344,0
28/05/2020,5.2727,5.3564,5.268989,5.2727,5.2727,0
29/05/2020,5.4031,5.4575,5.338137,5.4036,5.4036,0
01/06/2020,5.3349,5.3951,5.311857,5.3348,5.3348,0
02/06/2020,5.366,5.3685,5.211941,5.3665,5.3665,0
03/06/2020,5.1991,5.2005,5.0178,5.1993,5.1993,0
04/06/2020,5.0618,5.137,5.023722,5.0616,5.0616,0
05/06/2020,5.117,5.1183,4.9334,5.1172,5.1172,0
08/06/2020,4.9594,4.9717,4.882455,4.9595,4.9595,0
09/06/2020,4.8215,4.9322,4.818516,4.8216,4.8216,0
10/06/2020,4.8995,4.9115,4.847563,4.8984,4.8984,0
11/06/2020,4.9726,4.9756,4.952904,4.9722,4.9722,0
12/06/2020,4.9751,5.1048,4.97245,4.975,4.975,0
15/06/2020,5.3613,5.3613,5.0466,5.0478,5.0478,0
16/06/2020,5.152805,5.2064,5.0478,5.153207,5.153207,0
17/06/2020,5.2428,5.2681,5.1841,5.2436,5.2436,0
18/06/2020,5.2274,5.373,5.224581,5.2279,5.2279,0
19/06/2020,5.3764,5.3807,5.3234,5.3772,5.3772,0
22/06/2020,5.1405,5.3132,5.1405,5.31,5.31,0
23/06/2020,5.2519,5.2544,5.1458,5.2519,5.2519,0
24/06/2020,5.151,5.3178,5.148539,5.151,5.151,0
25/06/2020,5.3477,5.3697,5.2658,5.3466,5.3466,0
26/06/2020,5.3597,5.4898,5.356802,5.3595,5.3595,0
29/06/2020,5.48473,5.4852,5.391565,5.4809,5.4809,0
30/06/2020,5.4024,5.5048,5.396723,5.4021,5.4021,0
01/07/2020,5.4614,5.465569,5.34,5.4617,5.4617,0
02/07/2020,5.3166,5.3407,5.2676,5.3162,5.3162,0
03/07/2020,5.3585,5.377,5.3144,5.3589,5.3589,0
06/07/2020,5.1405,5.3467,5.1405,5.3114,5.3114,0
07/07/2020,5.3541,5.395174,5.2853,5.3543,5.3543,0
08/07/2020,5.3777,5.3911,5.3184,5.3778,5.3778,0
09/07/2020,5.3426,5.3449,5.241,5.3426,5.3426,0
10/07/2020,5.335637,5.3895,5.322079,5.3378,5.3378,0
13/07/2020,5.3236,5.3693,5.314786,5.3269,5.3269,0
14/07/2020,5.4014,5.4496,5.3464,5.4015,5.4015,0
15/07/2020,5.367,5.3691,5.29016,5.3668,5.3668,0
16/07/2020,5.3666,5.384,5.330767,5.366948,5.366948,0
17/07/2020,5.3299,5.3572,5.314331,5.3307,5.3307,0
20/07/2020,5.3826,5.3868,5.3344,5.3853,5.3853,0
21/07/2020,5.3277,5.329,5.1804,5.3277,5.3277,0
22/07/2020,5.169,5.1959,5.0929,5.1698,5.1698,0
23/07/2020,5.1184,5.1949,5.115872,5.1181,5.1181,0
24/07/2020,5.2104,5.2497,5.182795,5.2106,5.2106,0
27/07/2020,5.2298,5.2325,5.153,5.2291,5.2291,0
28/07/2020,5.1431,5.197742,5.122965,5.141422,5.141422,0
29/07/2020,5.1514,5.1593,5.111319,5.1523,5.1523,0
30/07/2020,5.1686,5.2118,5.148353,5.1688,5.1688,0
31/07/2020,5.1533,5.2193,5.151209,5.1539,5.1539,0
03/08/2020,5.2217,5.3332,5.196744,5.2212,5.2212,0
04/08/2020,5.3187,5.3739,5.304333,5.3187,5.3187,0
05/08/2020,5.2902,5.2943,5.2325,5.2902,5.2902,0
06/08/2020,5.2908,5.36608,5.250092,5.2909,5.2909,0
07/08/2020,5.3304,5.4353,5.329171,5.3313,5.3313,0
10/08/2020,5.4371,5.4382,5.3474,5.4372,5.4372,0
11/08/2020,5.48,5.4837,5.399079,5.4805,5.4805,0
12/08/2020,5.3803,5.4833,5.377404,5.3804,5.3804,0
13/08/2020,5.4352,5.4359,5.357,5.435,5.435,0
14/08/2020,5.3669,5.42,5.357778,5.367,5.367,0
17/08/2020,5.4246,5.4765,5.40984,5.4208,5.4208,0
18/08/2020,5.5085,5.5098,5.4168,5.5083,5.5083,0
19/08/2020,5.4669,5.5046,5.434825,5.4654,5.4654,0
20/08/2020,5.5565,5.667801,5.540347,5.5564,5.5564,0
21/08/2020,5.5557,5.6315,5.552826,5.5559,5.5559,0
24/08/2020,5.6232,5.6236,5.557193,5.6186,5.6186,0
25/08/2020,5.6097,5.613491,5.556106,5.6106,5.6106,0
26/08/2020,5.5072,5.6056,5.505211,5.5074,5.5074,0
27/08/2020,5.6073,5.6174,5.557,5.6072,5.6072,0
28/08/2020,5.5685,5.5699,5.440155,5.5687,5.5687,0
31/08/2020,5.3909,5.4925,5.363298,5.39,5.39,0
01/09/2020,5.4914,5.4925,5.3557,5.4909,5.4909,0
02/09/2020,5.3967,5.422366,5.343658,5.3973,5.3973,0
03/09/2020,5.3384,5.3714,5.2876,5.3387,5.3387,0
04/09/2020,5.2901,5.3243,5.248,5.2899,5.2899,0
07/09/2020,5.303,5.3033,5.295871,5.301,5.301,0
08/09/2020,5.2984,5.4045,5.295667,5.2983,5.2983,0
09/09/2020,5.3612,5.3636,5.2827,5.3606,5.3606,0
10/09/2020,5.3074,5.315626,5.266363,5.3085,5.3085,0
11/09/2020,5.318638,5.3218,5.259,5.3205,5.3205,0
14/09/2020,5.3216,5.3222,5.282482,5.3162,5.3162,0
15/09/2020,5.2681,5.296,5.2193,5.2683,5.2683,0
16/09/2020,5.2746,5.2754,5.2225,5.2743,5.2743,0
17/09/2020,5.2362,5.2893,5.219995,5.236,5.236,0
18/09/2020,5.238,5.3081,5.192559,5.2378,5.2378,0
21/09/2020,5.3965,5.4947,5.385089,5.3898,5.3898,0
22/09/2020,5.413,5.4721,5.381,5.4126,5.4126,0
23/09/2020,5.4705,5.5568,5.467055,5.4699,5.4699,0
24/09/2020,5.5921,5.6212,5.5293,5.5924,5.5924,0
25/09/2020,5.5084,5.586,5.506018,5.5084,5.5084,0
28/09/2020,5.5586,5.6207,5.512735,5.5611,5.5611,0
29/09/2020,5.6601,5.6675,5.6084,5.6602,5.6602,0
30/09/2020,5.6305,5.6653,5.605298,5.6305,5.6305,0
01/10/2020,5.6093,5.6537,5.576709,5.6084,5.6084,0
02/10/2020,5.6424,5.6835,5.605516,5.642,5.642,0
05/10/2020,5.6842,5.6873,5.608517,5.6816,5.6816,0
06/10/2020,5.5734,5.5745,5.4845,5.5734,5.5734,0
07/10/2020,5.5928,5.634,5.551,5.5938,5.5938,0
08/10/2020,5.611,5.6431,5.581089,5.6113,5.6113,0
09/10/2020,5.5989,5.5998,5.5107,5.5986,5.5986,0
12/10/2020,5.5249,5.5323,5.5246,5.529,5.529,0
13/10/2020,5.53,5.6226,5.5217,5.5297,5.5297,0
14/10/2020,5.5679,5.580483,5.5331,5.5685,5.5685,0
15/10/2020,5.5907,5.644,5.588037,5.5905,5.5905,0
16/10/2020,5.6107,5.6394,5.5979,5.6112,5.6112,0
19/10/2020,5.6448,5.6459,5.568535,5.6448,5.6448,0
20/10/2020,5.6056,5.6239,5.5663,5.6056,5.6056,0
21/10/2020,5.6042,5.6255,5.571,5.6042,5.6042,0
22/10/2020,5.6071,5.6239,5.5732,5.6078,5.6078,0
23/10/2020,5.5912,5.6307,5.563704,5.5913,5.5913,0
26/10/2020,5.6182,5.6602,5.6116,5.6162,5.6162,0
27/10/2020,5.6227,5.6563,5.5994,5.6227,5.6227,0
28/10/2020,5.7051,5.7886,5.699979,5.7052,5.7052,0
29/10/2020,5.745,5.7863,5.7425,5.7449,5.7449,0
30/10/2020,5.7774,5.8035,5.735548,5.7778,5.7778,0
02/11/2020,5.7382,5.774,5.722023,5.7414,5.7414,0
03/11/2020,5.7412,5.7423,5.6506,5.7411,5.7411,0
04/11/2020,5.7554,5.7618,5.6479,5.7549,5.7549,0
05/11/2020,5.6627,5.6638,5.5393,5.663,5.663,0
06/11/2020,5.5236,5.5716,5.4526,5.5234,5.5234,0
09/11/2020,5.3646,5.3785,5.2236,5.3627,5.3627,0
10/11/2020,5.3841,5.4057,5.335909,5.3847,5.3847,0
11/11/2020,5.4138,5.4477,5.3761,5.4139,5.4139,0
12/11/2020,5.3904,5.431,5.3534,5.39,5.39,0
13/11/2020,5.455061,5.5226,5.451171,5.4567,5.4567,0
16/11/2020,5.4581,5.4581,5.3662,5.457,5.457,0
17/11/2020,5.4149,5.4198,5.337858,5.4149,5.4149,0
18/11/2020,5.3276,5.3388,5.275787,5.3272,5.3272,0
19/11/2020,5.3615,5.3713,5.295114,5.3617,5.3617,0
20/11/2020,5.3043,5.3898,5.285496,5.3045,5.3045,0
23/11/2020,5.3792,5.446,5.340487,5.3781,5.3781,0
24/11/2020,5.4394,5.4444,5.376184,5.4406,5.4406,0
25/11/2020,5.3726,5.3955,5.313,5.3726,5.3726,0
26/11/2020,5.322,5.3558,5.3043,5.3226,5.3226,0
27/11/2020,5.3353,5.3764,5.298853,5.3353,5.3353,0
30/11/2020,5.344,5.3914,5.275783,5.3425,5.3425,0
01/12/2020,5.3311,5.3597,5.2432,5.3311,5.3311,0
02/12/2020,5.2048,5.251585,5.20308,5.2049,5.2049,0
03/12/2020,5.2161,5.2268,5.118926,5.2163,5.2163,0
04/12/2020,5.1511,5.1823,5.1244,5.151,5.151,0
07/12/2020,5.1555,5.1673,5.0555,5.1544,5.1544,0
08/12/2020,5.0984,5.1244,5.0632,5.0983,5.0983,0
09/12/2020,5.1193,5.1613,5.0873,5.1197,5.1197,0
10/12/2020,5.1697,5.1701,5.0428,5.1697,5.1697,0
11/12/2020,5.024,5.0864,5.022274,5.0242,5.0242,0
14/12/2020,5.0656,5.1276,5.009974,5.0642,5.0642,0
15/12/2020,5.1178,5.1214,5.0758,5.1177,5.1177,0
16/12/2020,5.0808,5.136353,5.066868,5.078884,5.078884,0
17/12/2020,5.0824,5.0848,5.0417,5.0832,5.0832,0
18/12/2020,5.057,5.1146,5.054705,5.0569,5.0569,0
21/12/2020,5.101,5.2203,5.0977,5.1006,5.1006,0
22/12/2020,5.1218,5.1683,5.102396,5.118938,5.118938,0
23/12/2020,5.156904,5.2099,5.127974,5.156655,5.156655,0
24/12/2020,5.2155,5.2162,5.2098,5.2153,5.2153,0
25/12/2020,5.2153,5.2178,5.198794,5.2153,5.2153,0
28/12/2020,5.1754,5.3055,5.162493,5.2153,5.2153,0
29/12/2020,5.2452,5.2462,5.164862,5.2459,5.2459,0
30/12/2020,5.2086,5.230639,5.15601,5.2086,5.2086,0
31/12/2020,5.190624,5.191561,5.17247,5.190839,5.190839,0
01/01/2021,5.1921,5.199149,5.1916,5.1921,5.1921,0
04/01/2021,5.1728,5.2528,5.1164,5.1919,5.1919,0
05/01/2021,5.295,5.3503,5.2746,5.2953,5.2953,0
06/01/2021,5.2845,5.34668,5.231207,5.2841,5.2841,0
07/01/2021,5.3133,5.405568,5.2967,5.3129,5.3129,0
08/01/2021,5.4087,5.4114,5.3204,5.4088,5.4088,0
11/01/2021,5.4175,5.512,5.4146,5.412188,5.412188,0
12/01/2021,5.4883,5.4902,5.40577,5.4877,5.4877,0
13/01/2021,5.3211,5.35,5.2685,5.3214,5.3214,0
14/01/2021,5.2978,5.301479,5.2111,5.2975,5.2975,0
15/01/2021,5.1958,5.29164,5.193143,5.1958,5.1958,0
18/01/2021,5.2896,5.3206,5.235958,5.2913,5.2913,0
19/01/2021,5.295,5.3458,5.2441,5.2948,5.2948,0
20/01/2021,5.3562,5.3574,5.275,5.3567,5.3567,0
21/01/2021,5.2903,5.3969,5.233826,5.2905,5.2905,0
22/01/2021,5.3494,5.4617,5.346981,5.3495,5.3495,0
25/01/2021,5.466,5.4673,5.4633,5.4655,5.4655,0
26/01/2021,5.463792,5.4705,5.341591,5.4655,5.4655,0
27/01/2021,5.354,5.4173,5.3492,5.3538,5.3538,0
28/01/2021,5.4119,5.4541,5.388964,5.4126,5.4126,0
29/01/2021,5.437484,5.5037,5.411807,5.437989,5.437989,0
01/02/2021,5.4608,5.4825,5.417943,5.4608,5.4608,0
02/02/2021,5.4312,5.4335,5.3532,5.4305,5.4305,0
03/02/2021,5.365369,5.3905,5.3213,5.3669,5.3669,0
04/02/2021,5.350557,5.4276,5.336679,5.352,5.352,0
05/02/2021,5.4256,5.4531,5.344792,5.4257,5.4257,0
08/02/2021,5.3702,5.4161,5.3073,5.3692,5.3692,0
09/02/2021,5.3643,5.4448,5.357335,5.3643,5.3643,0
10/02/2021,5.3766,5.4321,5.3533,5.3767,5.3767,0
11/02/2021,5.3849,5.3925,5.33369,5.3849,5.3849,0
12/02/2021,5.3654,5.4076,5.357,5.3654,5.3654,0
15/02/2021,5.3688,5.3715,5.363756,5.3686,5.3686,0
16/02/2021,5.3678,5.3697,5.36508,5.368,5.368,0
17/02/2021,5.3695,5.4269,5.3644,5.3694,5.3694,0
18/02/2021,5.407808,5.4483,5.3864,5.4098,5.4098,0
19/02/2021,5.4255,5.465879,5.364963,5.4258,5.4258,0
22/02/2021,5.3818,5.528032,5.3776,5.3807,5.3807,0
23/02/2021,5.4648,5.4786,5.408785,5.4634,5.4634,0
24/02/2021,5.4395,5.447591,5.3897,5.4396,5.4396,0
25/02/2021,5.403075,5.5095,5.4018,5.402964,5.402964,0
26/02/2021,5.527746,5.5811,5.49,5.528025,5.528025,0
01/03/2021,5.6024,5.6069,5.5568,5.5976,5.5976,0
02/03/2021,5.6407,5.73,5.6372,5.6407,5.6407,0
03/03/2021,5.675,5.7691,5.668253,5.6751,5.6751,0
04/03/2021,5.616453,5.6354,5.5451,5.6175,5.6175,0
05/03/2021,5.6686,5.715438,5.6555,5.6683,5.6683,0
08/03/2021,5.691,5.757612,5.650807,5.6895,5.6895,0
09/03/2021,5.8746,5.8775,5.7995,5.8746,5.8746,0
10/03/2021,5.8012,5.8108,5.668088,5.8015,5.8015,0
11/03/2021,5.6711,5.6715,5.541,5.6711,5.6711,0
12/03/2021,5.5347,5.58089,5.5309,5.5348,5.5348,0
15/03/2021,5.495756,5.6525,5.495756,5.495156,5.495156,0
16/03/2021,5.6145,5.624927,5.5564,5.6145,5.6145,0
17/03/2021,5.623,5.6774,5.617529,5.6234,5.6234,0
18/03/2021,5.5832,5.5846,5.4761,5.5831,5.5831,0
19/03/2021,5.5587,5.5624,5.4602,5.5587,5.5587,0
22/03/2021,5.4893,5.5451,5.468639,5.493563,5.493563,0
23/03/2021,5.5053,5.544062,5.4747,5.5055,5.5055,0
24/03/2021,5.5197,5.5657,5.491139,5.5204,5.5204,0
25/03/2021,5.6197,5.6775,5.616953,5.6196,5.6196,0
26/03/2021,5.6488,5.716139,5.625531,5.6484,5.6484,0
29/03/2021,5.7525,5.8028,5.75,5.7524,5.7524,0
30/03/2021,5.7811,5.7986,5.732072,5.7808,5.7808,0
31/03/2021,5.7713,5.7727,5.6362,5.7716,5.7716,0
01/04/2021,5.6317,5.7057,5.6081,5.6313,5.6313,0
02/04/2021,5.7074,5.7098,5.7065,5.7074,5.7074,0
05/04/2021,5.7106,5.7109,5.6324,5.7106,5.7106,0
06/04/2021,5.6627,5.671903,5.599271,5.6627,5.6627,0
07/04/2021,5.5932,5.6149,5.5474,5.5932,5.5932,0
08/04/2021,5.612,5.6134,5.5646,5.6121,5.6121,0
09/04/2021,5.5668,5.6695,5.543353,5.5666,5.5666,0
12/04/2021,5.677,5.6999,5.6306,5.6793,5.6793,0
13/04/2021,5.7321,5.7533,5.6627,5.7322,5.7322,0
14/04/2021,5.7162,5.7311,5.662968,5.7163,5.7163,0
15/04/2021,5.6524,5.6566,5.5963,5.6529,5.6529,0
16/04/2021,5.613008,5.6748,5.5952,5.615,5.615,0
19/04/2021,5.587,5.6185,5.538676,5.5858,5.5858,0
20/04/2021,5.5444,5.5837,5.501899,5.5453,5.5453,0
21/04/2021,5.568,5.5698,5.54857,5.5679,5.5679,0
22/04/2021,5.568,5.5689,5.48016,5.5679,5.5679,0
23/04/2021,5.4433,5.5197,5.4242,5.4432,5.4432,0
26/04/2021,5.4771,5.4865,5.4376,5.4772,5.4772,0
27/04/2021,5.4351,5.4614,5.415767,5.4353,5.4353,0
28/04/2021,5.4509,5.4545,5.3852,5.451,5.451,0
29/04/2021,5.3414,5.377,5.338385,5.3414,5.3414,0
30/04/2021,5.3364,5.4355,5.316004,5.3364,5.3364,0
03/05/2021,5.4397,5.4517,5.372536,5.4397,5.4397,0
04/05/2021,5.4382,5.4781,5.4314,5.4381,5.4381,0
05/05/2021,5.4434,5.4443,5.3626,5.4426,5.4426,0
06/05/2021,5.3527,5.3725,5.2571,5.3527,5.3527,0
07/05/2021,5.273467,5.2903,5.2032,5.273431,5.273431,0
10/05/2021,5.2359,5.2488,5.1984,5.2355,5.2355,0
11/05/2021,5.2226,5.279,5.205,5.2222,5.2222,0
12/05/2021,5.2213,5.2669,5.21,5.2212,5.2212,0
13/05/2021,5.300813,5.3192,5.2516,5.3031,5.3031,0
14/05/2021,5.3074,5.3084,5.2505,5.3077,5.3077,0
17/05/2021,5.2696,5.3179,5.24997,5.2695,5.2695,0
18/05/2021,5.2717,5.2786,5.229191,5.2715,5.2715,0
19/05/2021,5.2596,5.3034,5.257332,5.2595,5.2595,0
20/05/2021,5.3084,5.3099,5.2753,5.308,5.308,0
21/05/2021,5.2814,5.3272,5.271,5.2813,5.2813,0
24/05/2021,5.3628,5.3663,5.3111,5.3618,5.3618,0
25/05/2021,5.3186,5.3205,5.2932,5.3185,5.3185,0
26/05/2021,5.3304,5.3394,5.2862,5.3307,5.3307,0
27/05/2021,5.3105,5.3122,5.25845,5.3105,5.3105,0
28/05/2021,5.2381,5.258425,5.217302,5.2382,5.2382,0
31/05/2021,5.2379,5.258302,5.1976,5.238,5.238,0
01/06/2021,5.2168,5.22,5.145081,5.2166,5.2166,0
02/06/2021,5.15,5.1718,5.0666,5.1497,5.1497,0
03/06/2021,5.0745,5.078,5.072352,5.0745,5.0745,0
04/06/2021,5.0766,5.1076,5.0537,5.0763,5.0763,0
07/06/2021,5.0447,5.0661,5.0183,5.0446,5.0446,0
08/06/2021,5.043358,5.0663,5.0199,5.0452,5.0452,0
09/06/2021,5.0352,5.0667,5.0183,5.0349,5.0349,0
10/06/2021,5.059751,5.0777,5.030888,5.0615,5.0615,0
11/06/2021,5.0545,5.1364,5.038696,5.0545,5.0545,0
14/06/2021,5.1169,5.1175,5.0542,5.117,5.117,0
15/06/2021,5.0588,5.1011,5.05622,5.0586,5.0586,0
16/06/2021,5.043097,5.049556,4.991703,5.0438,5.0438,0
17/06/2021,5.0541,5.0725,5.0078,5.0543,5.0543,0
18/06/2021,5.0073,5.0542,4.980168,5.0074,5.0074,0
21/06/2021,5.0959,5.096,5.0274,5.096,5.096,0
22/06/2021,5.0129,5.0425,4.9948,5.0131,5.0131,0
23/06/2021,4.956147,4.9771,4.9376,4.9571,4.9571,0
24/06/2021,4.9652,4.9706,4.9144,4.9652,4.9652,0
25/06/2021,4.9129,4.9436,4.893,4.9127,4.9127,0
28/06/2021,4.9146,4.9697,4.897337,4.9154,4.9154,0
29/06/2021,4.9245,4.9679,4.922471,4.9248,4.9248,0
30/06/2021,4.95318,5.0203,4.952957,4.9551,4.9551,0
01/07/2021,4.9691,5.046,4.9455,4.9692,4.9692,0
02/07/2021,5.045175,5.0704,4.9856,5.045102,5.045102,0
05/07/2021,5.0591,5.0901,5.013576,5.0592,5.0592,0
06/07/2021,5.08878,5.2001,5.0758,5.088459,5.088459,0
07/07/2021,5.193614,5.2791,5.1709,5.1953,5.1953,0
08/07/2021,5.228895,5.309,5.228037,5.2312,5.2312,0
09/07/2021,5.2582,5.2591,5.237449,5.258,5.258,0
12/07/2021,5.1962,5.2807,5.153448,5.2579,5.2579,0
13/07/2021,5.1728,5.238,5.150934,5.1727,5.1727,0
14/07/2021,5.1614,5.1641,5.0663,5.1624,5.1624,0
15/07/2021,5.0703,5.1216,5.055826,5.0699,5.0699,0
16/07/2021,5.1103,5.1239,5.0749,5.11,5.11,0
19/07/2021,5.1153,5.2153,5.111008,5.1154,5.1154,0
20/07/2021,5.2505,5.2915,5.2067,5.2509,5.2509,0
21/07/2021,5.2194,5.2752,5.217897,5.2199,5.2199,0
22/07/2021,5.185374,5.2214,5.16878,5.1873,5.1873,0
23/07/2021,5.1998,5.2016,5.1577,5.1996,5.1996,0
26/07/2021,5.198,5.2276,5.1629,5.1979,5.1979,0
27/07/2021,5.1754,5.2019,5.1476,5.1754,5.1754,0
28/07/2021,5.1686,5.171,5.128564,5.1691,5.1691,0
29/07/2021,5.1148,5.1159,5.042597,5.1148,5.1148,0
30/07/2021,5.0803,5.1522,5.0758,5.0804,5.0804,0
02/08/2021,5.2086,5.2143,5.1156,5.2087,5.2087,0
03/08/2021,5.1746,5.2712,5.1692,5.1746,5.1746,0
04/08/2021,5.1967,5.2413,5.164047,5.1968,5.1968,0
05/08/2021,5.1681,5.1758,5.11,5.1682,5.1682,0
06/08/2021,5.2452,5.270963,5.2067,5.2452,5.2452,0
09/08/2021,5.2355,5.2965,5.2266,5.232,5.232,0
10/08/2021,5.2316,5.2598,5.1905,5.2318,5.2318,0
11/08/2021,5.1886,5.2315,5.159,5.1883,5.1883,0
12/08/2021,5.2182,5.2537,5.2128,5.2182,5.2182,0
13/08/2021,5.2523,5.2777,5.223206,5.2522,5.2522,0
16/08/2021,5.2475,5.2901,5.2241,5.2475,5.2475,0
17/08/2021,5.2596,5.294,5.235045,5.2597,5.2597,0
18/08/2021,5.2943,5.3525,5.2627,5.2943,5.2943,0
19/08/2021,5.3787,5.4496,5.376155,5.3786,5.3786,0
20/08/2021,5.4143,5.4718,5.34,5.4141,5.4141,0
23/08/2021,5.384409,5.4043,5.339,5.379,5.379,0
24/08/2021,5.3801,5.3814,5.2563,5.3799,5.3799,0
25/08/2021,5.2459,5.2667,5.2263,5.2458,5.2458,0
26/08/2021,5.211,5.2561,5.207356,5.211,5.211,0
27/08/2021,5.2518,5.2585,5.1897,5.2516,5.2516,0
30/08/2021,5.203,5.2223,5.182,5.2028,5.2028,0
31/08/2021,5.1832,5.1925,5.1158,5.1829,5.1829,0
01/09/2021,5.147381,5.1853,5.1414,5.1493,5.1493,0
02/09/2021,5.1852,5.1971,5.1412,5.1846,5.1846,0
03/09/2021,5.1819,5.1892,5.1311,5.1818,5.1818,0
06/09/2021,5.1925,5.2087,5.1547,5.1898,5.1898,0
07/09/2021,5.1691,5.1699,5.166947,5.1693,5.1693,0
08/09/2021,5.1688,5.3068,5.166941,5.1696,5.1696,0
09/09/2021,5.3207,5.3309,5.2609,5.3206,5.3206,0
10/09/2021,5.1967,5.2357,5.163162,5.1965,5.1965,0
13/09/2021,5.2469,5.2644,5.201,5.247,5.247,0
14/09/2021,5.213,5.2488,5.192441,5.2132,5.2132,0
15/09/2021,5.2386,5.2694,5.192595,5.2389,5.2389,0
16/09/2021,5.2217,5.2766,5.219645,5.2217,5.2217,0
17/09/2021,5.2568,5.3448,5.252091,5.2568,5.2568,0
20/09/2021,5.2896,5.3437,5.281905,5.2897,5.2897,0
21/09/2021,5.3234,5.3328,5.286,5.3232,5.3232,0
22/09/2021,5.2692,5.2896,5.248199,5.2689,5.2689,0
23/09/2021,5.2878,5.3075,5.2576,5.2877,5.2877,0
24/09/2021,5.3023,5.3522,5.254443,5.3019,5.3019,0
27/09/2021,5.3369,5.3623,5.3081,5.337,5.337,0
28/09/2021,5.3904,5.4393,5.386203,5.3904,5.3904,0
29/09/2021,5.4275,5.4413,5.393283,5.4276,5.4276,0
30/09/2021,5.4142,5.455032,5.3678,5.4143,5.4143,0
01/10/2021,5.4417,5.4429,5.3618,5.4417,5.4417,0
04/10/2021,5.3678,5.4402,5.36,5.3679,5.3679,0
05/10/2021,5.4533,5.472,5.425,5.4532,5.4532,0
06/10/2021,5.4754,5.5209,5.452891,5.4755,5.4755,0
07/10/2021,5.4923,5.5252,5.4669,5.4919,5.4919,0
08/10/2021,5.517,5.5275,5.4818,5.517,5.517,0
11/10/2021,5.5102,5.5253,5.4947,5.5069,5.5069,0
12/10/2021,5.5354,5.5363,5.5253,5.536,5.536,0
13/10/2021,5.5317,5.5608,5.508,5.5315,5.5315,0
14/10/2021,5.5125,5.5249,5.4687,5.5125,5.5125,0
15/10/2021,5.5122,5.5144,5.4328,5.5122,5.5122,0
18/10/2021,5.4584,5.5398,5.45413,5.4584,5.4584,0
19/10/2021,5.5113,5.5706,5.508457,5.5113,5.5113,0
20/10/2021,5.5838,5.5917,5.534639,5.5833,5.5833,0
21/10/2021,5.5964,5.671117,5.593996,5.5963,5.5963,0
22/10/2021,5.6577,5.7522,5.655505,5.6578,5.6578,0
25/10/2021,5.6492,5.6507,5.5802,5.6492,5.6492,0
26/10/2021,5.5537,5.5884,5.54736,5.5544,5.5544,0
27/10/2021,5.5655,5.5888,5.5376,5.5648,5.5648,0
28/10/2021,5.5351,5.6328,5.532808,5.535,5.535,0
29/10/2021,5.6449,5.659,5.6147,5.6449,5.6449,0
01/11/2021,5.6355,5.6862,5.619,5.6337,5.6337,0
02/11/2021,5.6788,5.6798,5.661,5.6789,5.6789,0
03/11/2021,5.6787,5.6957,5.61317,5.6786,5.6786,0
04/11/2021,5.5518,5.6157,5.549321,5.5524,5.5524,0
05/11/2021,5.59964,5.6042,5.5226,5.6017,5.6017,0
08/11/2021,5.5386,5.593,5.5386,5.5411,5.5411,0
09/11/2021,5.543,5.5452,5.4725,5.5431,5.5431,0
10/11/2021,5.4791,5.500208,5.434157,5.4791,5.4791,0
11/11/2021,5.4903,5.4944,5.3916,5.4899,5.4899,0
12/11/2021,5.3979,5.4397,5.3948,5.398,5.398,0
15/11/2021,5.456,5.4578,5.452592,5.4576,5.4576,0
16/11/2021,5.4562,5.505,5.4292,5.4563,5.4563,0
17/11/2021,5.502,5.5155,5.4667,5.5022,5.5022,0
18/11/2021,5.5287,5.5646,5.475345,5.5287,5.5287,0
19/11/2021,5.5561,5.5754,5.5217,5.5564,5.5564,0
22/11/2021,5.6072,5.6144,5.5633,5.6116,5.6116,0
23/11/2021,5.5858,5.6601,5.565159,5.5856,5.5856,0
24/11/2021,5.571,5.6203,5.5556,5.5704,5.5704,0
25/11/2021,5.605,5.6063,5.546894,5.6052,5.6052,0
26/11/2021,5.5655,5.640082,5.563051,5.5651,5.5651,0
29/11/2021,5.5569,5.6351,5.5569,5.6078,5.6078,0
30/11/2021,5.598604,5.6646,5.578417,5.6007,5.6007,0
01/12/2021,5.620926,5.6369,5.5847,5.620871,5.620871,0
02/12/2021,5.692401,5.6943,5.6144,5.691567,5.691567,0
03/12/2021,5.643322,5.6786,5.6012,5.643322,5.643322,0
06/12/2021,5.6521,5.6977,5.636,5.650099,5.650099,0
07/12/2021,5.688,5.6898,5.6242,5.688,5.688,0
08/12/2021,5.6128,5.6329,5.525447,5.6118,5.6118,0
09/12/2021,5.5315,5.5843,5.5153,5.5316,5.5316,0
10/12/2021,5.5711,5.6315,5.5545,5.5711,5.5711,0
13/12/2021,5.608661,5.6743,5.6007,5.608661,5.608661,0
14/12/2021,5.6804,5.6814,5.618,5.6797,5.6797,0
15/12/2021,5.6807,5.7257,5.6585,5.6806,5.6806,0
16/12/2021,5.6793,5.7212,5.6557,5.6794,5.6794,0
17/12/2021,5.6873,5.7118,5.646862,5.6874,5.6874,0
20/12/2021,5.6914,5.7299,5.6887,5.69306,5.69306,0
21/12/2021,5.741,5.7519,5.7113,5.7413,5.7413,0
22/12/2021,5.7441,5.7453,5.6985,5.744,5.744,0
23/12/2021,5.6529,5.7161,5.627,5.653,5.653,0
24/12/2021,5.6739,5.6847,5.6703,5.671796,5.671796,0
27/12/2021,5.635,5.7047,5.6346,5.6711,5.6711,0
28/12/2021,5.6239,5.6595,5.604818,5.6241,5.6241,0
29/12/2021,5.6273,5.6916,5.624803,5.6275,5.6275,0
30/12/2021,5.7021,5.7028,5.5503,5.7027,5.7027,0
31/12/2021,5.5698,5.5906,5.566143,5.5702,5.5702,0
03/01/2022,5.4606,5.6707,5.4606,5.5693,5.5693,0
04/01/2022,5.6809,5.7076,5.6389,5.6812,5.6812,0
05/01/2022,5.676,5.6916,5.6418,5.6762,5.6762,0
06/01/2022,5.7077,5.7218,5.6828,5.705635,5.705635,0
07/01/2022,5.680289,5.7069,5.6199,5.6824,5.6824,0
10/01/2022,5.632,5.6895,5.6246,5.6322,5.6322,0
11/01/2022,5.6621,5.673,5.581573,5.6622,5.6622,0
12/01/2022,5.5684,5.5988,5.545577,5.5673,5.5673,0
13/01/2022,5.5331,5.558,5.497654,5.5332,5.5332,0
14/01/2022,5.5275,5.5505,5.523507,5.5267,5.5267,0
17/01/2022,5.5319,5.5341,5.4937,5.5333,5.5333,0
18/01/2022,5.5158,5.5465,5.5048,5.5158,5.5158,0
19/01/2022,5.5655,5.5663,5.459912,5.5657,5.5657,0
20/01/2022,5.4372,5.4568,5.3997,5.4372,5.4372,0
21/01/2022,5.415809,5.4735,5.4041,5.4181,5.4181,0
24/01/2022,5.4558,5.5171,5.448961,5.4571,5.4571,0
25/01/2022,5.4861,5.5177,5.4654,5.4861,5.4861,0
26/01/2022,5.440295,5.454,5.412,5.440704,5.440704,0
27/01/2022,5.429167,5.4321,5.3528,5.429167,5.429167,0
28/01/2022,5.403456,5.4242,5.3752,5.403485,5.403485,0
31/01/2022,5.3655,5.3958,5.282676,5.3626,5.3626,0
01/02/2022,5.3031,5.313705,5.2714,5.3031,5.3031,0
02/02/2022,5.2647,5.3119,5.255267,5.2645,5.2645,0
03/02/2022,5.2615,5.3196,5.25824,5.2609,5.2609,0
04/02/2022,5.2828,5.3486,5.2775,5.2829,5.2829,0
07/02/2022,5.3262,5.343,5.2768,5.3269,5.3269,0
08/02/2022,5.2628,5.2849,5.251,5.2626,5.2626,0
09/02/2022,5.256489,5.288,5.232774,5.2584,5.2584,0
10/02/2022,5.231429,5.2446,5.17,5.2345,5.2345,0
11/02/2022,5.2486,5.2512,5.1828,5.2487,5.2487,0
14/02/2022,5.2505,5.2633,5.1953,5.249956,5.249956,0
15/02/2022,5.2137,5.2199,5.166288,5.214,5.214,0
16/02/2022,5.158,5.184725,5.1438,5.1579,5.1579,0
17/02/2022,5.133567,5.18,5.121471,5.1358,5.1358,0
18/02/2022,5.168756,5.1751,5.1169,5.1706,5.1706,0
21/02/2022,5.1364,5.1499,5.0748,5.1375,5.1375,0
22/02/2022,5.1023,5.1066,5.046696,5.1027,5.1027,0
23/02/2022,5.0572,5.0606,4.9965,5.0571,5.0571,0
24/02/2022,5.006725,5.1466,5,5.0087,5.0087,0
25/02/2022,5.12052,5.1662,5.076349,5.1222,5.1222,0
28/02/2022,5.166,5.1665,5.1513,5.1594,5.1594,0
01/03/2022,5.1589,5.1599,5.154538,5.1584,5.1584,0
02/03/2022,5.1599,5.2124,5.1464,5.159,5.159,0
03/03/2022,5.0987,5.1076,5.0186,5.096503,5.096503,0
04/03/2022,5.031,5.0979,5.026275,5.0309,5.0309,0
07/03/2022,5.0589,5.088916,5.0262,5.06056,5.06056,0
08/03/2022,5.1101,5.11183,5.060375,5.1105,5.1105,0
09/03/2022,5.059,5.06,4.9838,5.0588,5.0588,0
10/03/2022,5.0111,5.0733,5.000905,5.0115,5.0115,0
11/03/2022,5.0102,5.053,4.9833,5.0097,5.0097,0
14/03/2022,5.0731,5.0838,5.037,5.0735,5.0735,0
15/03/2022,5.1217,5.1495,5.089902,5.1214,5.1214,0
16/03/2022,5.1632,5.1637,5.095,5.1632,5.1632,0
17/03/2022,5.076,5.1043,5.0401,5.073875,5.073875,0
18/03/2022,5.036666,5.0719,5.00842,5.0394,5.0394,0
21/03/2022,5.0178,5.0251,4.928282,5.0178,5.0178,0
22/03/2022,4.933,4.9489,4.903,4.9352,4.9352,0
23/03/2022,4.91,4.912,4.843,4.91,4.91,0
24/03/2022,4.8242,4.83757,4.763647,4.8242,4.8242,0
25/03/2022,4.8261,4.8285,4.7462,4.8263,4.8263,0
28/03/2022,4.7369,4.8158,4.730483,4.7369,4.7369,0
29/03/2022,4.7641,4.7711,4.714928,4.7641,4.7641,0
30/03/2022,4.7562,4.7863,4.7267,4.7562,4.7562,0
31/03/2022,4.7697,4.7908,4.723229,4.7697,4.7697,0
01/04/2022,4.7378,4.7396,4.689045,4.7378,4.7378,0
04/04/2022,4.6572,4.6701,4.604057,4.6572,4.6572,0
05/04/2022,4.5938,4.6691,4.5755,4.5938,4.5938,0
06/04/2022,4.6507,4.7126,4.6479,4.6507,4.6507,0
07/04/2022,4.7152,4.7699,4.6904,4.7152,4.7152,0
08/04/2022,4.7521,4.7913,4.707518,4.7521,4.7521,0
11/04/2022,4.698,4.7326,4.684016,4.6981,4.6981,0
12/04/2022,4.6936,4.6971,4.6215,4.6936,4.6936,0
13/04/2022,4.6731,4.7023,4.6532,4.6731,4.6731,0
14/04/2022,4.6902,4.7381,4.669788,4.6902,4.6902,0
15/04/2022,4.701,4.71,4.6965,4.701,4.701,0
18/04/2022,4.7006,4.7049,4.6593,4.7006,4.7006,0
19/04/2022,4.652,4.6838,4.637,4.652,4.652,0
20/04/2022,4.665,4.6767,4.609,4.665,4.665,0
21/04/2022,4.6208,4.6216,4.606555,4.6208,4.6208,0
22/04/2022,4.6208,4.7707,4.617611,4.6208,4.6208,0
25/04/2022,4.7952,4.943,4.790587,4.7952,4.7952,0
26/04/2022,4.8762,4.9958,4.873625,4.8762,4.8762,0
27/04/2022,4.9978,5.0364,4.97744,4.9978,4.9978,0
28/04/2022,4.9636,5.0409,4.960196,4.9636,4.9636,0
29/04/2022,4.9378,4.9548,4.858228,4.9378,4.9378,0
02/05/2022,4.9713,5.0402,4.9671,4.9713,4.9713,0
03/05/2022,5.0847,5.0858,4.9926,5.0847,5.0847,0
04/05/2022,4.9581,5.0285,4.954729,4.9581,4.9581,0
05/05/2022,4.9188,5.0528,4.903801,4.9188,4.9188,0
06/05/2022,5.028,5.1114,5.0091,5.028,5.028,0
09/05/2022,5.0804,5.148389,5.074281,5.0804,5.0804,0
10/05/2022,5.1609,5.1622,5.111,5.1609,5.1609,0
11/05/2022,5.1313,5.1651,5.091936,5.1313,5.1313,0
12/05/2022,5.134252,5.2075,5.1068,5.134252,5.134252,0
13/05/2022,5.1334,5.1459,5.0685,5.1334,5.1334,0
16/05/2022,5.0583,5.1017,5.0319,5.0583,5.0583,0
17/05/2022,5.0597,5.0606,4.9491,5.0597,5.0597,0
18/05/2022,4.9381,4.9781,4.915875,4.9381,4.9381,0
19/05/2022,4.9675,4.9703,4.8933,4.9675,4.9675,0
20/05/2022,4.93,4.9312,4.852,4.93,4.93,0
23/05/2022,4.8802,4.8802,4.7893,4.8802,4.8802,0
24/05/2022,4.8135,4.851,4.774023,4.8135,4.8135,0
25/05/2022,4.8178,4.8588,4.814712,4.8178,4.8178,0
26/05/2022,4.8228,4.8409,4.7765,4.8228,4.8228,0
27/05/2022,4.7682,4.7779,4.713917,4.7682,4.7682,0
30/05/2022,4.7296,4.7416,4.6906,4.7296,4.7296,0
31/05/2022,4.7524,4.774024,4.6969,4.7524,4.7524,0
01/06/2022,4.7304,4.8068,4.7215,4.7304,4.7304,0
02/06/2022,4.8155,4.8166,4.7736,4.8155,4.8155,0
03/06/2022,4.7957,4.8284,4.765131,4.7957,4.7957,0
06/06/2022,4.775,4.8027,4.745628,4.775,4.775,0
07/06/2022,4.7942,4.9264,4.7898,4.7942,4.7942,0
08/06/2022,4.867526,4.9043,4.8425,4.867526,4.867526,0
09/06/2022,4.8981,4.9156,4.865091,4.8981,4.8981,0
10/06/2022,4.9033,5.0086,4.883527,4.9033,4.9033,0
13/06/2022,4.984,5.1348,4.9839,4.984,4.984,0
14/06/2022,5.1134,5.1343,5.0835,5.1134,5.1134,0
15/06/2022,5.1161,5.1311,5.082382,5.1161,5.1161,0
16/06/2022,5.052,5.0539,5.046274,5.052,5.052,0
17/06/2022,5.0522,5.1465,5.04912,5.0522,5.0522,0
20/06/2022,5.1521,5.1866,5.135865,5.1521,5.1521,0
21/06/2022,5.1872,5.189,5.1175,5.1872,5.1872,0
22/06/2022,5.1228,5.1786,5.120937,5.1228,5.1228,0
23/06/2022,5.1936,5.212,5.165558,5.1936,5.1936,0
24/06/2022,5.238,5.2734,5.202,5.238,5.238,0
27/06/2022,5.2414,5.2732,5.2009,5.2414,5.2414,0
28/06/2022,5.2368,5.2601,5.186483,5.2368,5.2368,0
29/06/2022,5.2666,5.2724,5.2084,5.2666,5.2666,0
30/06/2022,5.1809,5.2688,5.177619,5.1809,5.1809,0
01/07/2022,5.252,5.3354,5.249412,5.252,5.252,0
04/07/2022,5.331,5.3314,5.2871,5.331,5.331,0
05/07/2022,5.3283,5.4013,5.304464,5.3283,5.3283,0
06/07/2022,5.3852,5.4597,5.381861,5.3852,5.3852,0
07/07/2022,5.428,5.4295,5.329027,5.428,5.428,0
08/07/2022,5.3382,5.3632,5.2778,5.3382,5.3382,0
11/07/2022,5.254,5.359,5.250876,5.254,5.254,0
12/07/2022,5.3772,5.427,5.3715,5.3772,5.3772,0
13/07/2022,5.4365,5.4625,5.36211,5.4365,5.4365,0
14/07/2022,5.3909,5.4866,5.388757,5.3909,5.3909,0
15/07/2022,5.4228,5.4461,5.3752,5.4228,5.4228,0
18/07/2022,5.4101,5.4106,5.350735,5.4101,5.4101,0
19/07/2022,5.4368,5.4385,5.3713,5.4368,5.4368,0
20/07/2022,5.4131,5.448,5.38405,5.4131,5.4131,0
21/07/2022,5.4702,5.5023,5.4312,5.4702,5.4702,0
22/07/2022,5.4978,5.5015,5.4353,5.4978,5.4978,0
25/07/2022,5.4967,5.4996,5.3992,5.4967,5.4967,0
26/07/2022,5.3563,5.3897,5.3316,5.3563,5.3563,0
27/07/2022,5.3501,5.351,5.291,5.3501,5.3501,0
28/07/2022,5.243,5.269,5.1742,5.243,5.243,0
29/07/2022,5.1827,5.218888,5.1484,5.1827,5.1827,0
01/08/2022,5.1712,5.1926,5.12705,5.1712,5.1712,0
02/08/2022,5.184,5.2442,5.157262,5.184,5.184,0
03/08/2022,5.2777,5.313,5.2462,5.2777,5.2777,0
04/08/2022,5.2827,5.292,5.211857,5.2827,5.2827,0
05/08/2022,5.2111,5.270994,5.181602,5.2111,5.2111,0
08/08/2022,5.1646,5.1663,5.1021,5.1646,5.1646,0
09/08/2022,5.1101,5.1467,5.0931,5.1101,5.1101,0
10/08/2022,5.1237,5.1277,5.0355,5.1237,5.1237,0
11/08/2022,5.0937,5.1554,5.0565,5.0937,5.0937,0
12/08/2022,5.157,5.1609,5.0828,5.157,5.157,0
15/08/2022,5.0749,5.1363,5.067652,5.0749,5.0749,0
16/08/2022,5.0956,5.1491,5.075443,5.0956,5.0956,0
17/08/2022,5.141739,5.2113,5.141095,5.141739,5.141739,0
18/08/2022,5.165,5.197,5.1296,5.165,5.165,0
19/08/2022,5.167,5.217,5.164235,5.167,5.167,0
22/08/2022,5.1684,5.2021,5.1618,5.1684,5.1684,0
23/08/2022,5.1561,5.1571,5.0713,5.1561,5.1561,0
24/08/2022,5.1035,5.1203,5.077318,5.1035,5.1035,0
25/08/2022,5.1101,5.1397,5.081051,5.1101,5.1101,0
26/08/2022,5.1087,5.1137,5.064,5.1087,5.1087,0
29/08/2022,5.0625,5.0778,5.0241,5.0625,5.0625,0
30/08/2022,5.0272,5.0765,4.998009,5.0272,5.0272,0
31/08/2022,5.1219,5.1968,5.093873,5.1219,5.1219,0
01/09/2022,5.1817,5.2323,5.144,5.1817,5.1817,0
02/09/2022,5.2404,5.248076,5.1703,5.2404,5.2404,0
05/09/2022,5.171,5.1874,5.140804,5.171,5.171,0
06/09/2022,5.1539,5.2374,5.123166,5.1539,5.1539,0
07/09/2022,5.2472,5.2487,5.243601,5.2472,5.2472,0
08/09/2022,5.2467,5.2492,5.186014,5.2467,5.2467,0
09/09/2022,5.2133,5.2143,5.1401,5.2133,5.2133,0
12/09/2022,5.1463,5.1477,5.103637,5.1463,5.1463,0
13/09/2022,5.092,5.2019,5.066973,5.092,5.092,0
14/09/2022,5.1898,5.1956,5.151944,5.1898,5.1898,0
15/09/2022,5.1627,5.2349,5.159892,5.1627,5.1627,0
16/09/2022,5.2461,5.3076,5.242726,5.2461,5.2461,0
19/09/2022,5.2507,5.298,5.1743,5.2507,5.2507,0
20/09/2022,5.1709,5.2194,5.145422,5.1709,5.1709,0
21/09/2022,5.1415,5.184,5.120462,5.1415,5.1415,0
22/09/2022,5.1704,5.183,5.11838,5.1704,5.1704,0
23/09/2022,5.1155,5.2388,5.11268,5.1155,5.1155,0
26/09/2022,5.2588,5.3889,5.2553,5.2588,5.2588,0
27/09/2022,5.3894,5.3939,5.295532,5.3894,5.3894,0
28/09/2022,5.3781,5.414328,5.3383,5.3781,5.3781,0
29/09/2022,5.3742,5.4283,5.371357,5.3742,5.3742,0
30/09/2022,5.3962,5.422,5.375,5.3962,5.3962,0
03/10/2022,5.4143,5.4157,5.159857,5.4143,5.4143,0
04/10/2022,5.1635,5.1702,5.1089,5.1635,5.1635,0
05/10/2022,5.1758,5.2412,5.172771,5.1758,5.1758,0
06/10/2022,5.1952,5.217,5.172575,5.1952,5.1952,0
07/10/2022,5.2201,5.2489,5.1947,5.2201,5.2201,0
10/10/2022,5.1984,5.2139,5.1623,5.1984,5.1984,0
11/10/2022,5.1868,5.2249,5.15978,5.1868,5.1868,0
12/10/2022,5.2921,5.2949,5.287955,5.2921,5.2921,0
13/10/2022,5.2915,5.3785,5.251726,5.2915,5.2915,0
14/10/2022,5.2598,5.3086,5.237908,5.2598,5.2598,0
17/10/2022,5.3274,5.3301,5.253187,5.3274,5.3274,0
18/10/2022,5.277359,5.2953,5.2414,5.277359,5.277359,0
19/10/2022,5.2398,5.2951,5.23344,5.2398,5.2398,0
20/10/2022,5.2692,5.2728,5.1932,5.2692,5.2692,0
21/10/2022,5.2166,5.2727,5.169708,5.2166,5.2166,0
24/10/2022,5.1634,5.2994,5.1599,5.1634,5.1634,0
25/10/2022,5.3062,5.3526,5.2806,5.3062,5.3062,0
26/10/2022,5.3152,5.3357,5.2817,5.3152,5.3152,0
27/10/2022,5.3839,5.3852,5.278,5.3839,5.3839,0
28/10/2022,5.3392,5.371656,5.3263,5.3392,5.3392,0
31/10/2022,5.2885,5.399843,5.2101,5.2885,5.2885,0
01/11/2022,5.1788,5.1973,5.1015,5.1788,5.1788,0
02/11/2022,5.1424,5.144,5.139265,5.1424,5.1424,0
03/11/2022,5.1426,5.217329,5.0853,5.1426,5.1426,0
04/11/2022,5.1149,5.117297,5.0229,5.1149,5.1149,0
07/11/2022,5.078132,5.1268,4.997542,5.078132,5.078132,0
08/11/2022,5.153327,5.2445,5.114,5.153327,5.153327,0
09/11/2022,5.143,5.192,5.098263,5.143,5.143,0
10/11/2022,5.1852,5.3575,5.182015,5.1852,5.1852,0
11/11/2022,5.34158,5.4009,5.2451,5.34158,5.34158,0
14/11/2022,5.279059,5.3471,5.263,5.279059,5.279059,0
15/11/2022,5.3132,5.3321,5.3132,5.3321,5.3321,0
